"","SOX17","TMPRSS4","EGF","TMPRSS11D","PLPP4","HMGB3P6","PSMD10P2","GSDMC","CD5L","RPTN","PLA2G1B","EIF4G1","LINC01994","GABRG2","CDT1","VIL1","FOXG1","IQANK1","GYPE","FANCI","VEPH1","PCAT6","CYCSP6","SP8","SLC9A2","LINC02163","DNASE2B","OR7E47P","HELLS","LINC02306","CHRDL1","RNF222","VCAN","LINC00668","PPFIA4","MAGEC2","PLUT","OR10Q1","MT1M","MIR205HG","LINC02830","KCNK2","CABP5","PLXNB3","PES1P1","LARGE2","C1orf158","OR8I2","AGRP","LINP1","CRB3P1","SALL4","CBLN2","CA6","IGF2BP3","UGT1A7","BPIFB2","OR7E36P","H2BC9","LINC02555","CSTL1","NLGN1","AK4P3","FAM25A","NAA11","CNTNAP4","PCNPP3","GCGR","LINC00640","C8B","PRSS56","DCAF8L1","LINC00940","KRT75","ONECUT3","NDNF","LINC00887","KRT17P1","LINC01412","PARPBP","CT55","BMP7","SPRR2B","UCN2","SBSN","CD93","KRTDAP","SPRR4","LY6G6C","C4BPA","SKA1","HROB","COL17A1","TFAP2A","FAM83A","GPM6A","SFTPA1","LDB2","AQP4","ISM2","HJURP","CEP55","ATF7IP","EWSAT1","DMRT1","CCDC121P1","LINC01956","FGF4","NRSN1","KCNV1","GNG4","OTOP2","SLC6A5","LINC01639","GKN2","CENPI","DSEL","PRORY","RPL26P13","KLK12","DMRT3","COL9A3","JPH3","AQP1","SCUBE1","ACP7","ASCL4","status"
"TCGA.66.2800.01A",6.49185309632967,15.0903605683403,9.18487534290828,10.4136279290242,8.09803208296053,3.32192809488736,6.6724253419715,10.2992080183873,4.58496250072116,9.77478705960117,7.97727992349992,16.1630599623942,3,5.75488750216347,11.5449644327892,6.55458885167764,1,13.1714895770657,5.24792751344359,12.6586577921261,9.48381577726426,10.0443941193585,8.70043971814109,8.4262647547021,11.0768155970508,5.24792751344359,6.7279204545632,7.85798099512757,11.1072170755914,2.58496250072116,10.047123912114,5.58496250072116,14.1592406504117,12.0721326041672,9.37937836707126,11.9008668079807,1,1,7.4757334309664,11.4522412404308,4.70043971814109,7.18982455888002,2.58496250072116,9.86108690599539,3,12.61194694182,5.39231742277876,1,6.08746284125034,3.58496250072116,1,5.95419631038687,4,5.24792751344359,11.5304063370991,13.3899001727731,5.52356195605701,1,9.26209484537018,7.4093909361377,4.8073549220576,8.78135971352466,3,6.32192809488736,11.4858293087019,3,2,6.16992500144231,6.7279204545632,8.10852445677817,4.16992500144231,7.06608919045777,1,4.8073549220576,4.16992500144231,11.3586512008929,3.58496250072116,4.58496250072116,3.32192809488736,11.2573878426927,7,13.3165643853969,9.87344411251538,6.49185309632967,12.2082343583398,12.3003525603282,12.9837061926593,6.97727992349992,10.0714623625566,14.1459321458205,10.7142455176661,10.3901689562002,13.4470832262097,11.243173983473,9.61102479730735,7.93073733756289,17.9711730434145,10.652844973002,13.5223363209133,9.4262647547021,11.9233274854192,11.958552715431,12.5033288566267,4.16992500144231,4.90689059560852,2.58496250072116,4.32192809488736,1,6.90689059560852,5.39231742277876,9.68650052718322,6.6724253419715,2.58496250072116,4,8.34872815423108,9.51175265376738,9.49585502688717,1,3.8073549220576,9.83605035505807,9.09803208296053,7.95419631038687,4.90689059560852,14.9156926826154,7.91886323727459,11.8033239190415,4.32192809488736,"0"
"TCGA.63.A5MJ.01A",7.97727992349992,15.1067265020392,9.71080643369935,7.55458885167764,9.92777796208234,4.4594316186373,4.90689059560852,11.0512089409148,1,10.3487281542311,2,17.1465090129897,3,3.58496250072116,13.1680452682241,3,3.32192809488736,12.9563761572497,3.32192809488736,13.2149261879424,6.75488750216347,10.1085244567782,9.49585502688717,4.4594316186373,9.44708322620965,6.08746284125034,4.70043971814109,5.58496250072116,12.713386514937,2.58496250072116,7.4093909361377,5.24792751344359,14.9714537419521,11.632995197143,10.4346282276367,1,1,1,6.7279204545632,13.2839564876651,3.58496250072116,8,1,10.7364019313183,2,13.0774833568595,1,1,2,4.90689059560852,1,8.59991284218713,5,2.58496250072116,11.9240701855853,9.45532722030456,1,2,10.7764330324447,1,3,6.88264304936184,1,5.52356195605701,2,7.7279204545632,2,2.58496250072116,7.20945336562895,1,3.58496250072116,1,2,4.70043971814109,5.16992500144231,6.83289001416474,6.35755200461808,7.06608919045777,1,11.523561956057,2,14.7480879987561,9.99717948093762,7.5077946401987,12.7334390828994,13.4125698468052,13.8877917913416,9.04439411935845,9.99717948093762,2,11.5459297690855,11.6320864128352,12.604553229079,12.3370643386847,11.5028318040667,1,4.70043971814109,10.6564248632778,2,8.88264304936184,11.90989308377,12.9008668079807,13.591756076023,4.90689059560852,5.08746284125034,1,2.58496250072116,1,1,2,10.0980320829605,7.35755200461808,2.58496250072116,5.58496250072116,1,10.5507467853832,8.18982455888002,2,5.58496250072116,2,8.93073733756289,6.28540221886225,7.24792751344359,12.9657842846621,6.61470984411521,11.4157417682901,4.32192809488736,"0"
"TCGA.39.5037.01A",4.90689059560852,14.9289809406025,10.1623913287569,12.7099453802325,5.64385618977472,3.58496250072116,4.70043971814109,10.7313190310251,1,7.56985560833095,5.58496250072116,16.2251321062884,3.58496250072116,2.58496250072116,13.2422809503024,3.32192809488736,4.32192809488736,13.0320457269308,3.8073549220576,13.7257922714942,7.39231742277876,10.1922928144708,5.70043971814109,8.7279204545632,11.2203783276952,6.8073549220576,2.58496250072116,2,12.9487322398196,3,8.74146698640115,5.08746284125034,9.52356195605701,11.1318569606088,8.64385618977472,4.16992500144231,1,1,7.24792751344359,13.6082548219779,7.61470984411521,8.05528243550119,2,9.09803208296053,1,12.2401950539799,3.58496250072116,1,3,5.90689059560852,1,6.83289001416474,5.32192809488736,4.4594316186373,10.7944158663501,12.6631133084558,3,2,8.17990909001493,5.08746284125034,4.8073549220576,8.43462822763673,1,6.08746284125034,2,2,1,5.90689059560852,7.33985000288462,2,5.58496250072116,1,1,7.4594316186373,7.56985560833095,8.86418614465428,5.39231742277876,7.04439411935845,3.32192809488736,12.0168082876866,1,13.9943534368589,7.61470984411521,6.95419631038687,11.2191685204622,9.31288295528435,13.5596160858127,7.22881869049588,9.29462074889163,11.2538474849874,11.6794800995054,11.3641346550081,13.0122753448561,11.4019461239765,9.28540221886225,6.04439411935845,16.8530902100921,7.44294349584873,11.6564248632778,8.06608919045777,11.5137275959524,13.0804844570676,12.661778097772,6.4594316186373,7.93073733756289,2.58496250072116,6.88264304936184,4.58496250072116,3.8073549220576,8.29462074889163,10.1163439612375,7.78135971352466,1,2.58496250072116,6.04439411935845,9.89784545600551,10.1006623390052,1,4.8073549220576,9.3037807481771,10.0498485494506,9.02790599656988,5.64385618977472,12.4398308839814,5,10.0660891904578,5.24792751344359,"0"
"TCGA.22.5471.01A",7.75488750216347,15.1885888457073,9.48784003382305,13.1904420187828,8.78790255939143,1,6.16992500144231,10.1241213118292,3.58496250072116,8.8703647195834,4,16.5244192815448,3,3,13.1241213118292,10.0028150156071,1,12.7168194613299,5.4594316186373,12.6206780421354,7.28540221886225,7.76818432477693,8.4757334309664,7.74146698640115,10.616548843779,5.85798099512757,2.58496250072116,6.4262647547021,12.3128829552844,2.58496250072116,7.65821148275179,5.90689059560852,13.1987519651937,8.8008998999203,8.74146698640115,4.90689059560852,1,1,9.09803208296053,13.3572770746428,7.71424551766612,6.28540221886225,1,10.2900188469326,1,14.6142497276894,4.32192809488736,1,2.58496250072116,5.85798099512757,1,7.4757334309664,6.88264304936184,3,11.4083297407674,10.4491486453754,4.16992500144231,1,6.61470984411521,3,5.58496250072116,6.93073733756289,1,6.49185309632967,4.90689059560852,1,2,4.8073549220576,6.20945336562895,1,4,1,1,11.3728650601126,4.58496250072116,6.52356195605701,5.75488750216347,6.08746284125034,2,11.2467405984931,1,12.9628960053373,6.95419631038687,7.22881869049588,12.6425030287805,11.4136279290242,11.9351650496037,5.64385618977472,11.3398500028846,4.4594316186373,11.1910592145317,11.7380922596205,14.9260179563565,12.6352646565395,9.92481250360578,3.58496250072116,9.12412131182919,9.31288295528435,4.16992500144231,6.85798099512757,11.9038818457362,12.7431513941125,13.4961047793401,8.02236781302845,5.08746284125034,3.32192809488736,5.16992500144231,2,1,1,10.6183855022586,3.58496250072116,2,1,1,10.6402449362223,6.70043971814109,1,4.70043971814109,10.5774288280357,7.4093909361377,7.8703647195834,4.32192809488736,12.6847486204216,7.7279204545632,9.07681559705083,5,"0"
"TCGA.NK.A7XE.01A",5.95419631038687,13.0596824472476,9.24792751344359,6.90689059560852,5,2,2.58496250072116,10.8201789624152,1,4.16992500144231,2.58496250072116,15.3722529272807,1,1,11.0552824355012,5.32192809488736,1,11.8517490414161,1,12.7747870596012,6.52356195605701,8.40087943628219,5.75488750216347,2.58496250072116,6.61470984411521,6,1,2.58496250072116,10.8486229404293,1,6.85798099512757,3.58496250072116,10.515699838284,9.44294349584873,8.74819284958946,3.32192809488736,1,1,5.52356195605701,14.5179153929159,7.64385618977472,2.58496250072116,1,11.2021238238305,4.4594316186373,12.6926155016946,2,1,3,4.70043971814109,1,7.90689059560852,2,2,8.76155123244448,6,1,1,2,2,5,7.35755200461808,4.32192809488736,6.16992500144231,10.1699250014423,1,1,8.4178525148859,6.61470984411521,2.58496250072116,1,4,1,6.4262647547021,2.58496250072116,6.20945336562895,4.32192809488736,3.58496250072116,1,9.88569637333939,1,13.2134080408583,4.32192809488736,9.88264304936184,7.39231742277876,9.77807712953536,4,3,4.16992500144231,6.32192809488736,9.87958324961278,10.9657842846621,12.4893462407191,11.7030383889864,12.919980595049,3.8073549220576,6.83289001416474,7.16992500144231,3,5,11.1189410727235,12.3470676571659,11.9607259948391,7.06608919045777,4,1,3.8073549220576,1,1,1,6.83289001416474,1,2,1,1,9.7176764230664,2.58496250072116,1,5.8073549220576,4.4594316186373,7.4093909361377,8.07681559705083,3,9.56985560833095,4,8.93663793900257,3.58496250072116,"0"
"TCGA.66.2758.01A",5,14.991610417463,9.49585502688717,6.70043971814109,6.61470984411521,3,5.85798099512757,10.9381093262192,2,5.24792751344359,4.58496250072116,16.7744010129207,3,2,12.1541852092653,4.70043971814109,5.32192809488736,13.626393504174,3.58496250072116,13.4380120876511,7.52356195605701,9.38801728534514,8.71424551766612,5.85798099512757,9.91886323727459,7.18982455888002,4.32192809488736,6.85798099512757,11.1636496760158,2.58496250072116,9.01680828768655,3.32192809488736,13.2743781532464,11.9686667931952,10.6653359171852,8.3037807481771,1,1,5.52356195605701,14.9711842724047,2.58496250072116,8.83920378809694,1,11.843921051289,1,12.9610878899973,6.49185309632967,1,3.8073549220576,3,1,7.20945336562895,5.4594316186373,3.58496250072116,7.68650052718322,14.115693952197,7.12928301694497,3,2.58496250072116,4.32192809488736,4,8.88264304936184,2.58496250072116,2.58496250072116,1,2.58496250072116,2,5.16992500144231,6.04439411935845,4.32192809488736,4.90689059560852,1,1,3.8073549220576,4.16992500144231,9.73470962022584,3.58496250072116,2,2,11.9527412471865,1,10.6456584324087,4.4594316186373,6.49185309632967,7.79441586635011,11.602698865018,4.4594316186373,2,7.4262647547021,12.3815429511846,10.0714623625566,11.140829770773,13.9323993224338,9.6724253419715,8.44294349584873,5.24792751344359,14.9641603391003,9.19967234483636,11.5255208090951,8.04439411935845,11.6266216523584,12.1661630826461,13.6613327527952,9.98299357469431,6.97727992349992,1,3,1,2,7.4594316186373,8.63662462054365,5,3.58496250072116,1,6.75488750216347,10.6348110501717,10.7515440590891,1,6.16992500144231,3.58496250072116,10.1947568544222,7.53915881110803,6.4594316186373,13.4309751725881,8.4262647547021,11.4356702609366,3.58496250072116,"0"
"TCGA.NK.A5CT.01A",4.4594316186373,14.3255865452106,6.16992500144231,11.8917837032183,6.12928301694497,3.8073549220576,3.58496250072116,12.3706874068072,1,2.58496250072116,5.16992500144231,15.7708187245166,1,10.0279059965699,11.4726908392428,2,1,11.951284714967,3.32192809488736,12.2714630279044,6.83289001416474,9.31741261376487,6.70043971814109,6.12928301694497,9.08214904135387,5.32192809488736,2,4.16992500144231,11.8129794712515,1,3.8073549220576,5.32192809488736,10.958552715431,9.29001884693262,10.1059085085712,1,1,1,9.46352437327118,14.1088511170402,9.65105169117893,2,2,12.5347892114803,1,6.52356195605701,2.58496250072116,1,3.8073549220576,9.95419631038687,1,7.4757334309664,2,1,10.2691266791494,10.471675214392,1,2,8.94836723158468,4.4594316186373,6.61470984411521,3.8073549220576,3.58496250072116,2.58496250072116,1,2,2.58496250072116,2.58496250072116,5.58496250072116,2,7.4594316186373,1,1,3.8073549220576,6.8073549220576,7.61470984411521,7.6724253419715,7.18982455888002,1,9.08214904135387,2,4.70043971814109,2,7.71424551766612,5.64385618977472,9.96578428466209,2.58496250072116,2,6.83289001416474,9.44294349584873,10.9901039638575,10.3264294871223,16.8561823354215,13.7010898248172,16.0296754598749,3.58496250072116,15.1696901686851,8.36632221424582,10.2240016741981,3.32192809488736,11.8540891798706,12.655083445198,12.334831928118,4,1,1,1,1,1,1,11.9527412471865,4.32192809488736,1,2,4.4594316186373,9.57742882803575,11.2644426002266,1,3.32192809488736,3.8073549220576,1,3,4.4594316186373,12.4152135987653,6.04439411935845,6.52356195605701,2,"0"
"TCGA.46.6025.01A",5.52356195605701,14.9325838692893,10.0525680508042,5.8073549220576,8.83920378809694,1,7.79441586635011,11.5717526435035,1,6,3.32192809488736,18.0957060679802,2,8.4262647547021,12.5703301010308,2.58496250072116,2,13.5311377414447,3.32192809488736,13.4566110995749,6.16992500144231,9.83605035505807,4.32192809488736,4.16992500144231,4.58496250072116,6.49185309632967,2,6.93073733756289,10.7862696276485,1,6.7279204545632,4.16992500144231,14.1337844091799,4.32192809488736,9.93663793900257,1,1,2,7.02236781302845,15.5872501191222,7.61470984411521,9.93369065495223,1,12.0861362250273,1,14.9735180047037,1,1,2.58496250072116,10.8595347863827,1,8.49185309632967,11.4848228942621,4.16992500144231,12.5304063370991,6.95419631038687,2.58496250072116,1,8.24792751344359,4.4594316186373,4.90689059560852,9.24317398347295,2,3,1,1,2.58496250072116,4.8073549220576,7.7279204545632,1,4.58496250072116,1,1,8.77478705960117,8.876516946565,9.16490692667569,7.44294349584873,5.24792751344359,1,11.0209799389042,2,14.5069273753449,3.58496250072116,9.69696752623429,5.95419631038687,12.0821490413539,5.39231742277876,6.12928301694497,4.70043971814109,9.01680828768655,10.2667865406949,12.2002856052243,17.7537390673632,12.8849336479498,16.2150779148228,5.58496250072116,15.2218891614713,9.02236781302845,9.54689445988764,6.52356195605701,12.2252074369435,11.7397806097733,15.094242668809,9.85798099512757,6.4262647547021,1,1,1,2,6.97727992349992,6.12928301694497,7.08746284125034,2,1,3,9.46352437327118,11.2888660741658,2,6.20945336562895,3.8073549220576,9.50382573799575,6.39231742277876,5.32192809488736,12.6142497276894,6.55458885167764,5.52356195605701,1,"0"
"TCGA.85.8071.01A",5.32192809488736,12.6284455401372,9.59618975614441,12.5362472156881,7.44294349584873,3,4.8073549220576,10.8217739819706,1,3.58496250072116,1,15.2192441631436,4.4594316186373,1,10.5774288280357,5,2,12.7448338374995,3.58496250072116,11.8610869059954,3.32192809488736,9.18487534290828,7.8073549220576,2,4.32192809488736,6.20945336562895,1,4.32192809488736,11.7355560239115,1,2,4.58496250072116,13.1121136580979,11.6537407787066,9.73131903102506,2,1,1,3.8073549220576,12.3286749273279,2,9.68299458368168,1,11.7313190310251,1,11.8587580999354,2,1,2,5.39231742277876,1,4.4594316186373,9.23840473932508,1,11.4429434958487,7.96578428466209,11.0112272554233,1,10.5622424242211,2,1,3.8073549220576,2,2,1,3.32192809488736,1,7.24792751344359,8.39231742277876,1,1,1,2,7.6724253419715,2,4.58496250072116,2,5.85798099512757,1,9.81698362325538,1,12.3353903546939,2,7.8703647195834,8.15987133677839,8.81378119121704,5.75488750216347,1,4.4594316186373,3.58496250072116,8.92481250360578,10.1085244567782,15.1611318829843,12.2419831496943,14.4938554492408,2,6.83289001416474,7.8073549220576,2.58496250072116,8.06608919045777,11.539158811108,11.7047682393626,13.0080784108683,3.8073549220576,8.14974711950468,1,1,1,1,1,5.4594316186373,4,1,2,1,9.93957921431469,7.22881869049588,1,3.8073549220576,8.56985560833095,10.2946207488916,7.91886323727459,2.58496250072116,10.4429434958487,6.39231742277876,4.90689059560852,3.8073549220576,"0"
"TCGA.98.8021.01A",6.4262647547021,15.0260911225259,7.8703647195834,10.7813597135247,8.35755200461808,2.58496250072116,8.07681559705083,11.1085244567782,3.32192809488736,4.58496250072116,6.64385618977472,16.5895926323885,3.58496250072116,6.85798099512757,11.5410966153495,6.28540221886225,3.58496250072116,12.4262647547021,4.58496250072116,11.9410476063406,8.6724253419715,10.5468944598876,7.37503943134692,8.70043971814109,9.61838550225861,5.52356195605701,3.58496250072116,6.24792751344359,10.4093909361377,2.58496250072116,8.94251450533924,3.58496250072116,14.5641494899857,10.047123912114,9.73809225962049,3,1,1,7.12928301694497,13.3125993788626,6.58496250072116,7.53915881110803,1,11.140829770773,1,13.0461008450288,4,1,3.58496250072116,5.24792751344359,1,8.09803208296053,7.64385618977472,3,11.4706588740606,6.78135971352466,1,1,6.16992500144231,5.52356195605701,4,8.94836723158468,2,1,2.58496250072116,4.4594316186373,1,7.88264304936184,5.08746284125034,5.58496250072116,2,1,2,10.1421070573025,8.79441586635011,10.4797802640291,4.8073549220576,5.32192809488736,1,8.99435343685886,2,13.283088353024,5.85798099512757,7.18982455888002,7.37503943134692,12.1842554954053,4,3,5.24792751344359,11.7287708495427,10.0660891904578,8.72109918870719,15.4676692269546,12.2737955992143,11.471675214392,5.4594316186373,17.4209470859066,9.61470984411521,11.3049216695817,6.16992500144231,10.9454438363779,10.90989308377,13.0707918094231,4.4594316186373,5,5.08746284125034,5.58496250072116,3.32192809488736,6.49185309632967,5.4594316186373,11.6829945836817,5.24792751344359,5.4594316186373,5.39231742277876,5.8073549220576,9.33091687811462,10.0633950812885,1,5.16992500144231,4.8073549220576,8.07681559705083,9.56985560833095,9.25738784269265,13.0440525318013,7.08746284125034,8.81378119121704,4.32192809488736,"0"
"TCGA.66.2794.01A",5.85798099512757,14.4219333193101,11.1522848423066,10.5849625007212,5.8073549220576,2,4.70043971814109,8.04439411935845,3.58496250072116,7.14974711950468,4.4594316186373,16.5058425606153,3.8073549220576,1,12.6631133084558,3,1,13.3869402453243,5.08746284125034,13.1225044843139,5.70043971814109,7.04439411935845,8.71424551766612,5.16992500144231,10.047123912114,5.08746284125034,6.35755200461808,5.85798099512757,12.0014081943928,3,8.16992500144231,5.16992500144231,12.8403845507117,11.631177055704,8.01122725542325,1,1,1,7.75488750216347,11.9432473959016,1,5.70043971814109,1,9.10328780841202,1,12.1755495506362,6,1,2.58496250072116,4.4594316186373,1,5.75488750216347,2,4,11.9787104591064,12.5008418795569,10.2070143201775,2,8.96578428466209,4,5.4594316186373,9.53915881110803,1,2,1,1,2,2,7.89481776330794,3.58496250072116,2.58496250072116,1,1,6.08746284125034,2,7.4262647547021,3.32192809488736,3.32192809488736,1,11.7414669864011,1,12.7125270004398,5,6.4262647547021,7.61470984411521,11.1267044728432,6.32192809488736,3,7.79441586635011,8.78790255939143,11.5449644327892,10.9758479680068,11.7473538294781,10.3663222142458,5.70043971814109,5.4594316186373,13.6040898614692,8.6724253419715,8.58496250072116,7.78135971352466,12.0195907283579,12.357002092265,13.089781488354,6.6724253419715,6,1,1,1,1,2.58496250072116,11.4655664048094,6.28540221886225,1,1,5.52356195605701,9.36632221424582,8.69348695749932,1,3.8073549220576,7.62935662007961,11.5343028824546,7,3.58496250072116,12.3123157466901,8.03342300153745,9.53138146051631,5,"0"
"TCGA.39.5016.01A",5.90689059560852,15.4276402159943,10.3106127816595,9.51963625284321,6,2,5.75488750216347,8.21916852046216,4,6.39231742277876,4.58496250072116,17.2245481603059,5.39231742277876,1,11.5206186805563,3.32192809488736,4.58496250072116,11.9729797860663,5.70043971814109,12.8419573990995,7.10852445677817,8.32192809488736,9.31288295528435,8.39231742277876,12.3917806060132,6.95419631038687,7,4.70043971814109,11.4470832262097,1,9.96289600533726,2,12.189206834597,11.3049216695817,6.4262647547021,7.89481776330794,1,1,5.32192809488736,14.4482453883104,7.91886323727459,11.1163439612375,1,9.70735913208088,2,10.5584207132687,1,2,2.58496250072116,1,1,6.52356195605701,9.12928301694497,3.32192809488736,13.004922678569,15.4117095832414,1,2,6,3,7.08746284125034,11.9233274854192,3.32192809488736,2.58496250072116,1,2,2.58496250072116,4.16992500144231,7.4594316186373,4.70043971814109,1,1,1,9.96578428466209,2.58496250072116,6.61470984411521,3.32192809488736,3.8073549220576,3.32192809488736,11.5058115539196,1,13.1873520732005,5.8073549220576,4.90689059560852,8.16992500144231,11.1799090900149,6.6724253419715,3.58496250072116,4.16992500144231,7.68650052718322,10.7927902943011,10.8105716347411,16.0768990839315,11.4189067312579,8.59991284218713,5.58496250072116,12.7257922714942,9.49984588708321,7.88264304936184,7.52356195605701,12.3788367132106,12.5245417150358,13.347898144596,5.70043971814109,5.4594316186373,1,5.85798099512757,1,2,1,8,5.08746284125034,1,1,3.8073549220576,9.96000193206808,9.79116288855502,1,5.39231742277876,5.39231742277876,9.27146302790437,6.04439411935845,4,12.2807707701306,5.85798099512757,10.0927571409199,2.58496250072116,"0"
"TCGA.NC.A5HK.01A",5.58496250072116,10.1059085085712,5.08746284125034,4,8.13955135239879,2,5.08746284125034,12.3734089602287,1,2,1,16.4722148541157,1,1,12.3575520046181,2.58496250072116,1,12.8061468033205,2.58496250072116,12.6397928932793,6.58496250072116,8.14974711950468,7.20945336562895,5,7.75488750216347,6.85798099512757,1,7.16992500144231,12.3128829552844,1,4.4594316186373,4.70043971814109,12.3548003443506,9.10852445677817,10.6917435191713,4.16992500144231,3.58496250072116,2,10.7142455176661,16.0138024450405,1,3.8073549220576,1,13.3230547603416,1,13.4051414631363,1,1,4.4594316186373,10.0168082876866,1,10.6438561897747,1,2,10.8917837032183,3,2.58496250072116,1,8.39231742277876,2.58496250072116,6,2,2,1,1,2,2.58496250072116,3,4.4594316186373,3,5.4594316186373,1,1,2,5,7,5.75488750216347,4,1,10.7582232147267,1,10.1421070573025,1,9.29001884693262,3.8073549220576,10.1947568544222,6,1,6.58496250072116,3,10.65999589243,10.7598881832218,15.812829099146,15.1194275110673,12.8933015308606,3,11.4655664048094,7.85798099512757,4.70043971814109,5.39231742277876,12.4309751725881,12.6555307231556,12.8599229728618,2,3.58496250072116,1,8.48381577726426,2,2,2.58496250072116,10.7764330324447,3,1,1,2,10.7565563225241,7.06608919045777,1,1,1,8.4757334309664,11.6564248632778,12.9804966361835,10.4241662888181,5.64385618977472,9.51175265376738,1,"0"
"TCGA.63.A5MI.01A",4.58496250072116,15.1689071166463,7.5077946401987,12.0175044011094,6.90689059560852,4.8073549220576,4.16992500144231,10.929258408637,1,7.16992500144231,4.16992500144231,16.4214074120625,2,8.23840473932508,11.1279943209764,1,1,13.2943335596718,5.52356195605701,13.0426853722194,7.39231742277876,9.64745842645492,5.8073549220576,7.55458885167764,7.22881869049588,2,4.16992500144231,5.90689059560852,11.5526690975143,1,8.01122725542325,3.32192809488736,14.7117745049653,10.3286749273279,9.38370429247405,9.92777796208234,1,1,4.32192809488736,13.7328033943935,7.24792751344359,8.45121111183233,1,8.97154355395077,1,12.2796105810525,1,1,1,1,1,7.58496250072116,1,2,11.9915218460757,5.58496250072116,2,1,7.2667865406949,4.8073549220576,3,9.4797802640291,2,2,2,1,1,3.8073549220576,8.14974711950468,1,2,1,3.32192809488736,9.65463602852797,1,9.10328780841202,6,6.04439411935845,2,10.2360141919001,6.20945336562895,13.5015884229324,5.58496250072116,7.90689059560852,8.19967234483637,10.5830827675029,3.32192809488736,4.58496250072116,4.58496250072116,10.6865005271832,10.1548181090521,10.243173983473,15.4446913933995,13.2051823262286,10.9410476063406,8.22881869049588,15.9335984552372,8.70735913208088,11.0525680508042,5.75488750216347,10.9915218460757,11.6724253419715,13.0168082876866,3,8.59991284218713,6.35755200461808,1,1,5.08746284125034,5.32192809488736,10.7210991887072,1,1,1,4.70043971814109,11.1497471195047,9.76818432477693,1,4.32192809488736,2,9.76487159073609,7.85798099512757,3,11.7838167593202,3.8073549220576,5.52356195605701,4.4594316186373,"0"
"TCGA.85.6561.01A",7.94251450533924,15.48236681376,7.28540221886225,13.6510516911789,10.1972166931101,2.58496250072116,7.71424551766612,11.0967151544885,3.32192809488736,10.4199601778479,5.4594316186373,17.2356216141882,5.24792751344359,1,11.6492561775173,3,2,13.4056733322819,5.52356195605701,14.0738068471785,8.79441586635011,8.76818432477693,9.71080643369935,1,9.31741261376487,4.16992500144231,3.32192809488736,8.24792751344359,11.4167975276061,1,10.1774195379892,6.20945336562895,16.9090258189162,12.2064039139738,8.88874324889826,2,1,1,8.49984588708321,12.0546043179607,3.58496250072116,9.61470984411521,1,10.9233274854192,1,13.3381792499001,2.58496250072116,1,3.8073549220576,7.5077946401987,1,8.60733031374961,2,5.64385618977472,11.4460494067166,13.9257398643376,2.58496250072116,1,7.83289001416474,5.16992500144231,1,6.28540221886225,2,8.15987133677839,1,6.12928301694497,3.58496250072116,6.83289001416474,7.85798099512757,2.58496250072116,1,1,1,10.6474584264549,7.91886323727459,10.3487281542311,6.08746284125034,5.8073549220576,1,11.1598713367784,2,14.399277924509,11.2772874001304,7.55458885167764,14.3356694869461,14.6040898614692,12.8313072438021,11.0389189892923,11.4726908392428,11.6320864128352,10.6759570329417,11.1548181090521,11.2585660338899,12.8392037880969,13.1481587729379,6.12928301694497,15.9889509076016,11.4625022725973,11.6960981709559,7.20945336562895,12.4918530963297,13.7782825099957,13.9639797878153,6.20945336562895,5.75488750216347,1,4.58496250072116,1,2,1,8.82017896241519,7.53915881110803,3,1,6.08746284125034,10.7632123668144,10.1623913287569,1,5.4594316186373,11.1150436501617,10.5410966153495,7.4262647547021,5.58496250072116,14.0876285825385,7.28540221886225,8.97154355395077,2.58496250072116,"0"
"TCGA.18.3411.01A",6,15.4114447835268,11.6101020629997,9.4178525148859,8.74819284958946,3.8073549220576,8.11894107272351,11.2911706993219,2.58496250072116,6.85798099512757,2.58496250072116,16.2593386992878,4.4594316186373,1,11.4604558963096,3.58496250072116,1,13.5132341138061,1,14.0620461377205,6,8.27612440527424,9.53138146051631,9.27612440527424,8.84549005094437,7,3.58496250072116,6.16992500144231,11.2992080183873,2.58496250072116,6.16992500144231,1,13.7344979416926,11.940313597146,7.4757334309664,7.65821148275179,1,1,6.93073733756289,13.0917659385168,8.4757334309664,9.01122725542325,1,9.4757334309664,7.44294349584873,11.6284455401372,2,1,3.32192809488736,5.90689059560852,1,6.12928301694497,9.76818432477693,5.52356195605701,11.5584207132687,8.54689445988764,11.8695938432408,2,8.18982455888002,3.8073549220576,4.58496250072116,10.7714894695006,3.58496250072116,4,9.43879185257826,7.83289001416474,2.58496250072116,4.70043971814109,8.467605550083,2,1,1,1,6,9.35314682549808,9.07681559705083,6.95419631038687,6.04439411935845,3.32192809488736,11.9851303734669,2.58496250072116,13.5912885792461,3.8073549220576,7.14974711950468,8.44294349584873,11.9901039638575,5.39231742277876,3.8073549220576,3.8073549220576,7.76818432477693,11.3553510964248,10.8672787397097,13.6726463261246,10.967226258836,13.3799198176465,5.39231742277876,9.02790599656988,9.76155123244448,7.24792751344359,5,11.9210970881068,12.5107641679179,12.4848228942621,6.52356195605701,5.70043971814109,2,2.58496250072116,1,2.58496250072116,1,11.6110247973074,8.06608919045777,1,1,1,10.1189410727235,10.8902642770211,1,3,4.90689059560852,8.81378119121704,8.24792751344359,4.58496250072116,12.6156296369681,6.16992500144231,6.6724253419715,1,"0"
"TCGA.66.2787.01A",6.8073549220576,14.9534689622288,10.5216004397237,4.90689059560852,7.24792751344359,3.8073549220576,4.58496250072116,9.27146302790437,3.8073549220576,7.56985560833095,4.32192809488736,16.4171602665067,4.4594316186373,1,11.6519486107234,6.85798099512757,2,11.7262181593322,4.4594316186373,14.0535865436392,6.4262647547021,9.06608919045777,9.69348695749933,1,12.1273495410591,6.16992500144231,5.4594316186373,5.95419631038687,11.5196362528432,2.58496250072116,10.3128829552844,2,13.2395985292491,11.8879821330585,9.73809225962049,3.58496250072116,1,1,5.32192809488736,12.4767462039395,6.08746284125034,8.08746284125034,1,10.5333297323058,1,11.2021238238305,1,1,1,2,1,7,2.58496250072116,6.70043971814109,11.1522848423066,10.5488219084588,1,1,5.64385618977472,3.8073549220576,2.58496250072116,7.39231742277876,1,3.58496250072116,9.55074678538324,3.32192809488736,2,4.4594316186373,5.58496250072116,1,4.16992500144231,3.58496250072116,2,3.58496250072116,5.24792751344359,8.60733031374961,2,4.8073549220576,1,11.7304701371842,1,13.6277618524026,6.85798099512757,5.24792751344359,10.1318569606088,12.4194335507054,7.52356195605701,2,9.3264294871223,8.48381577726426,12.0443941193585,11.3717766443379,13.8795832496128,10.7960396088298,5.75488750216347,4.4594316186373,11.5478585060584,9.92184093707449,8.5077946401987,7.55458885167764,11.9943534368589,12.292321632802,13.353698209048,10.2667865406949,4.32192809488736,1,1,1,6.08746284125034,6.70043971814109,7.20945336562895,7.52356195605701,3,1,5,10.609178738142,11.1823943534045,1,4.16992500144231,7.08746284125034,9.15987133677839,6.39231742277876,4,12.5201275503249,6.28540221886225,12.6926155016946,2.58496250072116,"0"
"TCGA.60.2711.01A",7.04439411935845,15.7626934677544,8.8703647195834,12.7368246990989,8.67948009950545,2,6.49185309632967,10.3241805466187,2.58496250072116,7.2667865406949,2,17.7417171399988,4.70043971814109,8.07681559705083,11.8603110549195,5.64385618977472,3.8073549220576,13.6891244049133,4.58496250072116,14.2027360432502,6.20945336562895,8.52356195605701,6.39231742277876,8.4594316186373,10.57931593758,6.83289001416474,5.16992500144231,6.24792751344359,12.5473765634981,2,10.1241213118292,5,12.7507069862249,9.91288933622996,8.16992500144231,4.8073549220576,2.58496250072116,1,6.61470984411521,10.9188632372746,5.39231742277876,10.243173983473,1,11.0566377151132,1,13.3054917921107,3.58496250072116,1,3.8073549220576,4.58496250072116,1,6.7279204545632,3.8073549220576,6.93073733756289,12.9901039638575,11.3858624006415,4,2,7.96578428466209,3.8073549220576,3,8.09803208296053,1,4.16992500144231,1,3.8073549220576,1,2.58496250072116,7.85798099512757,2,1,3.58496250072116,1,6.85798099512757,4,10.1472049249422,4.32192809488736,4.58496250072116,2,11.298062567719,5.08746284125034,14.2582715762829,6.16992500144231,8.83920378809694,9.77807712953536,12.0887882387169,7.06608919045777,5.85798099512757,9.79116288855502,9.51175265376738,11.4635243732712,11.5372184005386,16.9913889787984,12.7402023887679,8.21916852046216,4.4594316186373,14.4107163336043,10.3509391815464,9.48381577726426,8.60733031374961,11.5507467853832,12.3202364452416,14.0759804624163,6,6.4262647547021,4.90689059560852,1,1,5.64385618977472,6.83289001416474,10.5176693881338,4.16992500144231,2.58496250072116,5.52356195605701,4.58496250072116,10.9628960053373,9.89178370321831,1,6.55458885167764,9.17492568250068,9.98299357469431,5.52356195605701,5.39231742277876,12.9797824307031,6.78135971352466,10.6017707884077,3.58496250072116,"0"
"TCGA.63.A5MB.01A",5.85798099512757,15.9102679558108,10.0794847838268,7.59991284218713,7.62935662007961,5.16992500144231,5.16992500144231,10.2992080183873,3,8.78790255939143,6.28540221886225,16.7409402054259,3.58496250072116,6.39231742277876,11.7245138531199,9.2336196767597,8.98868468677217,13.1385917946375,4.58496250072116,14.0778171208959,8.4262647547021,8.4178525148859,9.09275714091985,7.14974711950468,11.4387918525783,6.32192809488736,2.58496250072116,5.75488750216347,12.102631888855,2.58496250072116,9.83920378809694,4.4594316186373,12.7232343008934,10.6456584324087,11.5593770905267,1,3.8073549220576,1,6.35755200461808,13.0828143376723,6.12928301694497,7.04439411935845,2,12.3224915375975,1,11.9765641234153,2.58496250072116,1,4.32192809488736,5,2.58496250072116,8.17990909001493,5.64385618977472,3.32192809488736,12.1642784383012,13.4120405145517,3,3.8073549220576,6.61470984411521,4.90689059560852,5.85798099512757,8.79441586635011,1,4.32192809488736,3,3.32192809488736,2,5.32192809488736,5,4.4594316186373,4.70043971814109,2,3,9.5352753766208,6.75488750216347,10.1699250014423,4.16992500144231,7.56985560833095,1,10.2807707701306,3.32192809488736,10.7665289085989,2,8.10852445677817,7.90689059560852,11.8509681509824,8.57742882803575,2,9.34872815423108,11.4645457503339,9.75488750216347,11.2502984179063,10.9715435539508,10.609178738142,6.95419631038687,6.32192809488736,16.4475352893878,10.0112272554233,11.8902642770211,6.49185309632967,12.1842554954053,12.4943556035328,13.7357675472666,7.98868468677217,5.32192809488736,2,6.20945336562895,1,3.8073549220576,6.49185309632967,12.7414669864011,7.24792751344359,4.16992500144231,5.52356195605701,7.33985000288462,10.4553272203046,8.4757334309664,1,5.90689059560852,8.4594316186373,8.60733031374961,6.7279204545632,7.91886323727459,13.4056733322819,7.22881869049588,11.9886846867722,3,"0"
"TCGA.77.8154.01A",6,15.3665271279655,9.4594316186373,12.7866780338907,7.59991284218713,3,7.33985000288462,8.98299357469431,1,8.83920378809694,3.8073549220576,15.9391659596335,1,2,11.8925428166486,2.58496250072116,1,13.1234747982441,2,11.9314762338868,6.4594316186373,9.85174904141606,1,2,10.1996723448364,5,4,4.90689059560852,12.0450770519349,1,6.75488750216347,5.16992500144231,12.9443460341378,6.16992500144231,8.49185309632967,2,1,1,5.08746284125034,13.5430318202552,1,4.8073549220576,1,9.3264294871223,1,12.1072170755914,1,1,2,2.58496250072116,1,9.13955135239879,2,3.8073549220576,11.1472049249422,6.95419631038687,1,2,6.75488750216347,3.8073549220576,2.58496250072116,5.8073549220576,2,4.16992500144231,4.16992500144231,2,1,5.8073549220576,7.35755200461808,1,1,1,1,9.02790599656988,1,7.7279204545632,4,3.58496250072116,1,10.2021238238305,1,14.1045987535644,5.58496250072116,5.75488750216347,11.2070143201775,11.654636028528,9.93073733756289,7.22881869049588,6.4594316186373,8.876516946565,10.0606959316876,9.60733031374961,14.6035104425928,11.90989308377,13.7494504655699,4.58496250072116,13.2497060569697,9.5274770060604,9.4093909361377,8.4262647547021,9.94836723158468,11.5117526537674,12.2270141936491,3,6.83289001416474,2.58496250072116,1,1,1,2.58496250072116,5.64385618977472,6.61470984411521,1,3.32192809488736,4.16992500144231,9.44708322620965,6.8073549220576,1,4.32192809488736,2.58496250072116,6.52356195605701,7.70043971814109,3.58496250072116,12.9266666293473,4.16992500144231,8.86418614465428,8.73470962022584,"0"
"TCGA.63.A5ML.01A",6.58496250072116,14.3980756229099,10.4838157772643,7.4262647547021,7.3037807481771,3.32192809488736,6.35755200461808,10.57931593758,2.58496250072116,2,4.70043971814109,16.6096981810843,2,1,11.0306671362469,4.4594316186373,1,11.8399910705399,4.32192809488736,13.1661630826461,7.75488750216347,7.96578428466209,3.58496250072116,4.4594316186373,6.55458885167764,5.8073549220576,4.8073549220576,5.70043971814109,11.6137894644726,2.58496250072116,7.8703647195834,3.32192809488736,12.8205778826558,5.75488750216347,9.4797802640291,1,2.58496250072116,1,6.58496250072116,12.9964734887332,6.12928301694497,8.37503943134692,1,11.1786648510065,1,12.2911706993219,1,1,3.32192809488736,8.40087943628219,1,9.2240016741981,2.58496250072116,4.32192809488736,12.1879705919842,7.84549005094437,1,1,6.85798099512757,4.16992500144231,4.16992500144231,7.32192809488736,1,2,1,3.8073549220576,1,2,5.75488750216347,1,6.04439411935845,1,2,5.4594316186373,5.95419631038687,9.21916852046216,5.16992500144231,5.16992500144231,2,10.3728650601126,1,12.7274950690254,2,7.14974711950468,5.16992500144231,11.9053870050181,1,1,2.58496250072116,10.1421070573025,10.5058115539196,11.2479275134436,14.873828574887,10.1421070573025,8.4093909361377,4.58496250072116,13.4442384380781,9.09275714091985,9.64024493622235,8.06608919045777,11.9607259948391,11.8649599151426,13.0007042690112,7.56985560833095,8.23840473932508,2,6.64385618977472,1,2.58496250072116,4,11.6411485974112,4,2.58496250072116,2.58496250072116,2.58496250072116,10.0443941193585,9.83605035505807,1,5.52356195605701,2.58496250072116,9.37068740680722,7.5077946401987,5.16992500144231,12.3668685861671,6.52356195605701,13.5350323145293,1,"0"
"TCGA.58.A46M.01A",5.70043971814109,13.7657004876511,9.79116288855502,7.35755200461808,5.58496250072116,5.32192809488736,3.8073549220576,11.2992080183873,1,2.58496250072116,1,16.9404053687208,5.16992500144231,6.49185309632967,12.410451351504,3.32192809488736,1,12.0402897210257,3,13.5247865508516,5.52356195605701,7.56985560833095,3.58496250072116,4,8.99435343685886,5.64385618977472,3.58496250072116,4.90689059560852,12.4444972871038,2,6.61470984411521,4,12.0914353863236,9.68299458368168,9.91587937883577,2,1,1,4.8073549220576,11.539158811108,3.8073549220576,3,1,11.6995724532873,3,12.6843103111243,2,1,3.32192809488736,1,1,9.13955135239879,2,5.32192809488736,10.6635581042173,13.1366707623418,1,1,6.4594316186373,2.58496250072116,5,6.61470984411521,2,2.58496250072116,9.64385618977473,2,3,5.32192809488736,7.4594316186373,3.8073549220576,2,2.58496250072116,1,7.02236781302845,5.52356195605701,5.52356195605701,3,4.4594316186373,1,11.3695973462787,1,14.4631411703717,1,5.24792751344359,2.58496250072116,11.0674343607565,3.8073549220576,1,1,1,10.9439799143437,11.9410476063406,14.7495552174335,12.3376219019925,6.93073733756289,4,6.95419631038687,8.29462074889163,3.58496250072116,6.08746284125034,13.3171299263845,13.1000052244227,12.9498267107591,9.82336724004623,7.78135971352466,1,2,2.58496250072116,1,3.8073549220576,7.83289001416474,6,1,1,1,10.581200581925,5.8073549220576,1,4.4594316186373,3.32192809488736,10.9351650496037,5.24792751344359,5.08746284125034,10.4655664048094,5.95419631038687,7.90689059560852,2,"0"
"TCGA.77.8153.01A",5.39231742277876,14.519021895622,10.2620948453702,9.84549005094438,8.88874324889826,2.58496250072116,5.16992500144231,11.2082343583398,1,6.32192809488736,1,16.758249244642,4.58496250072116,2.58496250072116,12.1642784383012,3.32192809488736,1,12.577900836887,2.58496250072116,13.6640027628865,4.58496250072116,9.30833903013941,8.09803208296053,5.39231742277876,8.97154355395077,5.32192809488736,2.58496250072116,5.95419631038687,11.6697708885255,3.58496250072116,3.8073549220576,3.32192809488736,14.2446611447642,8.98868468677217,10.4898479604393,5.95419631038687,4.16992500144231,2,4,13.1006623390052,2,10.729620743553,1,10.4199601778479,3,12.2197735508929,1,1,2.58496250072116,3,1,6.6724253419715,3.58496250072116,4.16992500144231,11.8757493514201,11.6768386064742,1,1,8.23840473932508,2,3,9.94544383637791,3.8073549220576,2.58496250072116,1,3.32192809488736,1,5.90689059560852,7,1,1,3.8073549220576,1,9.14465824283188,4.16992500144231,4.16992500144231,4.90689059560852,6.49185309632967,1,10.3420746679991,1,13.3657756353263,5.70043971814109,9.4757334309664,10.4051414631363,10.3772105303886,7.33985000288462,6.85798099512757,7.59991284218713,4.8073549220576,11.1885888457073,10.9541963103869,14.5633154588863,13.097044499323,9.93073733756289,2,10.0306671362469,7.76818432477693,6.52356195605701,8.68650052718322,11.7347096202258,12.1228279948077,13.2027360432502,3.32192809488736,7.55458885167764,1,2,1,2.58496250072116,1,12.4356702609366,5.75488750216347,2.58496250072116,1,1,9.72109918870719,11.0028150156071,1,4.90689059560852,6.39231742277876,9.7279204545632,5.4594316186373,3.32192809488736,9.93369065495223,3.32192809488736,8.33091687811462,4.70043971814109,"0"
"TCGA.56.7582.01A",5.64385618977472,14.6070990940936,10.2264121927888,11.8089641749193,5.75488750216347,3,4.90689059560852,10.57931593758,3.8073549220576,11.6591039634737,1,16.3480019219185,3.8073549220576,5.08746284125034,11.3309168781146,5.32192809488736,1,12.7507069862249,3.8073549220576,13.3646818558646,4.8073549220576,8.71424551766612,9.36632221424582,5.08746284125034,11.8703647195834,4.58496250072116,4,3.32192809488736,11.5449644327892,1,5.39231742277876,6.7279204545632,14.1772637982535,10.6293566200796,8.10852445677817,6.90689059560852,2,1,6,12.1369911120802,5.08746284125034,7.06608919045777,2,10.57931593758,1,10.6706562491184,1,1,3.32192809488736,7.16992500144231,1,6.4594316186373,7.74146698640115,1,12.403012023575,10.6847486204216,1,1,8.62205181945638,2,1,9.12928301694497,3.32192809488736,6.52356195605701,2,1,1,3.58496250072116,5.64385618977472,1,2,1,1,8.20945336562895,4.32192809488736,6.8073549220576,5.70043971814109,7.74146698640115,1,11.3208005488816,1,13.7245138531199,9.61102479730735,6.88264304936184,11.3342732853072,11.9534689622288,8.62935662007961,7.18982455888002,10.6110247973074,4,10.3398500028846,10.2479275134436,11.581200581925,11.4115109880121,12.5774288280357,1,5.24792751344359,9.30833903013941,4.58496250072116,4.16992500144231,11.4584066132365,11.9758479680068,13.5274770060604,10.3509391815464,4.58496250072116,1,4,1,2.58496250072116,3.58496250072116,9.66888498426625,5.85798099512757,2.58496250072116,1,1,10.0334230015375,11.0042204663182,1,2,9.53915881110803,7.20945336562895,3.32192809488736,3.8073549220576,12.6096404744368,4,9.84549005094438,4.32192809488736,"0"
"TCGA.85.8052.01A",6.4594316186373,13.537461094633,9.2045711442492,7.33985000288462,6.4594316186373,2.58496250072116,7.24792751344359,8.53915881110803,2.58496250072116,6.08746284125034,5.64385618977472,16.100210604883,3.58496250072116,6.08746284125034,12.0525680508042,8.13955135239879,3.8073549220576,12.3755825124905,4.58496250072116,12.4777582664439,6.83289001416474,7.90689059560852,7.3037807481771,5.75488750216347,10.929258408637,5.24792751344359,4.32192809488736,5.4594316186373,10.6741922681457,3.32192809488736,12.3303567169579,3.8073549220576,12.6022349013411,9.82654848729091,9.9915218460757,1,2,1,5.32192809488736,12.928148216169,3,8.14974711950468,1,11.2877123795494,1,12.775198728898,1,1,3.8073549220576,2.58496250072116,1,7.02236781302845,5.08746284125034,3,10.5526690975143,12.115693952197,2.58496250072116,1,6.12928301694497,5.16992500144231,3.58496250072116,7.98868468677217,1,5.52356195605701,1,1,2,4.90689059560852,5.24792751344359,4.70043971814109,2,1,3.8073549220576,3.58496250072116,4.90689059560852,9.96578428466209,5,5,1,9.78135971352466,1,13.326710358347,2,6.16992500144231,8.6724253419715,11.4304525516655,3.58496250072116,3.32192809488736,10.3286749273279,10.4051414631363,9.82972273508606,9.4797802640291,13.2854022188622,11.5449644327892,8.68650052718322,5,14.7117745049653,8.94251450533924,10.612868497291,5.95419631038687,11.12153351734,11.2969162068793,12.6974020075027,4.70043971814109,7.10852445677817,1,5.08746284125034,1,8.91886323727459,6.49185309632967,8.68650052718322,4.70043971814109,4.70043971814109,1,4.8073549220576,8.91886323727459,10.0821490413539,1,5.52356195605701,6.58496250072116,9.12928301694497,8.93073733756289,5.95419631038687,12.3470676571659,5.58496250072116,9.85174904141606,1,"0"
"TCGA.85.A53L.01A",6.75488750216347,15.1393914704193,8.70735913208088,12.2562086885274,8.71424551766612,3,2,11.9858419370033,1,1,6.20945336562895,17.7284121502871,2,5,12.3100446796475,7.2667865406949,2,13.1153688378202,3,12.4199601778479,9.11894107272351,11.3826240265749,7.65821148275179,10.1873520732005,9.12412131182919,7.4757334309664,2,5.39231742277876,11.129283016945,2.58496250072116,7.62935662007961,3,15.0146307658542,11.2934716488381,12.2591547688668,1,1,1,9.78135971352466,14.6554189166658,1,3.58496250072116,1,11.6302671250268,1,12.5603328342124,1,1,3.8073549220576,8.49984588708321,1,9.51569983828404,6.70043971814109,1,11.3630396302565,9.69348695749933,1,2,9.55842071326866,3.8073549220576,3.32192809488736,8.97154355395077,2,2.58496250072116,5.70043971814109,7.16992500144231,4.16992500144231,6.20945336562895,6.28540221886225,3,3.58496250072116,1,2,4.58496250072116,4.4594316186373,8.83920378809694,5,6.08746284125034,2,10.8734441125154,2,12.9439799143437,4.58496250072116,8.74819284958946,7.96578428466209,11.1586096882145,5.16992500144231,4.4594316186373,6.04439411935845,10.5660540381711,10.0168082876866,10.3597495603223,15.0403753485321,12.1686721181322,8.64385618977472,3.58496250072116,14.2312211807112,9.06069593168755,9.94251450533924,8.8703647195834,11.652844973002,12.919980595049,13.8097681287104,2.58496250072116,6.95419631038687,1,3.58496250072116,1,5.52356195605701,5.4594316186373,12.2917462808339,2.58496250072116,3.8073549220576,1,3.32192809488736,10.3575520046181,8.13955135239879,1,6.4594316186373,2.58496250072116,9.43045255166553,8.68650052718322,6.4594316186373,11.4491486453754,4.58496250072116,11.9614496943982,7.32192809488736,"0"
"TCGA.51.4081.01A",6.32192809488736,16.0720907231877,10.2854022188622,10.6829945836817,9.64024493622235,3.32192809488736,3.8073549220576,10.1006623390052,1,10.1649069266757,1,16.5443909585978,5.52356195605701,1,10.8948177633079,2.58496250072116,4.32192809488736,12.6555307231556,3.58496250072116,13.6225094546833,6.85798099512757,8.6582114827518,8.31288295528435,7.24792751344359,11.4767462039395,5.32192809488736,4.4594316186373,6.04439411935845,11.7813597135247,3,5.24792751344359,7.90689059560852,15.322913975268,10.9571020415623,10.5216004397237,1,3.8073549220576,1,6.83289001416474,11.9061389961954,3.32192809488736,8.49984588708321,1,11.5196362528432,1,12.1382718001722,1,1,3,7.04439411935845,1,9.56224242422107,6.64385618977472,6.8073549220576,12.5420645422834,11.9794251953315,3.32192809488736,1,7.4757334309664,2,4,8.58496250072116,3,7.22881869049588,1,1,1,6.8073549220576,7.33985000288462,1,1,1,1,4,7.89481776330794,6.70043971814109,4.58496250072116,6,1,11.3793783670713,2,14.0988545532188,10.8105716347411,8.82654848729091,13.6611100287437,11.9505558970475,11.1228279948077,8.62205181945638,10.8073549220576,4.58496250072116,10.8360503550581,10.5077946401987,14.1470458889457,12.0396045179538,12.0251395622785,1,8.51569983828404,10.0848083878044,5.95419631038687,6.58496250072116,11.8963324039099,11.7706638929168,13.2030420555625,7.2667865406949,3,2,5.58496250072116,2,2.58496250072116,5.39231742277876,12.1861142395416,8.53915881110803,1,1,1,10.1922928144708,11.2143191208008,1,3.58496250072116,11.2094533656289,7.7279204545632,6.24792751344359,6.85798099512757,12.2215871212648,5.64385618977472,10.6366246205436,3.8073549220576,"0"
"TCGA.85.A5B5.01A",6.32192809488736,15.7588478031083,6.4594316186373,13.0375469539622,8.75488750216347,4.4594316186373,2.58496250072116,11.5196362528432,2,3,2,15.4452735556406,3,2,11.4938554492408,3.58496250072116,1,13.1876613657391,4,12.4382720561248,4.4594316186373,9.7515440590891,5.64385618977472,4.4594316186373,9.63299519714296,6.61470984411521,4,5.58496250072116,12.2306209331299,4,5.75488750216347,4,13.6336764098923,10.8025163651212,10.7279204545632,1,1,1,4.90689059560852,14.2606255560682,7.4093909361377,6.32192809488736,1,12.025831668332,1,12.2556187498396,3.32192809488736,1,3.58496250072116,6.32192809488736,1,8.74819284958946,1,8.02236781302845,11.3750394313469,12.2240016741981,1,1,7.88264304936184,1,6.08746284125034,3,1,2.58496250072116,2,3,2,7.65821148275179,8.3037807481771,1,2,2,1,9.65105169117893,11.6759570329417,7,3.58496250072116,6.55458885167764,2,10.929258408637,2,15.0702886899617,3,8.52356195605701,6.88264304936184,10.8795832496128,9.12412131182919,2,6.6724253419715,5.58496250072116,10.7582232147267,10.2167458581953,14.5664108612178,12.0714623625566,8.15987133677839,2,8.13955135239879,8.99435343685886,8.43462822763673,5.64385618977472,12.3966047811819,11.6402449362223,13.3261485612056,5.85798099512757,6.64385618977472,1,3.32192809488736,1,1,1,6.75488750216347,5.52356195605701,2.58496250072116,6.04439411935845,2,9.95419631038687,7.62935662007961,1,5,7.85798099512757,9.09275714091985,6.28540221886225,6.08746284125034,11.5961897561444,4.8073549220576,12.4470832262097,2,"0"
"TCGA.21.1082.01A",7.4757334309664,16.0482314167024,5.16992500144231,12.698270577692,9.37068740680722,3,9.03342300153745,11.9121408562957,2,9.91587937883577,3,16.3935915626239,3.8073549220576,6.7279204545632,13.4101863207251,6.35755200461808,8.8008998999203,13.7414669864011,4.4594316186373,13.9927613509431,7.5077946401987,10.7515440590891,6.52356195605701,6.8073549220576,7.97727992349992,6,6.4594316186373,8.05528243550119,12.609178738142,4.32192809488736,8.67948009950545,6.90689059560852,14.8258531886244,8.4093909361377,9.86727873970966,2,1,1,6.4262647547021,11.1761731491075,6.6724253419715,7.84549005094437,1,10.319672120947,2,9.90689059560852,7.4093909361377,1,2,5,1,9.33091687811462,6.64385618977472,7.53915881110803,11.3955341354623,7.20945336562895,6.39231742277876,2.58496250072116,8.79441586635011,2,5.39231742277876,7.02236781302845,1,4.16992500144231,6.08746284125034,4.16992500144231,3.8073549220576,2,8.48381577726426,3.58496250072116,1,3,1,6.64385618977472,10.1318569606088,8.16992500144231,6.4262647547021,3.32192809488736,1,10.6492561775173,3.32192809488736,14.2470374187886,6.32192809488736,8.58496250072116,8.85174904141606,12.6133290543711,8.60733031374961,8.29462074889163,8.6582114827518,9.22881869049588,11.1421070573025,9.70043971814109,9.49185309632967,12.3772105303886,11.5999128421871,3.58496250072116,10.9729797860663,10.0901124196643,8.3037807481771,4,12.270295326472,10.6017707884077,13.5144675028193,5.32192809488736,6.95419631038687,1,1,1,6.16992500144231,4.16992500144231,11.5877775163282,5.90689059560852,4.70043971814109,4.8073549220576,3.32192809488736,10.0443941193585,10.129283016945,1,4.32192809488736,5.75488750216347,6.78135971352466,7.33985000288462,6.32192809488736,12.8217739819706,7.2667865406949,9.47167521439204,1,"0"
"TCGA.NC.A5HR.01A",6.39231742277876,13.9210970881068,10.813781191217,10.5058115539196,5.4594316186373,2,5.32192809488736,7.39231742277876,2.58496250072116,4.58496250072116,3,16.3063109487318,3.58496250072116,1,11.1189410727235,9.52356195605701,1,12.4157417682901,3.8073549220576,12.6838718686226,8.36632221424582,9.18487534290828,7.24792751344359,5.39231742277876,9.76155123244448,6.28540221886225,5.08746284125034,5.16992500144231,11.6211361132746,4.90689059560852,5,3.58496250072116,12.2070143201775,9.97727992349992,11.8872206154684,2,2,1,6.88264304936184,14.8218736121658,2,9.47167521439204,2,11.5868397879618,2,10.9188632372746,2,1,2,8.34872815423108,1,8.96000193206808,9.47167521439204,1,11.5068034377956,8.37503943134692,1,1,7.22881869049588,3,3.8073549220576,9.43045255166553,2,1,1,1,1,6.61470984411521,4.4594316186373,3.32192809488736,2.58496250072116,2,1,4.58496250072116,5.39231742277876,5.95419631038687,5.95419631038687,2.58496250072116,1,10.8672787397097,2,11.6812384117778,4.8073549220576,5.24792751344359,8.65105169117893,11.4747199465265,6.24792751344359,4.32192809488736,5.24792751344359,6.61470984411521,9.79441586635011,10.6741922681457,7.18982455888002,12.0443941193585,11.5764843467969,6.28540221886225,10.958552715431,8.88874324889826,7.44294349584873,6.49185309632967,12.1761731491075,11.9351650496037,12.3998119593257,5.70043971814109,7.37503943134692,1,4.58496250072116,1,2,4.16992500144231,9.47167521439204,7.4262647547021,2,1,2.58496250072116,9.50382573799575,7.8073549220576,1,4,6.55458885167764,8.39231742277876,7.8703647195834,3.8073549220576,11.1395513523988,4.70043971814109,6.75488750216347,3,"0"
"TCGA.NC.A5HG.01A",5.64385618977472,11.0375469539622,7.12928301694497,8.58496250072116,5.32192809488736,3.58496250072116,3.32192809488736,13.2500022678404,1,3,1,16.0689461796488,1,1,11.677719641641,5.64385618977472,2,14.2874238116835,1,14.0273876940528,4,9.83920378809694,5.08746284125034,3.32192809488736,4.90689059560852,7.14974711950468,1,3.58496250072116,12.1541852092653,1,3,4.70043971814109,10.9439799143437,1,10.8201789624152,1,1,1,4.58496250072116,13.5233169123127,6.55458885167764,6.93073733756289,1,12.2324209271761,1,12.3264294871223,2,1,4.90689059560852,3.32192809488736,1,6.39231742277876,1,2,12.062720767165,4.70043971814109,1,1,7.91886323727459,1,5.90689059560852,3.58496250072116,6.08746284125034,4.90689059560852,2.58496250072116,1,3,10.1699250014423,7.16992500144231,1,1,1,1,14.0185479418717,2.58496250072116,2.58496250072116,5.85798099512757,6.28540221886225,1,9.87344411251538,2,7.62935662007961,7.5077946401987,8.04439411935845,14.0261775968892,10.4512111118323,13.0707918094231,6.28540221886225,10.5924570372681,2,10.1623913287569,10.9158793788358,12.2992080183873,13.4655664048094,15.3622178159131,2,4.32192809488736,8,2,6.24792751344359,10.7879025593914,12.5294305541462,14.2121923719085,2.58496250072116,3.58496250072116,1,1,1,1,1,7.7279204545632,4.70043971814109,1,1,1,9.85174904141606,7.08746284125034,1,6.32192809488736,4.70043971814109,4.4594316186373,10.2167458581953,6,10.4491486453754,3.58496250072116,8.92481250360578,2,"0"
"TCGA.39.5019.01A",7.94251450533924,15.1476819277705,9.43462822763673,13.8447057644119,9.93369065495223,3.32192809488736,5.64385618977472,11.3923174227788,3.32192809488736,9.68650052718322,6.04439411935845,17.4951679846225,1,9.2045711442492,12.0126245388651,6,3,13.871327736134,5.08746284125034,14.0239275771744,9.37068740680722,9.29001884693262,9.83920378809694,9.7714894695006,11.1959872980285,7.59991284218713,7.16992500144231,8.96578428466209,12.616548843779,1,10.5943246039248,6.93073733756289,15.7697861998414,12.9042582828005,10.1241213118292,1,1,1,8.35755200461808,12.8776675740679,7.8073549220576,9.62570884306447,1,10.9985904297453,1,13.7262181593322,7.95419631038687,1,3.32192809488736,4.8073549220576,1,7.93073733756289,6.52356195605701,3.58496250072116,13.6348110501717,9.93369065495223,7.91886323727459,2.58496250072116,7.18982455888002,6.7279204545632,3.58496250072116,6.78135971352466,3.32192809488736,5.8073549220576,1,4.4594316186373,2.58496250072116,4,8.08746284125034,4.58496250072116,6.4594316186373,2,2.58496250072116,12.5454471816781,4.32192809488736,11.7870863245516,5.32192809488736,6.78135971352466,2,12.2485206049384,1,14.7100530400244,9.5274770060604,9.55458885167764,14.5802585674998,13.0586682503406,12.243173983473,10.1137421660492,12.4377520723236,12.8595347863827,12.0292872269682,11.6017707884077,15.7432040001779,12.9057630496028,11.4377520723236,6.20945336562895,18.2095771134593,11.0687782779854,12.9083926207737,9.57364718749332,12.4853261892405,12.9046346216682,14.0301498249257,8.37503943134692,7.14974711950468,1,3.32192809488736,2.58496250072116,4.90689059560852,5.32192809488736,10.3331553503106,4.8073549220576,3.58496250072116,2.58496250072116,6.7279204545632,10.6688849842662,9.69348695749933,1,4.70043971814109,9.65105169117893,8.56224242422107,9.38801728534514,5.58496250072116,15.360298426618,7.3037807481771,11.9181178510318,5.64385618977472,"0"
"TCGA.NC.A5HT.01A",7.56985560833095,16.0276036760645,8.08746284125034,5.8073549220576,7.06608919045777,3.32192809488736,2,12.5943246039248,2,1,5.85798099512757,15.7412036199569,4,5.4594316186373,10.8795832496128,5.52356195605701,1,14.1895157298002,3.58496250072116,13.5013396180614,7.52356195605701,10.902375114486,7.20945336562895,3.8073549220576,8.6724253419715,6.95419631038687,3,5.58496250072116,10.5736471874933,1,8.83920378809694,3,12.5769566647061,10.5736471874933,9.8008998999203,1,3.8073549220576,1,6.49185309632967,13.8342735152347,5.32192809488736,10.1344263202209,2,12.402479172215,6.52356195605701,14.3265699295698,3.8073549220576,1,2,3.58496250072116,1,6.35755200461808,8.6724253419715,1,4.16992500144231,6.85798099512757,10.8470573460913,2,8.14974711950468,4.8073549220576,2.58496250072116,4,1,1,2,8.63662462054365,1,10.581200581925,9.58120058192496,4.32192809488736,8.59245703726808,1,1,6.90689059560852,3.58496250072116,6.93073733756289,2.58496250072116,8.40087943628219,1,9.82972273508606,2,13.7872904265596,2,14.3986101028793,4.90689059560852,12.1567151442247,6.6724253419715,2,5.85798099512757,9.83920378809694,10.3509391815464,10.1598713367784,14.537461094633,12.892163309862,12.0986900966736,5,14.424691191513,10.2550285698187,8.57742882803575,10.2021238238305,11.581200581925,11.2348174311173,13.7015230665744,2.58496250072116,5.70043971814109,1,1,1,2,1,5.58496250072116,5.52356195605701,5.24792751344359,1,4.8073549220576,9.53138146051631,8.53915881110803,1,5.08746284125034,2,4.70043971814109,10.6202198255075,5,13.211888294546,8.89481776330794,8.29462074889163,1,"0"
"TCGA.85.7844.01A",8.31288295528435,15.4700232975751,11.6608872703026,12.8049376720519,10.047123912114,2.58496250072116,6.7279204545632,10.5660540381711,1,4.70043971814109,4.4594316186373,17.4228203533049,1,8.39231742277876,11.5087851620645,4.16992500144231,2.58496250072116,12.2620948453702,4.4594316186373,13.9188632372746,8.93663793900257,8.66533591718518,8.06608919045777,7.89481776330794,6.4262647547021,6.16992500144231,6,6.88264304936184,11.5430318202552,3,9.1548181090521,1,15.9127022526479,9.9915218460757,11.3208005488816,1,1,1,6.7279204545632,13.7652860987237,4.70043971814109,8.96000193206808,1,12.677719641641,1,13.4070021479242,3,1,4.16992500144231,7.90689059560852,1,8.73470962022584,4.90689059560852,1,12.3619437737352,14.0014081943928,1,1,7.4757334309664,5,2,9.25266543245025,1,1,1,5.52356195605701,2,4.32192809488736,5.4594316186373,2,1,2,1,6.32192809488736,6.4262647547021,10.6348110501717,3.58496250072116,4.70043971814109,1,10.8795832496128,1,12.8610869059954,2,8.85174904141606,5.08746284125034,13.8199794609227,1,3,3.32192809488736,11.6456584324087,10.0416591516372,10.2360141919001,15.7848904024003,12.1904420187828,9.91886323727459,6.52356195605701,14.2161395564251,11.2082343583398,11.4231159101471,5.08746284125034,12.2100624832402,11.9936460600166,13.6293566200796,5.16992500144231,6,1,5.85798099512757,1,5.24792751344359,7.52356195605701,7.78135971352466,3.32192809488736,2.58496250072116,1,4.16992500144231,10.5641494899857,10.9801395776392,1,6.24792751344359,2.58496250072116,8.59245703726808,6.24792751344359,4.70043971814109,13.5223363209133,7.37503943134692,9.18487534290828,3.32192809488736,"0"
"TCGA.66.2737.01A",8.04439411935845,15.5372790778898,10.6348110501717,10.9158793788358,10.5117526537674,1,6.35755200461808,9.90989308377004,4.4594316186373,5.32192809488736,5.16992500144231,16.5799935150802,3.58496250072116,3.32192809488736,11.8603110549195,7.28540221886225,2,12.5896511465148,4.58496250072116,12.667111542075,8.34872815423108,9.2336196767597,6.6724253419715,4.32192809488736,8.4262647547021,6.20945336562895,5.64385618977472,8.17990909001493,11.5622424242211,1,9.12928301694497,4.32192809488736,15.967496468615,10.6510516911789,10.8826430493618,10.6202198255075,2,1,7.82017896241519,13.8008998999203,2.58496250072116,7.90689059560852,1,11.0566377151132,5,12.3793783670713,4,1,4.16992500144231,9.44294349584873,1,9.22881869049588,3.58496250072116,3,10.7797193551434,12.2514824106202,3.32192809488736,2,6.8073549220576,2,3.58496250072116,9.95128471496697,2,2.58496250072116,8.15987133677839,4.70043971814109,2.58496250072116,3.32192809488736,7.93073733756289,3.32192809488736,3.58496250072116,3,2.58496250072116,7.8703647195834,6.04439411935845,10.3685064615077,5.70043971814109,7.8703647195834,2,10.9322147519684,3.8073549220576,12.0940776856719,4.70043971814109,8.82017896241519,9.0389189892923,13.0741414627525,7.32192809488736,5.85798099512757,6.61470984411521,11.2667865406949,10.5372184005386,10.1873520732005,13.0778171208959,11.7829982089204,10.9439799143437,5.08746284125034,12.5038257379958,10.2877123795494,10.8344710499842,5.75488750216347,11.5018371849023,12.2258099406235,13.1913677134189,7.10852445677817,6.4594316186373,2,6.4262647547021,1,2,6.61470984411521,9.15987133677839,5.52356195605701,3.8073549220576,3,4.90689059560852,10.5196362528432,10.5774288280357,1,5.32192809488736,7.4093909361377,8.66533591718518,8.23840473932508,6.24792751344359,13.2508905357233,5.32192809488736,8.14974711950468,1,"0"
"TCGA.NC.A5HH.01A",5.58496250072116,9.24792751344359,5.58496250072116,5.58496250072116,5.75488750216347,3.32192809488736,2,5.90689059560852,2.58496250072116,1,2.58496250072116,15.2610664999994,2.58496250072116,9.19967234483636,11.5849625007212,1,1,10.8360503550581,2,13.0977029635247,4.32192809488736,11.3641346550081,5.58496250072116,1,5.4594316186373,6.6724253419715,1,6.85798099512757,12.6073303137496,1,3.32192809488736,5.39231742277876,15.1809192446643,10.0714623625566,13.6810187399021,7.39231742277876,6.70043971814109,1,7.70043971814109,16.0246635466931,8.51569983828404,3,1,12.1592406504117,1,14.2108235187808,2,1,3,3.58496250072116,1,10.4199601778479,1,2,3.58496250072116,2,1,1,9.2240016741981,2,6.93073733756289,3.32192809488736,2.58496250072116,1,1,1,1,3,9.66533591718518,2,3,1,1,12.7393587074334,2.58496250072116,4,7.16992500144231,9.03342300153745,1,11.1228279948077,1,13.5497846679479,1,7.64385618977472,4,10.0552824355012,1,1,3.58496250072116,2.58496250072116,10.4635243732712,10.12153351734,11.4051414631363,13.6875943895761,11.9053870050181,1,7,8.11894107272351,4,8.12928301694497,11.9425145053392,12.2796105810525,13.4614794472862,4,2.58496250072116,5.08746284125034,1,2,2,1,10.6829945836817,1,1,6.39231742277876,2,9.33091687811462,6.35755200461808,8.27612440527424,4.16992500144231,1,5,14.3853231761759,4.32192809488736,9.49585502688717,2.58496250072116,3.32192809488736,1,"0"
"TCGA.85.7843.01A",8.37503943134692,17.1955260046462,8.95419631038687,13.4395711962765,7.74146698640115,4,6.6724253419715,12.0993478104032,2,10.733015321686,3.58496250072116,17.5976306828951,4,2,12.9296282830246,2.58496250072116,5,13.6673333416052,4,13.3091921069599,7.32192809488736,10.7262181593322,8.18982455888002,3.8073549220576,12.2626821423622,6.90689059560852,3.32192809488736,5.85798099512757,12.6573184495813,1,8.6724253419715,5.4594316186373,15.5779598271366,4,10.8376279331714,2,1,1,7.65821148275179,13.9093305930068,3.32192809488736,7.52356195605701,1,11.1749256825007,1,11.0182001788132,4.4594316186373,1,3.8073549220576,7.6724253419715,1,8.03342300153745,2,1,12.1254134704833,6.4594316186373,11.6429542234803,2.58496250072116,8.32192809488736,3,3.8073549220576,7,2,5.32192809488736,3,5.4594316186373,1,5.08746284125034,7.76818432477693,2.58496250072116,1,2.58496250072116,1,3.8073549220576,3.58496250072116,8.60733031374961,6.8073549220576,5.16992500144231,1,11.4304525516655,1,15.03866183204,7.74146698640115,8.45121111183233,10.6438561897747,13.8041310211833,12.5999128421871,8.11894107272351,3.8073549220576,6.7279204545632,11.595257481449,10.4594316186373,13.3523193548468,12.9563761572497,13.0244471240406,2.58496250072116,8.56985560833095,10.967226258836,7.74146698640115,9.34872815423108,12.0112272554233,13.7086528356865,13.5987504095718,4.70043971814109,8.76155123244448,1,2,1,2.58496250072116,2.58496250072116,6.75488750216347,7.93073733756289,3,1,2,11.5147140541385,8.02236781302845,1,5.08746284125034,8.28540221886225,8.20945336562895,8.92481250360578,7.18982455888002,13.1532353386894,5,9.45121111183233,2,"0"
"TCGA.NC.A5HE.01A",7.55458885167764,11.3531468254981,10.5430318202552,5.16992500144231,7.4594316186373,2,2.58496250072116,10.9498267107591,2.58496250072116,6.64385618977472,2.58496250072116,15.7432566043252,1,6.4594316186373,12.360298426618,3,2,12.3810021095509,5.24792751344359,13.5790801838348,9.34429590791582,8.20945336562895,8.13955135239879,2,8.17990909001493,6.20945336562895,7.04439411935845,6.12928301694497,11.9113919878435,1,8.94251450533924,3.8073549220576,13.2422809503024,10.1267044728432,10.3309168781146,1,1,1,7.20945336562895,13.7586396370246,7.75488750216347,4.4594316186373,1,10.868822554775,1,13.2833777892856,2,1,4.16992500144231,7.8703647195834,1,6.75488750216347,6.04439411935845,2,9.23840473932508,6.64385618977472,2,1,8.33985000288462,4.32192809488736,4.4594316186373,8.07681559705083,1,1,1,3.32192809488736,1,10.3553510964248,6.08746284125034,1,1,1,2,5.64385618977472,9.77478705960117,6.93073733756289,3.8073549220576,4.32192809488736,3,10.7056323873614,1,11.8509681509824,2,8.74146698640115,5.08746284125034,11.9708249013626,2,3.32192809488736,5.90689059560852,6.28540221886225,10.2094533656289,10.7039035734447,12.1324997296285,11.0389189892923,8.21916852046216,4.32192809488736,8.39231742277876,9.48381577726426,4,3.32192809488736,11.2888660741658,12.5377037479076,12.9388444574662,10.8548683832602,3.32192809488736,1,6.28540221886225,2,3,5.95419631038687,11.7030383889864,1,3,1,1,9.24792751344359,9.37503943134693,1,5,6.64385618977472,4.16992500144231,8.56985560833095,6,11.9151324489507,9.54689445988764,11.1661630826461,3,"0"
"TCGA.63.A5MP.01A",8.04439411935845,16.0408462089944,8.70735913208088,12.8045344029952,6.95419631038687,4,4.70043971814109,12.616548843779,3,8.02236781302845,7.24792751344359,17.94206771752,4.70043971814109,1,11.0126245388651,4,4.70043971814109,13.8285332104556,5.85798099512757,15.1268657669393,8.59245703726808,7.52356195605701,2,6.4262647547021,11.2021238238305,7.04439411935845,8.18982455888002,6.85798099512757,13.4737057496194,1,11.7903484967519,6.90689059560852,13.8447057644119,12.0084286220706,9.11894107272351,1,4,1,9.82972273508606,14.1228279948077,2,9.69696752623429,1,11.5980525001616,1,13.5238069581873,1,1,6.12928301694497,4.70043971814109,1,6.8073549220576,3,2.58496250072116,12.5919897676151,13.8593406539675,3.8073549220576,2.58496250072116,7.8703647195834,5.85798099512757,5.16992500144231,8.2667865406949,3,4.32192809488736,2,4.32192809488736,2,6.4262647547021,7.16992500144231,3,2,1,1,7.71424551766612,4.16992500144231,10.5216004397237,4.32192809488736,5.08746284125034,3.8073549220576,12.1749256825007,1,13.6595499968799,8.06608919045777,7.8073549220576,12.6202198255075,14.0124499524256,7.4757334309664,9.37937836707126,8.6582114827518,12.7291958591321,11.5980525001616,11.1823943534045,16.2209450757904,12.1440208692669,9.70390357344466,6.88264304936184,17.5526991133272,11.5313814605163,12.5352753766208,8.67948009950545,12.1363503414542,13.192909219112,13.5452058274256,7.76818432477693,8.53138146051631,1,6.28540221886225,1,4.58496250072116,7.49185309632967,9.55074678538324,8.56224242422107,2,2,7.56985560833095,11.7064960180612,8.32192809488736,2,7.14974711950468,5.70043971814109,11.6519486107234,8,5.85798099512757,13.9592775057205,6.90689059560852,12.1947568544222,5.8073549220576,"0"
"TCGA.39.5036.01A",4,16.1128467141683,9.70390357344466,12.5092801680879,2.58496250072116,4,6.28540221886225,8,3,9.10852445677817,5.32192809488736,15.967226258836,3,3,11.7813597135247,5.08746284125034,2,11.8948177633079,3,12.2443638351205,7.4757334309664,9.60362634498619,7.6724253419715,1,9.14974711950468,6,5.8073549220576,5.39231742277876,10.0714623625566,1,7.59991284218713,7.14974711950468,10.1774195379892,10.1344263202209,7.5077946401987,9.06608919045777,2,1,4.8073549220576,12.3202364452416,5.16992500144231,5.75488750216347,1,9.14974711950468,1,11.3420746679991,4.32192809488736,1,2,8.29462074889163,1,6.35755200461808,4.16992500144231,5.08746284125034,11.0620461377205,9.4594316186373,5.08746284125034,1,7.37503943134692,5.16992500144231,3.32192809488736,5.58496250072116,3.32192809488736,8.10852445677817,9.53138146051631,3.58496250072116,1,2,7.32192809488736,3.32192809488736,2.58496250072116,4.16992500144231,1,6.8073549220576,2,9.34872815423108,5.8073549220576,6.39231742277876,1,10.2479275134436,3.8073549220576,13.7323794463914,8.40087943628219,6.20945336562895,10.9701058906122,9.37503943134693,9.62570884306447,6.88264304936184,8.56224242422107,10.7681843247769,10.0443941193585,9.96000193206808,12.0084286220706,11.4726908392428,11.9571020415623,5.39231742277876,16.5204652203184,7.4594316186373,11.4072677642447,6.32192809488736,10.7846348455575,12.0505289055306,13.1225044843139,6.16992500144231,6.12928301694497,1,5.32192809488736,1,1,3.8073549220576,8.6582114827518,4.8073549220576,1,3,7.90689059560852,9.4262647547021,5.90689059560852,2.58496250072116,4.90689059560852,5.52356195605701,8.23840473932508,6.32192809488736,1,12.171802288683,5.32192809488736,7.79441586635011,1,"0"
"TCGA.58.A46N.01A",6,15.2759789649756,8.79441586635011,12.3269911749008,8.7279204545632,3,6,13.0867996856235,2,8.70735913208088,2,17.0912907459201,3.58496250072116,1,11.871135184243,1,3,13.1845654524462,2,12.7210991887072,4.16992500144231,9.49585502688717,6.64385618977472,7.78135971352466,10.7927902943011,6.12928301694497,2,2.58496250072116,11.5028318040667,4.16992500144231,3.32192809488736,4.32192809488736,12.580729651599,12.9439799143437,11.6447575925163,2,1,1,4,13.6252522217469,4.16992500144231,11.1799090900149,1,12.2461467746359,1,11.0098286173681,1,1,3.58496250072116,4.4594316186373,1,5.64385618977472,10.4241662888181,4.70043971814109,12.5245417150358,13.8109732200022,1,2,8.31288295528435,1,4.16992500144231,9.40514146313634,1,5.58496250072116,1,2,1,5.4594316186373,8.54689445988764,2,3.58496250072116,2,1,9.93073733756289,8.57742882803575,4.70043971814109,6.16992500144231,8.34872815423108,2,11.496853777388,1,11.3586512008929,7.85798099512757,8.11894107272351,12.6532929453828,11.1446582428319,10.9068905956085,8.6724253419715,9.83289001416474,3.32192809488736,11.539158811108,10.9556499075284,15.8385638046181,12.2197735508929,11.7582232147267,2,8.10852445677817,7.6724253419715,5.85798099512757,7.68650052718322,12.5367328898354,12.3842441222431,13.1996723448364,6.12928301694497,3.32192809488736,1,3.58496250072116,2,2,1,10.1623913287569,7.75488750216347,3.58496250072116,2,3.32192809488736,10.4838157772643,10.652844973002,1,5,6.24792751344359,8.64385618977472,7.08746284125034,3.8073549220576,10.5622424242211,5.75488750216347,10.4998458870832,5.16992500144231,"0"
"TCGA.37.A5EN.01A",6.61470984411521,14.4810425749338,7,9.14974711950468,4.8073549220576,3,5,9.55074678538324,2.58496250072116,6.52356195605701,2.58496250072116,16.3900681682832,2.58496250072116,4.58496250072116,11.0416591516372,10.1111356702347,3,12.2877123795494,3.32192809488736,12.6662240028032,4,8.36632221424582,2.58496250072116,7.93073733756289,11.6156296369681,5.24792751344359,4,5.58496250072116,11.8368393597487,2,10.4051414631363,4.70043971814109,11.9061389961954,9.86727873970966,9.74146698640115,1,1,1,7.5077946401987,13.1360298493856,4.90689059560852,8.85798099512757,1,9.43045255166553,1,13.0576533399639,4.4594316186373,1,4.70043971814109,1,1,8.58496250072116,2,5.58496250072116,10.8978454560055,12.9381093262192,10.1623913287569,1,7.84549005094437,1,5.08746284125034,6.32192809488736,4.90689059560852,4.4594316186373,2,1,1,9.19967234483636,5.75488750216347,1,2,1,1,6.28540221886225,5.39231742277876,7.14974711950468,3.32192809488736,4.58496250072116,1,9.4797802640291,1,12.5377037479076,5.85798099512757,6.75488750216347,12.0920964149908,10.7764330324447,12.0285967770671,4.90689059560852,9.89784545600551,4.70043971814109,9.77807712953536,10.1006623390052,13.9726208620587,11.3553510964248,8,3,6.49185309632967,8.21916852046216,5.39231742277876,7.2667865406949,11.1885888457073,11.632995197143,12.2502984179063,6.16992500144231,4.4594316186373,2,6.04439411935845,1,3.8073549220576,10.103287808412,10.5868397879618,5.64385618977472,1,4,1,9.34872815423108,6.6724253419715,1,2.58496250072116,5.95419631038687,8.39231742277876,9.48381577726426,8.77478705960117,11.5048189876328,6.4262647547021,9.27146302790437,2.58496250072116,"0"
"TCGA.18.4721.01A",5.39231742277876,13.9772799234999,8.53915881110803,6.04439411935845,7.20945336562895,2,3,8.62935662007961,3,2,2,16.3794799045342,3,6.32192809488736,10.4450148458684,3.58496250072116,1,12.1724275086455,4,11.8486229404293,7.44294349584873,6.85798099512757,6.04439411935845,6.20945336562895,8.67948009950545,4.32192809488736,6.08746284125034,5.39231742277876,10.2854022188622,1,7.8703647195834,2,13.8616685206136,10.1111356702347,6.35755200461808,1,1,1,5.52356195605701,10.929258408637,7.49185309632967,9.04984854945056,1,7.59991284218713,1,11.0140204703149,1,1,2.58496250072116,1,1,5.52356195605701,9.63299519714296,2,11.0781508077346,12.7473538294781,4.16992500144231,1,6.35755200461808,2.58496250072116,4,9.4093909361377,1,1,1,2.58496250072116,2.58496250072116,2,5.90689059560852,2.58496250072116,2,1,1,2,2.58496250072116,8.34872815423108,2,2.58496250072116,1,10.2946207488916,1,12.1503819688178,2,2,4.4594316186373,11.5736471874933,3.58496250072116,1,3.8073549220576,9.19967234483636,10.2240016741981,9.2667865406949,10.9410476063406,8.85174904141606,5.90689059560852,6.04439411935845,11.4797802640291,8.91288933622996,8.74146698640115,6.7279204545632,10.9686667931952,11.1369911120802,12.2801907922169,2.58496250072116,3.8073549220576,1,1,1,4.32192809488736,7.4262647547021,10.2946207488916,4.8073549220576,3.32192809488736,1,3.32192809488736,8.32192809488736,8.84549005094437,1,2.58496250072116,1,8.78790255939143,4.8073549220576,9.5274770060604,12.0973737689902,5.32192809488736,9.99717948093762,2.58496250072116,"0"
"TCGA.18.3419.01A",5.39231742277876,15.7734483225387,3,13.1526017440192,4.90689059560852,1,6.08746284125034,10.9801395776392,2,4.90689059560852,2,15.8456370572153,3.8073549220576,9.05528243550119,10.9527412471865,3.32192809488736,3.8073549220576,13.5795516528066,3.58496250072116,12.9675865272961,2.58496250072116,9.24792751344359,5.70043971814109,2,10.2215871212648,6.85798099512757,3.32192809488736,3,11.2796105810525,1,6.8073549220576,5.16992500144231,12.6397928932793,9.31741261376487,8.90689059560852,3,1,1,4.58496250072116,12.6114859432409,3,4,1,11.8672787397097,6.08746284125034,11.3944626946103,2,1,3.32192809488736,1,1,7.28540221886225,6.55458885167764,1,10.6492561775173,1,1,1,7.16992500144231,4.90689059560852,2,6.28540221886225,1,1,2,1,2,6.83289001416474,10.403012023575,1,1,6.75488750216347,1,5,3.32192809488736,6.52356195605701,5.64385618977472,4.32192809488736,1,10.6635581042173,1,13.5605716712366,7.52356195605701,8.27612440527424,6.04439411935845,10.729620743553,5.8073549220576,2,4.4594316186373,2.58496250072116,11.3923174227788,10.0768155970508,14.6668897084403,12.3089078040639,12.5454471816781,1,5.95419631038687,8.63662462054365,3.32192809488736,7.89481776330794,11.1922928144708,12.3581017074408,12.8509681509824,3.58496250072116,4.90689059560852,4.70043971814109,2.58496250072116,1,1,1,7.37503943134692,4.8073549220576,2,4.16992500144231,1,10.9614496943982,5.39231742277876,1,2,5,6.78135971352466,9.74819284958946,3,10.9469062744564,7.04439411935845,5.8073549220576,4,"0"
"TCGA.66.2759.01A",5.90689059560852,15.5405518709337,8.32192809488736,13.8624436422123,7.94251450533924,2,8.04439411935845,9.37068740680722,3,7.28540221886225,2.58496250072116,16.9414603224594,4.32192809488736,6.35755200461808,11.5612879451648,3.32192809488736,1,12.1984450414524,4.32192809488736,13.0467829703564,7.52356195605701,10.3487281542311,8.57742882803575,4.4594316186373,8.21916852046216,5.58496250072116,4.90689059560852,7.37503943134692,11.3431857154479,1,8.23840473932508,4,13.7178905839873,10.3398500028846,11.0927571409199,4.58496250072116,1,1,7.20945336562895,15.171802288683,1,7.75488750216347,1,11.3049216695817,6.32192809488736,11.7125270004398,2,1,2,3.8073549220576,1,7.75488750216347,4.4594316186373,1,12.5641494899857,6.35755200461808,1,1,8.81378119121704,4.4594316186373,1,8.60733031374961,3,3.58496250072116,3.32192809488736,2.58496250072116,2,2.58496250072116,7.16992500144231,1,1,3.58496250072116,1,8.75488750216347,4.32192809488736,7.8073549220576,6.16992500144231,5,3,11.468624042918,1,13.3605727814807,6.78135971352466,8.53915881110803,11.5896511465148,12.4014128787142,8.17990909001493,7.12928301694497,6.8073549220576,6.93073733756289,11.9233274854192,10.6635581042173,15.0472091349655,12.4314976042581,11.6193029554157,3.8073549220576,13.382083590142,9.5077946401987,7.4093909361377,9.43879185257826,12.6110247973074,12.7561392983729,13.007027266894,4.70043971814109,5.52356195605701,1,5,1,1,1,8.78790255939143,6.16992500144231,3,1,1,11.2191685204622,6.7279204545632,1,5.08746284125034,2,7,6.58496250072116,4.32192809488736,11.4262647547021,5.32192809488736,8.45121111183233,2,"0"
"TCGA.77.7139.01A",7.04439411935845,14.617008227652,7.94251450533924,8.75488750216347,6.90689059560852,4,5.16992500144231,7.85798099512757,3.8073549220576,13.3003525603282,1,16.7284254370353,4.58496250072116,1,12.120237877342,11.6073303137496,1,14.6715410667119,4.32192809488736,13.2761244052742,3,8.83289001416474,8.15987133677839,2,13.8233672400462,6.35755200461808,4.70043971814109,5.4594316186373,12.8229690904533,2.58496250072116,8.49185309632967,6.88264304936184,13.6015386759398,9.1548181090521,7.2667865406949,5.52356195605701,1,1,5.52356195605701,14.0838117072529,5.39231742277876,7.89481776330794,1,9.59245703726808,2,12.8181827049486,2,1,3.58496250072116,2,1,4.8073549220576,3.32192809488736,8.17990909001493,12.3971398062356,13.9915218460757,2,1,9.57364718749332,2.58496250072116,5.24792751344359,5.16992500144231,1,9.14465824283188,2.58496250072116,1,2,10.9351650496037,5.16992500144231,3,3,1,1,6.4262647547021,10.8328900141647,5.70043971814109,5.08746284125034,6.64385618977472,2,11.7573900093666,1,9.12412131182919,9.62570884306447,6.88264304936184,13.5915223465707,12.2928967554092,9.34429590791582,5.08746284125034,9.75488750216347,3.32192809488736,11.5717526435035,10.6969675262343,14.7332272178516,12.8269456504155,10.7698378436294,2,6.4262647547021,9.97154355395077,3.32192809488736,10.1189410727235,13.2749604721406,13.5750664645787,13.838613044197,3.32192809488736,9.69696752623429,2,6.58496250072116,1,3,4.58496250072116,8.90086680798075,9.80413102118332,3.32192809488736,1,1,9.93663793900257,9.08746284125034,1,4.4594316186373,11.1421070573025,11.0320457269308,9.36632221424582,4.32192809488736,13.182704710519,4.90689059560852,11.7797193551434,4.16992500144231,"0"
"TCGA.56.A4ZK.01A",6.32192809488736,14.4317587491662,6.39231742277876,12.4537850554962,6.20945336562895,4.16992500144231,5.75488750216347,12.8849336479498,4,9.78135971352466,1,16.7012523057229,4.90689059560852,1,12.1699250014423,2.58496250072116,1,14.2288186904959,3.8073549220576,13.5203731363397,3.32192809488736,9.04439411935845,7.59991284218713,2.58496250072116,9.91587937883577,6.04439411935845,6.32192809488736,6.55458885167764,12.0014081943928,1,8.03342300153745,6,12.7936033092794,7.39231742277876,11.3901689562002,1,1,1,8.22881869049588,13.667111542075,2.58496250072116,6.39231742277876,2,11.9722618487333,1,12.4548133485125,5.75488750216347,1,3.58496250072116,4,1,9.26209484537018,1,4.16992500144231,12.8649599151426,13.0133226734254,3,1,7.44294349584873,2.58496250072116,3.8073549220576,6,3,5.16992500144231,1,3.58496250072116,2,9.02790599656988,7.61470984411521,3.32192809488736,2,2,2,7.59991284218713,6.61470984411521,7.59991284218713,5.64385618977472,5.75488750216347,1,10.0660891904578,2.58496250072116,14.6965329140783,5.24792751344359,9.04984854945056,13.4782640315817,11.5933911227917,12.7780771295354,5.75488750216347,11.0402897210257,4.16992500144231,9.18982455888002,10.3060616894283,13.0112272554233,12.2221911384563,10.8780509127285,4.16992500144231,8.33091687811462,9.04984854945056,5.4594316186373,7.88264304936184,10.7347096202258,10.9454438363779,12.8388099857086,5.39231742277876,7.3037807481771,1,4.70043971814109,1,1,1,9.72109918870719,7.37503943134692,4.16992500144231,3.32192809488736,1,9.73131903102506,6.88264304936184,1,3.8073549220576,8.01122725542325,11.6293566200796,9.91288933622996,4.32192809488736,11.8795832496128,6.88264304936184,9.59245703726808,3.8073549220576,"0"
"TCGA.77.8156.01A",6.83289001416474,12.6640027628865,9.45121111183233,7.98868468677217,7.90689059560852,3,5.85798099512757,9.29920801838728,1,5.8073549220576,3.8073549220576,16.4970097697157,3.58496250072116,1,11.3923174227788,6.4594316186373,4,11.4040771362412,4,12.2155329997457,7.95419631038687,8.4093909361377,7.08746284125034,8.16992500144231,10.6036263449862,4.90689059560852,6.6724253419715,7.94251450533924,10.9083926207737,1,8.53915881110803,3.58496250072116,14.7254727730894,10.2191685204622,9.49185309632967,8.7279204545632,1,1,6.52356195605701,12.9454438363779,1,9.50382573799575,1,9.94836723158468,1,11.7279204545632,3.58496250072116,1,3,3.8073549220576,1,7.14974711950468,2,3.58496250072116,10.9971794809376,11.2057932493972,4.32192809488736,2,5.08746284125034,3.32192809488736,1,10.4878400338231,4,2,10.2900188469326,2,1,6.6724253419715,5.70043971814109,1,1,4,1,7.4757334309664,2,7.5077946401987,4.32192809488736,4,3,9.25266543245025,6.39231742277876,12.8745971924016,3,7.08746284125034,6.28540221886225,12.078817949962,6.04439411935845,2.58496250072116,5.95419631038687,6.49185309632967,10.9143851321554,9.59991284218713,11.6653359171852,11.9173720794768,5.70043971814109,3.8073549220576,6,9.61838550225861,5,7.39231742277876,10.8423503434138,11.6591039634737,12.4933551214949,6.88264304936184,5.32192809488736,2,3.32192809488736,1,4.58496250072116,5.75488750216347,7.65821148275179,5.70043971814109,1,4.16992500144231,2,9.96578428466209,7.61470984411521,1,3.32192809488736,5.75488750216347,7.70043971814109,10.0687782779854,3.32192809488736,11.7481928495895,7.12928301694497,7.89481776330794,3.32192809488736,"0"
"TCGA.37.4133.01A",6.20945336562895,14.2535520626375,9.23840473932508,6.4594316186373,7.39231742277876,4,6.55458885167764,12.4109812670438,2.58496250072116,2,3.32192809488736,14.8414660681542,3,1,11.129283016945,2.58496250072116,1,12.9925843440058,5.24792751344359,11.8841705191084,6.78135971352466,9.21431912080077,2.58496250072116,1,10.1111356702347,7.79441586635011,4.16992500144231,7.88264304936184,10.902375114486,5.64385618977472,9.79441586635011,1,13.1560830762887,8.88264304936184,8.23840473932508,1,2,1,7,16.0266531132598,4.16992500144231,6.39231742277876,1,8.93073733756289,1,11.8610869059954,3.58496250072116,1,3,7.8073549220576,1,6.78135971352466,2.58496250072116,1,7.32192809488736,11.6555307231556,2,2,4.32192809488736,3.32192809488736,3.58496250072116,6.97727992349992,2.58496250072116,1,2,1,2.58496250072116,1,8.4178525148859,1,6.70043971814109,1,1,2.58496250072116,1,8.82017896241519,6.24792751344359,2,2.58496250072116,11.7090838125503,2,8.8703647195834,3.8073549220576,3.32192809488736,3.32192809488736,10.7465143211385,4.4594316186373,4.4594316186373,4.70043971814109,10.9336906549522,10.729620743553,10.3174126137649,11.9270371687203,11.5352753766208,9.21916852046216,5.64385618977472,13.6821167649501,9.38801728534514,11.5459297690855,4.58496250072116,11.468624042918,12.357002092265,12.5352753766208,5.39231742277876,5.95419631038687,1,3,1,3.58496250072116,5,10.2384047393251,5.64385618977472,2.58496250072116,1,7.14974711950468,10.0334230015375,6.55458885167764,1,6,4.32192809488736,8.20945336562895,7.88264304936184,4.32192809488736,12.4943556035328,5.08746284125034,8.6582114827518,2,"0"
"TCGA.98.A53I.01A",7.97727992349992,14.7762273885073,10.2714630279044,7.24792751344359,7,2.58496250072116,5.70043971814109,11.2227949028681,3.32192809488736,7.62935662007961,3,16.2096818148719,2,1,11.5774288280357,2,6.90689059560852,12.5362472156881,5.16992500144231,13.1557669384457,4,8.4594316186373,9.07146236255662,6.24792751344359,12.4460494067166,6.85798099512757,4.8073549220576,5.70043971814109,11.6266216523584,1,8.74146698640115,5.75488750216347,13.5169311219987,7.55458885167764,10.8281364841941,1,1,1,4.32192809488736,12.5161924778794,1,8.34872815423108,1,12.297489501161,1,12.1630206395808,1,1,4.16992500144231,8.34872815423108,1,9.21431912080077,6,5,11.292321632802,10.4178525148859,2.58496250072116,1,6.88264304936184,1,5.95419631038687,5.52356195605701,2.58496250072116,4.90689059560852,1,2.58496250072116,2,6.12928301694497,6.58496250072116,1,4.16992500144231,1,1,5.58496250072116,11.2714630279044,5.52356195605701,2,4.16992500144231,2.58496250072116,10.8057438721516,1,14.1437020768579,7.98868468677217,5,10.467605550083,12.9173720794768,8.54689445988764,6.49185309632967,9.44708322620965,3.32192809488736,11.1774195379892,10.7829982089204,10.1006623390052,11.3037807481771,8.4594316186373,5,3,10.2992080183873,3,5.85798099512757,12.8792003179474,12.6851867965953,13.6302671250268,8.72109918870719,5.32192809488736,1,6.35755200461808,1,3.8073549220576,5.16992500144231,11.0714623625566,4.32192809488736,3.58496250072116,1,1,9.96289600533726,8.63662462054365,1,4.70043971814109,6.20945336562895,7.79441586635011,6.95419631038687,6.04439411935845,13.3080545590666,5.08746284125034,11.6715410667119,2,"0"
"TCGA.21.1072.01A",7.49185309632967,15.3302866815182,8.7279204545632,9.82972273508606,8.94836723158468,3,6.4262647547021,13.0771495155897,1,5,2,16.4947618512591,3.8073549220576,8.7279204545632,11.3454052467178,4.16992500144231,1,12.6816776552097,4.32192809488736,13.9445290591988,6.55458885167764,8.67948009950545,4.58496250072116,6.12928301694497,9.83605035505807,6.4262647547021,2,5.52356195605701,11.8811139606751,1,6.7279204545632,3,13.7980667203631,5.4594316186373,10.1873520732005,3.32192809488736,1,1,3.32192809488736,13.8374308302213,3.8073549220576,11.0566377151132,1,10.6110247973074,1,11.496853777388,1,1,2.58496250072116,8.18982455888002,1,7.35755200461808,7.24792751344359,1,12.2045711442492,15.0688622312597,6.88264304936184,1,7.3037807481771,2.58496250072116,1,10.813781191217,3.8073549220576,3.58496250072116,2,1,4.32192809488736,3.32192809488736,6,1,4,1,1,8.40087943628219,6.4594316186373,5.70043971814109,4.58496250072116,5.24792751344359,1,10.981567281903,1,13.6031626795344,6,9.73470962022584,7.37503943134692,12.6856248397264,6.4594316186373,4,5.75488750216347,5.39231742277876,10.8595347863827,10.8993569229231,16.4206510843698,12.4067364826917,10.6917435191713,4.70043971814109,7.90689059560852,10.2761244052742,3.32192809488736,7.39231742277876,12.7351328841399,12.9869086246977,13.7698378436294,7.28540221886225,6.83289001416474,1,2,1,1,6.08746284125034,12.3939266756404,6.52356195605701,1,2,1,10.9901039638575,10.9758479680068,1,4.16992500144231,2,9.68999797141945,7.85798099512757,10.5545888516776,12.3066313617125,5.58496250072116,8.08746284125034,5.8073549220576,"0"
"TCGA.34.8456.01A",6.20945336562895,15.3121739096904,8.70735913208088,10.3309168781146,4.90689059560852,2,5.24792751344359,9.6724253419715,2,1,4,15.8609414656968,4.32192809488736,1,11.9373738201921,6.7279204545632,3.8073549220576,12.518161355757,5.85798099512757,12.9657842846621,4.90689059560852,9.43462822763673,3,5.64385618977472,11.0361736125535,6.95419631038687,5.85798099512757,6.08746284125034,10.8313072438021,2,10.9143851321554,4.70043971814109,13.702822011777,10.0927571409199,10.3060616894283,2.58496250072116,2.58496250072116,1,6.58496250072116,11.5127404628035,6.35755200461808,9.64385618977473,1,11.0808175276083,1,12.2900188469326,1,1,3.8073549220576,6.7279204545632,1,6.75488750216347,2,4.70043971814109,11.9277779620823,11.631177055704,1,1,7.64385618977472,3,4.16992500144231,7.61470984411521,1,1,3.32192809488736,1,1,2,5.4594316186373,1,2,1,1,7.04439411935845,5.4594316186373,10.6899979714194,5.16992500144231,5.85798099512757,1,9.55074678538324,3.32192809488736,13.539643506238,1,7.58496250072116,11.0741414627525,11.9083926207737,9.15987133677839,4,7.75488750216347,7.97727992349992,10.0279059965699,10.7347096202258,14.6191883056726,12.1579784499454,6.97727992349992,3.58496250072116,12.4220647661728,9.90388184573618,8.04439411935845,7.12928301694497,10.4898479604393,10.2336196767597,12.9545598469998,4.4594316186373,5.16992500144231,2.58496250072116,4.32192809488736,1,2,3,7.93073733756289,6.08746284125034,3,5.24792751344359,2.58496250072116,10.3106127816595,9.57364718749332,1,4.16992500144231,5.58496250072116,9.57364718749332,4.16992500144231,4.58496250072116,12.6873756834375,5.95419631038687,12.2957689344205,2.58496250072116,"0"
"TCGA.94.A5I6.01A",5.16992500144231,14.0028150156071,9.43045255166553,8.5077946401987,8.27612440527424,4.4594316186373,4.4594316186373,11.6803595235137,2.58496250072116,6.08746284125034,1,16.7969268206165,2.58496250072116,8.96578428466209,12.0960562391809,5.75488750216347,1,13.4648009816554,4,13.4911014969165,5.64385618977472,10.5430318202552,4,5.58496250072116,9.93957921431469,7.3037807481771,4.32192809488736,6.04439411935845,11.6768386064742,3.32192809488736,5.95419631038687,4.70043971814109,13.4956052311908,10.0874628412503,11.9469062744564,1,2,1,5.8073549220576,12.5660540381711,5.39231742277876,8.56224242422107,1,12.4056733322819,1,13.2387032794277,1,1,4,6.28540221886225,1,7.53915881110803,4.58496250072116,4.16992500144231,11.1045987535644,14.0015841220853,1,2,7.4262647547021,1,2,7.88264304936184,1,5.8073549220576,2.58496250072116,4.32192809488736,1,4.32192809488736,4.70043971814109,3.32192809488736,5.32192809488736,1,2,5.85798099512757,7.55458885167764,7.53915881110803,6.93073733756289,7.06608919045777,1,10.467605550083,2.58496250072116,13.8883627411706,9.72451385311995,8.06608919045777,13.7498694273968,10.8564255286255,8.31288295528435,3.58496250072116,7.62935662007961,5.16992500144231,10.6969675262343,9.78790255939143,14.0143692422351,12.3145832442742,12.0042204663182,3,8.56985560833095,8.22881869049588,6.7279204545632,6,12.2076244682268,12.6564248632778,12.8225708309502,5.90689059560852,2,2,3,1,4.4594316186373,8.31288295528435,11.6257088430645,4.4594316186373,3.32192809488736,4.16992500144231,1,10.612868497291,10.4220647661728,3.58496250072116,5.4594316186373,7.22881869049588,8.66533591718518,6.97727992349992,6.49185309632967,10.0714623625566,4.58496250072116,11.429406741514,1,"0"
"TCGA.NC.A5HN.01A",6.04439411935845,15.2945489569461,8.70735913208088,9.82336724004623,5.90689059560852,4.16992500144231,2.58496250072116,12.4898479604393,2,3.58496250072116,1,16.7864993703855,6.24792751344359,1,11.2644426002266,6.04439411935845,1,13.3564519702218,3,12.9858419370033,5.39231742277876,9.8073549220576,9.10328780841202,4.70043971814109,5.58496250072116,6.16992500144231,2.58496250072116,3.32192809488736,12.3026389237876,1,3,5.32192809488736,11.5206186805563,11.3072008091408,10.7895336449704,3,1,2,3.32192809488736,14.7426252279296,3.32192809488736,6.85798099512757,1,12.1013191544233,1,12.1440208692669,1,1,2,5.4594316186373,1,7.33985000288462,4.58496250072116,2,11.9016211583461,13.2387032794277,1,1,8,1,3.32192809488736,3.8073549220576,1,7.22881869049588,9.83289001416474,3.58496250072116,1,9.04984854945056,8.82017896241519,2,1,1,1,11.9715435539508,9.73131903102506,3,5.24792751344359,9.88569637333939,1,10.5018371849023,2.58496250072116,12.2544381482673,3.32192809488736,8.72109918870719,13.9991191799953,12.0126245388651,11.0674343607565,7.06608919045777,10.283088353024,3.58496250072116,10.3037807481771,10.4387918525783,16.3757182508395,13.6579882762779,10.9425145053392,1,7.10852445677817,8.69348695749932,4,8.79441586635011,11.0443941193585,13.7385145324293,12.871135184243,1,2,1,2,1,1,4.70043971814109,6.6724253419715,8.91288933622996,1,2.58496250072116,1,10.3241805466187,6.6724253419715,1,4.70043971814109,4.90689059560852,3,8.74146698640115,5.24792751344359,11.5381889320524,5.95419631038687,10.7481928495895,1,"0"
"TCGA.94.8490.01A",5.64385618977472,15.7678740788976,7.83289001416474,13.8002932582234,8.27612440527424,2.58496250072116,6.39231742277876,13.3509391815464,1,10.6987046667703,2.58496250072116,16.9766759905918,5.4594316186373,2,11.7456743240021,4.8073549220576,1,13.7097300365436,2.58496250072116,12.6978363579624,4.70043971814109,9.09803208296053,5.24792751344359,4.16992500144231,11.1163439612375,5.64385618977472,1,3.32192809488736,11.5225815312548,2,4.58496250072116,7.59991284218713,11.2737955992143,11.4817994316658,9.68999797141945,1,1,2.58496250072116,7.71424551766612,13.075479149488,3.32192809488736,3.8073549220576,1,12.237209960755,1,12.0437108633472,1,1,1,7.91886323727459,1,8.7279204545632,3.8073549220576,2,11.4231159101471,10.7582232147267,3,1,7.52356195605701,1,3.32192809488736,4.4594316186373,2,6.97727992349992,3,1,3,8.33985000288462,7.94251450533924,1,7.20945336562895,1,1,11.7632123668144,7.49185309632967,4.4594316186373,5,6.49185309632967,1,10.243173983473,1,13.7334390828994,11.6882503091332,6.55458885167764,12.7435721889356,10.6220518194564,11.9121408562957,6.16992500144231,8.91288933622996,6,11.1189410727235,10.7927902943011,15.4985376025994,12.6022349013411,13.0623834918763,3.8073549220576,5.95419631038687,8.49185309632967,2,7.4757334309664,11.9657842846621,13.0017600283272,12.7021726853655,5.95419631038687,6.88264304936184,1,4.8073549220576,2,2,3,9.04439411935845,8.31288295528435,1,1,2.58496250072116,9.4757334309664,7.3037807481771,1,5.8073549220576,9.01680828768655,9.57742882803575,9.38370429247405,6.90689059560852,11.468624042918,5.70043971814109,7.89481776330794,4.16992500144231,"0"
"TCGA.21.1075.01A",6.08746284125034,15.2827988586835,11.0674343607565,9.4594316186373,5.64385618977472,3.58496250072116,6.52356195605701,12.1098306542788,1,6.55458885167764,2.58496250072116,17.0139550661921,2.58496250072116,6.58496250072116,11.6429542234803,3.58496250072116,1,13.3501104433479,2,13.570567288872,6.49185309632967,10.4199601778479,8.49185309632967,9.20945336562895,8.72109918870719,7.4093909361377,3.32192809488736,5.90689059560852,11.8320988460391,2.58496250072116,5.4594316186373,2,12.4008794362822,12.4670960339057,11.380461065089,3,2,1,5.39231742277876,13.7213128421753,5,10.2597432636908,1,10.8297227350861,1,12.0375469539622,4.8073549220576,1,3.58496250072116,4.90689059560852,1,5.4594316186373,5.64385618977472,2.58496250072116,12.4413880293467,14.9226773089854,2,1,7.20945336562895,4,3.32192809488736,10.5430318202552,2.58496250072116,3.32192809488736,1,3.58496250072116,1,3.8073549220576,8.04439411935845,3.32192809488736,1,1,1,4.32192809488736,3.58496250072116,9.93957921431469,5.08746284125034,7.2667865406949,3,11.8826430493618,2,12.5333297323058,4,8.13955135239879,7.10852445677817,10.8610869059954,3.8073549220576,4.16992500144231,7.12928301694497,8.59245703726808,11.7698378436294,11.0993478104032,13.5524289485265,13.2452555803066,11.6697708885255,4.32192809488736,13.7268567554507,8.95419631038687,9.97727992349992,8.49984588708321,11.6724253419715,12.3885555039826,12.6952282914958,6.7279204545632,4.70043971814109,1,4.16992500144231,1,2.58496250072116,2.58496250072116,9.5352753766208,7.28540221886225,5.64385618977472,1,5.08746284125034,10.9614496943982,11.9203528554151,1,5.95419631038687,5.52356195605701,9.90388184573618,5,1,11.843921051289,5.4594316186373,12.0195907283579,1,"0"
"TCGA.85.A4CN.01A",7.02236781302845,15.0717975222842,9.2667865406949,10.8201789624152,9.45121111183233,2.58496250072116,5.8073549220576,9.94836723158468,1,8.8073549220576,2,16.6422209604196,1,1,11.612868497291,2,2.58496250072116,12.3858624006415,2,12.403544678202,5.75488750216347,7.84549005094437,8.43462822763673,9.8073549220576,7.91886323727459,5.32192809488736,4,6.70043971814109,11.0741414627525,1,4,5,14.9141047885251,10.9600019320681,9.26209484537018,3,1,1,6.35755200461808,12.2473341780287,4.90689059560852,8.65105169117893,1,11.1111356702347,1,13.3014961949825,1,1,1,4.16992500144231,1,7.16992500144231,5,1,11.7431513941125,13.2822196956726,1,2,7.94251450533924,1,3,7.95419631038687,2,3.32192809488736,1,2.58496250072116,2,6.64385618977472,6.35755200461808,1,1,2,1,7.62935662007961,7.85798099512757,6.4262647547021,3.58496250072116,5,1,10.6017707884077,2,13.2357150947619,6.95419631038687,8.4757334309664,10.8856963733394,11.8603110549195,9.04439411935845,6.52356195605701,7.88264304936184,1,11.1724275086455,10.5410966153495,13.8523344319864,11.2094533656289,8.85798099512757,1,2,9.37068740680722,2,7.70043971814109,11.4262647547021,12.5731737846865,12.4933551214949,5.24792751344359,2,2.58496250072116,4,2,1,2,9.35755200461808,4.32192809488736,1,2.58496250072116,1,10.1163439612375,8.62205181945638,1,4.32192809488736,8.20945336562895,6.20945336562895,10.5468944598876,5.24792751344359,11.6447575925163,6.32192809488736,11.2395985292491,2.58496250072116,"0"
"TCGA.56.7580.01A",6.12928301694497,13.0265234425198,8.15987133677839,13.5802585674998,8.17990909001493,4.4594316186373,3.58496250072116,10.9454438363779,1,1,3.32192809488736,16.23451808574,2,1,11.4325419003883,7.65821148275179,8.98868468677217,13.2963426846929,4.32192809488736,12.7838167593202,7.75488750216347,9.2807707701306,6.83289001416474,7.52356195605701,5.8073549220576,5.8073549220576,5,6.35755200461808,11.6873756834375,2,6.16992500144231,3.58496250072116,14.1268657669393,7.56985560833095,10.590587049915,1,1,1,7.78135971352466,13.532112370795,7.94251450533924,3.58496250072116,1,9.46352437327118,3.58496250072116,11.1686721181322,1,1,3,5.8073549220576,1,9.08746284125034,11.0848083878044,3.32192809488736,12.0973737689902,7.97727992349992,1,1,9.93663793900257,3.8073549220576,3.8073549220576,8.06608919045777,3,1,1,2,2.58496250072116,3.58496250072116,8,2,1,1,2.58496250072116,4.58496250072116,4.4594316186373,7.6724253419715,6.24792751344359,5.58496250072116,1,10.8153832958135,2.58496250072116,8.876516946565,1,8.36632221424582,3.32192809488736,11.3140167039014,2,1,5.95419631038687,6.95419631038687,10.7747870596012,10.3575520046181,14.1355489777492,13.0416591516372,6.32192809488736,3.58496250072116,10.5849625007212,9.49984588708321,7.59991284218713,4.8073549220576,12.4609677625704,11.6366246205436,13.5161924778794,3.8073549220576,5.08746284125034,1,1,1,1,1,10.1059085085712,2,2.58496250072116,1,3.32192809488736,10.2336196767597,10.4262647547021,1,4.32192809488736,2,7.89481776330794,5.08746284125034,2.58496250072116,11.6257088430645,6.20945336562895,9.66533591718518,11.5641494899857,"0"
"TCGA.63.7023.01A",6,13.3788367132106,8.18982455888002,9.40514146313634,8.78790255939143,3.58496250072116,3,8.84549005094437,2.58496250072116,4.70043971814109,4,16.2218514099034,4.4594316186373,6.04439411935845,12.4983506079296,5.85798099512757,1,12.5975870395862,3.58496250072116,13.8075561768589,7.3037807481771,8.4093909361377,3,7.83289001416474,8.17990909001493,5.8073549220576,2.58496250072116,4.90689059560852,13.0617087046606,1,10.2045711442492,3.58496250072116,14.3685064615077,10.319672120947,9.4262647547021,5.8073549220576,3.32192809488736,1,9.64385618977473,12.4486325677306,2.58496250072116,8.97727992349992,1,8.49185309632967,1,11.7632123668144,3.8073549220576,1,3.8073549220576,4.32192809488736,1,8.05528243550119,2,4.16992500144231,12.1452953349336,2.58496250072116,7.61470984411521,1,7.4757334309664,3.58496250072116,3.58496250072116,7.59991284218713,5.75488750216347,2,1,1,1,2,6.28540221886225,4.16992500144231,2,1,1,4.70043971814109,2.58496250072116,6.85798099512757,4.16992500144231,4.58496250072116,1,12.0559602344523,2.58496250072116,13.5814359894544,1,8.19967234483637,6.4594316186373,11.6193029554157,2.58496250072116,1,7.24792751344359,7.65821148275179,11.4157417682901,10.1922928144708,16.405839501186,13.6768386064742,9.31741261376487,4.4594316186373,13.0247933847025,8.64385618977472,8.06608919045777,4.8073549220576,11.9307373375629,13.9828153651899,13.4785168476765,7.91886323727459,2.58496250072116,1,4.70043971814109,1,4.90689059560852,3,13.2395985292491,4,1,6.28540221886225,5.32192809488736,9.89178370321831,7.10852445677817,1,2.58496250072116,1,6.58496250072116,5.16992500144231,7,11.3987436919382,6.20945336562895,7.82017896241519,7.61470984411521,"0"
"TCGA.85.8354.01A",5.64385618977472,13.8722901102881,9.73131903102506,8.15987133677839,4.8073549220576,2,6.08746284125034,9.24792751344359,2,8.07681559705083,4.58496250072116,16.6511638366212,5.58496250072116,2.58496250072116,12.0593444608244,3,2,12.998237821888,2,13.5896511465148,6.49185309632967,9.38801728534514,5.16992500144231,1,10.2969162068793,5.39231742277876,3.58496250072116,5.64385618977472,11.4220647661728,2,5.75488750216347,3.8073549220576,10.7279204545632,11.6339034093485,11.6978363579624,3.58496250072116,1,1,5.75488750216347,12.8722901102881,3.8073549220576,6.64385618977472,1,11.1984450414524,1,12.3359485652023,2,1,3.58496250072116,5.64385618977472,1,7.20945336562895,1,2,11.7193888209421,13.1959872980285,2,1,7.64385618977472,4,4.58496250072116,6.04439411935845,2,3,1,3.58496250072116,1,3.58496250072116,6.39231742277876,3,1,1,1,8.59245703726808,3.8073549220576,7.95419631038687,4.90689059560852,4.70043971814109,1,10.5018371849023,5,13.0539258815311,5.24792751344359,6.4594316186373,9.4178525148859,10.7895336449704,9.57742882803575,4.32192809488736,6.97727992349992,9.11374216604919,10.91288933623,10.9872640120725,10.642051692928,11.5216004397237,8.54689445988764,4,14.744098009928,8.8008998999203,9.66177809777199,8.467605550083,12.6302671250268,12.7598881832218,13.0677704574478,5.16992500144231,4,2,2.58496250072116,2,1,1,4,4.58496250072116,2,3.8073549220576,4.8073549220576,9.84862294042934,5.24792751344359,1,2.58496250072116,2.58496250072116,7.79441586635011,10.3219280948874,4.16992500144231,11.6017707884077,5.4594316186373,6.52356195605701,2,"0"
"TCGA.85.8580.01A",6.20945336562895,15.1674181458317,7.89481776330794,13.9607259948391,7.79441586635011,3,3.58496250072116,11.0874628412503,2,9.27146302790437,6.70043971814109,16.4236411950759,5.24792751344359,7.4594316186373,11.0566377151132,5.64385618977472,4.16992500144231,13.7657004876511,3,13.2051823262286,8.73470962022584,8.52356195605701,7.74146698640115,4.90689059560852,10.6794800995054,5.39231742277876,5.95419631038687,4.16992500144231,11.635718120331,1,8.32192809488736,7.53915881110803,12.5013396180614,9.88569637333939,8.8008998999203,6.28540221886225,1,1,7.35755200461808,12.3066313617125,2.58496250072116,7.5077946401987,1,11.4136279290242,1,12.2532565797812,1,1,2.58496250072116,3,1,5.70043971814109,1,3,10.9628960053373,12.2526654324502,3.8073549220576,1,7.83289001416474,5.32192809488736,1,8.53138146051631,4,6.90689059560852,2,3.8073549220576,2,7.91886323727459,5.32192809488736,3.32192809488736,1,1,1,7.71424551766612,5.58496250072116,10.4594316186373,3,5.4594316186373,2.58496250072116,10.129283016945,1,14.0168082876866,9.33985000288462,9.92481250360578,13.604553229079,11.3003525603282,14.0530773870993,11.6193029554157,11.8742129348309,12.4998458870832,10.0874628412503,10.0140204703149,14.1557669384457,12.0021117764799,10.6829945836817,6,17.8243497016339,9.07681559705083,12.0914353863236,6.49185309632967,10.9571020415623,11.8634119589416,12.9050108623903,4.8073549220576,4.8073549220576,1,2,3,1,5.75488750216347,8.876516946565,6.49185309632967,1,3.32192809488736,5.95419631038687,9.89784545600551,9.66888498426625,1,4.16992500144231,12.2143191208008,7.6724253419715,8.93073733756289,6.95419631038687,13.3473445394315,5.85798099512757,9.57742882803575,5.39231742277876,"0"
"TCGA.66.2795.01A",5.70043971814109,14.3715044120433,8.58496250072116,9.66533591718518,8.75488750216347,3,6.04439411935845,10.5018371849023,2.58496250072116,5.75488750216347,4.4594316186373,15.7551483826258,3.58496250072116,6.16992500144231,11.3014961949825,3.58496250072116,1,12.9509203520301,2.58496250072116,12.5333297323058,8.83920378809694,6.61470984411521,5.4594316186373,5.58496250072116,11.4178525148859,6.58496250072116,5.24792751344359,6.93073733756289,10.4757334309664,1,9.59991284218713,2.58496250072116,14.1543434602435,8.4757334309664,8.10852445677817,1,3,1,6.83289001416474,12.9461752407236,4.16992500144231,5.32192809488736,1,10.0056245491939,1,11.1382718001722,1,1,3.32192809488736,7.20945336562895,1,6.4594316186373,6.32192809488736,1,11.6147098441152,12.9240701855853,2,1,8.27612440527424,3.58496250072116,3.8073549220576,6.08746284125034,1,3,1,2.58496250072116,2,2,6.35755200461808,3.8073549220576,6,1,1,7.02236781302845,4.90689059560852,9.11894107272351,5.16992500144231,5.08746284125034,1,10.7879025593914,1,10.8548683832602,3.58496250072116,4.70043971814109,9.55842071326866,11.8834069863884,8.28540221886225,2.58496250072116,7.33985000288462,10.3880172853451,9.4262647547021,10.3128829552844,9.33985000288462,10.4635243732712,12.1836353814732,4.8073549220576,12.0647427647503,9.71080643369935,10.4283601727043,4.32192809488736,11.5147140541385,11.8281364841941,12.6316318059176,6.24792751344359,7.76818432477693,3.32192809488736,1,1,3.32192809488736,4.90689059560852,10.9844184588011,7.22881869049588,1,1,6,8.8703647195834,8.91886323727459,1,7.12928301694497,6.61470984411521,8.5077946401987,7.02236781302845,7.83289001416474,12.5603328342124,4.32192809488736,7.20945336562895,2,"0"
"TCGA.77.8139.01A",6.16992500144231,13.6878130625649,8.72109918870719,9.6582114827518,8.74819284958946,2.58496250072116,6.39231742277876,9.89481776330794,1,1,2.58496250072116,16.1830925630473,2.58496250072116,7.64385618977472,11.3619437737352,1,2,12.0953970227926,2.58496250072116,12.1019756709492,4.16992500144231,7.4594316186373,7.04439411935845,1,2.58496250072116,5,2,6.20945336562895,11.9563761572497,1,6.20945336562895,2.58496250072116,14.2076244682268,10.0953970227926,6.78135971352466,7.74146698640115,1,1,5.24792751344359,13.3154326379054,1,9.49585502688717,1,9.87958324961278,6.75488750216347,12.3106127816595,1,1,1,4.16992500144231,1,8.4757334309664,8.93663793900257,6.08746284125034,10.6882503091332,12.1941412388631,1,2,8.09803208296053,2,1,3.8073549220576,3,2,5.58496250072116,1,1,2,8.6582114827518,1,8.79441586635011,1,1,16.1218977065396,6.16992500144231,6.93073733756289,3.8073549220576,8.43462822763673,1,9.87344411251538,8.8703647195834,12.6142497276894,1,11.6375305515253,5,11.3674147512468,2,1,2,3.58496250072116,9.66177809777199,10.2094533656289,12.8045344029952,12.7632123668144,10.6275338844728,1,9.08746284125034,8.85174904141606,5.52356195605701,4,11.3542493819452,11.9008668079807,12.7355560239115,2,10.2479275134436,1,1,1,1,1,10.3264294871223,1,4.16992500144231,5.08746284125034,2,9.98013957763916,7.2667865406949,1,4,1,9.10852445677817,9.68999797141945,5.24792751344359,11.0953970227926,4.70043971814109,5.32192809488736,1,"0"
"TCGA.96.A4JK.01A",6.16992500144231,16.0629736718972,8.62935662007961,7.83289001416474,7.8073549220576,3.32192809488736,2.58496250072116,12.3420746679991,1,5.58496250072116,3,16.8018093844437,3.58496250072116,1,12.0687782779854,4,1,12.1680452682241,4.16992500144231,13.0474647733184,3.58496250072116,8.19967234483637,8.45121111183233,8,10.5294305541462,5.52356195605701,4.32192809488736,6.35755200461808,12.0586682503406,1,9.07146236255662,5.64385618977472,14.0824817278631,11.6908710092923,11.0593444608244,1,2,1,7.49185309632967,12.3890935219045,1,3.58496250072116,1,11.8641861446543,2,13.6434052771157,1,1,2.58496250072116,7.70043971814109,1,7.90689059560852,1,2,12.3592004851336,12.9947069952581,1,1,8.99435343685886,2.58496250072116,4.4594316186373,6.35755200461808,1,4.16992500144231,2,2.58496250072116,2,7.71424551766612,8.36632221424582,1,3.8073549220576,1,1,7.56985560833095,7.8703647195834,7.35755200461808,4.32192809488736,3,1,10.4325419003883,1,13.2790301364496,4.90689059560852,6.64385618977472,8.65105169117893,11.4665863377192,8.6724253419715,4.70043971814109,7.94251450533924,6.97727992349992,10.5679560754155,11.0714623625566,11.5313814605163,11.5545888516776,8.13955135239879,1,9.02790599656988,8.69348695749932,5,9.18487534290828,11.9715435539508,12.5038257379958,13.3401282737006,6.4262647547021,4.4594316186373,4.16992500144231,7.56985560833095,1,3.58496250072116,1,8.59991284218713,4.8073549220576,2.58496250072116,4.32192809488736,2,10.6829945836817,6.90689059560852,1,4.8073549220576,7.18982455888002,8.18982455888002,10.2312211807112,7.8703647195834,11.876516946565,6.8073549220576,9.84235034341381,3.58496250072116,"0"
"TCGA.56.A4BW.01A",5.75488750216347,14.1788204395794,5.4594316186373,13.5620038636516,8.6582114827518,2.58496250072116,3,10.652844973002,2,5.52356195605701,5.16992500144231,15.8282356759877,2,8.66533591718518,11.7515440590891,4.16992500144231,1,12,3.58496250072116,12.8533095554037,7.08746284125034,9.84549005094438,4.8073549220576,4,7.22881869049588,5.75488750216347,4.16992500144231,6.61470984411521,12.2514824106202,1,7.16992500144231,4.16992500144231,14.1616043040028,6.4594316186373,8.84549005094437,1,4.4594316186373,1,7.83289001416474,12.8715202623291,2,3,1,11.1344263202209,1,10.3663222142458,1,1,3,5.95419631038687,1,8.28540221886225,7.55458885167764,2,10.9929383361658,6.16992500144231,1,1,7.18982455888002,4,3.58496250072116,5.32192809488736,2.58496250072116,4.32192809488736,1,2.58496250072116,1,6.8073549220576,7.65821148275179,4,2,2,1,7.64385618977472,8.91288933622996,9.11374216604919,7.7279204545632,5.08746284125034,1,9.82972273508606,1,12.4496645384762,4.16992500144231,8.99435343685886,10.1344263202209,11.1636496760158,9.65463602852797,4.16992500144231,6.52356195605701,10.1799090900149,9.51963625284321,9.16490692667569,12.2556187498396,12.0334230015375,13.1121136580979,4.70043971814109,11.5097750043269,9.08746284125034,10.0821490413539,6.35755200461808,11.2714630279044,12.5053153561362,14.1584519045384,3.8073549220576,2,1,5.52356195605701,1,3.32192809488736,1,10.5372184005386,1,1,4.4594316186373,3.32192809488736,9.45532722030456,7.71424551766612,1,3.8073549220576,3.32192809488736,4.58496250072116,8.74146698640115,4.16992500144231,12.0633950812885,6.49185309632967,7.8073549220576,1,"0"
"TCGA.43.A56V.01A",6.64385618977472,15.025831668332,8.79441586635011,12.5689061545021,5.8073549220576,2.58496250072116,5.24792751344359,11.5362472156881,1,5.24792751344359,2.58496250072116,16.2970953858158,4.90689059560852,1,12.0573148777827,4,1,13.1019756709492,4,11.7321674256634,6.64385618977472,10.9366379390026,6.85798099512757,8.86418614465428,8.69348695749932,7.61470984411521,2,5,11.9549232920303,3.32192809488736,9.51569983828404,5.08746284125034,13.677719641641,9.58496250072116,10.5717526435035,4.58496250072116,1,1,6.32192809488736,16.2445868230971,4.4594316186373,6.90689059560852,1,11.4828079567267,6.75488750216347,12.1395513523988,3.58496250072116,1,4.16992500144231,7,1,9.96866679319521,9.92777796208234,2,10.12153351734,8.34872815423108,1,1,8.27612440527424,4.70043971814109,2.58496250072116,6,4.4594316186373,6.58496250072116,2.58496250072116,3.58496250072116,3.58496250072116,6.55458885167764,9.29001884693262,3,1,3.58496250072116,1,5.24792751344359,8.05528243550119,8.32192809488736,8.68650052718322,5.58496250072116,2,9.25266543245025,4,14.0930873904442,9.02236781302845,8.25738784269265,11.3083390301394,11.9483672315847,8.86418614465428,6.4594316186373,5.8073549220576,10.7125270004398,9.96866679319521,9.18982455888002,13.5040741145206,12.01471792986,13.2030420555625,4.70043971814109,13.3685064615077,9.55074678538324,10.590587049915,10.0084286220706,11.4928546201747,12.0216740428584,13.3509391815464,4.32192809488736,6.08746284125034,4.16992500144231,1,1,1,1,11.4157417682901,6.39231742277876,2.58496250072116,8.13955135239879,4.16992500144231,10.4178525148859,8.11894107272351,1,5.70043971814109,10.1085244567782,8.2667865406949,7.18982455888002,4.8073549220576,12.3553510964248,4.8073549220576,6.93073733756289,3.58496250072116,"0"
"TCGA.60.2721.01A",7.02236781302845,15.9619922309289,7.97727992349992,14.0263505300678,8.53915881110803,2.58496250072116,6.78135971352466,10.523561956057,2,6.55458885167764,3.32192809488736,16.8910716714324,3,9.2807707701306,11.7854524681585,11.1636496760158,2,14.084642322188,4.8073549220576,12.2673719312653,6.6724253419715,10.652844973002,8.25738784269265,1,10.6582114827518,6.70043971814109,6.20945336562895,6.93073733756289,11.9136374280491,2,7.2667865406949,4.16992500144231,15.0021997001195,8.93663793900257,8.44294349584873,2,1,1,7.3037807481771,13.3143000018975,6.55458885167764,6.52356195605701,1,11.5774288280357,1,11.713386514937,4.8073549220576,1,4.70043971814109,2.58496250072116,1,8.82017896241519,13.2152296257479,3.32192809488736,11.8281364841941,7.3037807481771,1,2,8.59991284218713,3.8073549220576,6,8.90086680798075,2,3.58496250072116,4.16992500144231,5.16992500144231,2,4,8.14974711950468,1,2,2,1,4.4594316186373,6.20945336562895,8.39231742277876,6.4594316186373,3.32192809488736,1,9.95710204156229,5.4594316186373,14.0677704574478,6.93073733756289,8.36632221424582,10.8811139606751,12.3174126137649,10.0848083878044,5.75488750216347,10.0660891904578,4.90689059560852,9.73809225962049,9.99717948093762,15.6431233851198,12.7321674256634,12.8157835441282,5.39231742277876,9.58871463558226,10.2094533656289,8.31288295528435,6.52356195605701,11.0237543532994,11.6952282914958,14.1226662486288,5.39231742277876,6.28540221886225,3,1,1,2,2,6.32192809488736,8.31288295528435,1,3.58496250072116,2,9.82336724004623,8.84549005094437,4,6.28540221886225,8.08746284125034,8.27612440527424,9.92184093707449,3.58496250072116,12.3381792499001,8.49185309632967,7.71424551766612,6.20945336562895,"0"
"TCGA.NC.A5HI.01A",5.32192809488736,15.7582232147267,6.52356195605701,13.8217739819706,5.16992500144231,4.4594316186373,5.08746284125034,12.4777582664439,1,5.8073549220576,2,16.3889590362329,4.8073549220576,9.02236781302845,12.2597432636908,4,1,13.3306368247233,4,12.062720767165,4.16992500144231,9.2336196767597,7.14974711950468,4.16992500144231,8.4262647547021,7.53915881110803,4.70043971814109,4.4594316186373,11.9136374280491,1,5.8073549220576,5.85798099512757,13.8143821889516,2.58496250072116,10.5018371849023,1,1,1,3.58496250072116,13.8786257298054,4.4594316186373,3.58496250072116,1,12.2015113445001,4.90689059560852,11.380461065089,4.4594316186373,1,4,1,1,9.01680828768655,1,2,12.4387918525783,9.1548181090521,1,1,8.86418614465428,3.32192809488736,4.32192809488736,7.96578428466209,2,2.58496250072116,3.58496250072116,6.35755200461808,2,4.90689059560852,8.78135971352466,2,2,2,2,5.52356195605701,5.90689059560852,6.93073733756289,4.90689059560852,5.32192809488736,1,11.0633950812885,1,14.2397476835569,6.32192809488736,9.09803208296053,9.34429590791582,10.1972166931101,7.10852445677817,5.70043971814109,7.08746284125034,7.22881869049588,10.8795832496128,10.6582114827518,14.6265075827761,12.9203528554151,12.2650289424582,2.58496250072116,12.497352893477,8.93073733756289,7.97727992349992,10.1267044728432,12.1052537797009,12.01471792986,14.0849744343075,4.32192809488736,3,3.32192809488736,1,1,1,1,7.56985560833095,6.64385618977472,2,7.10852445677817,1,10.9366379390026,5,1,4.16992500144231,3.58496250072116,5.32192809488736,5.75488750216347,4.32192809488736,11.6492561775173,6.24792751344359,5.8073549220576,2,"0"
"TCGA.77.A5G3.01A",5.58496250072116,15.5277213442845,6.58496250072116,13.5347892114803,8.93663793900257,4.90689059560852,5.90689059560852,11.3498340914572,2,11.0781508077346,2,16.9949721072078,5.64385618977472,7.6724253419715,12.1996723448364,4.90689059560852,3,13.8033239190415,2,14.0003521774803,5.70043971814109,9.83605035505807,8.53138146051631,4.4594316186373,13.2940463132715,5.90689059560852,3.8073549220576,5.70043971814109,11.9366379390026,4.70043971814109,6.90689059560852,6.35755200461808,13.7919768208987,10.4978518369511,10.1085244567782,6.95419631038687,2,1,5.08746284125034,12.298062567719,5.90689059560852,8.62205181945638,2.58496250072116,11.5245417150358,2,12.3581017074408,2,1,3,3.32192809488736,1,8.20945336562895,4.4594316186373,3.58496250072116,13.5677184578508,12.642051692928,1,1,8.11894107272351,1,7.4093909361377,6.55458885167764,3.8073549220576,4.70043971814109,3,1,2.58496250072116,5.85798099512757,6.32192809488736,1,1,1,2,10.0140204703149,8.92481250360578,6.97727992349992,5.70043971814109,7.88264304936184,1,11.0154150523867,1,13.1652210682209,6.12928301694497,7.02236781302845,13.567480801143,10.8313072438021,11.8879821330585,5.70043971814109,10.6759570329417,4.58496250072116,10.3219280948874,11.0808175276083,13.0901124196643,11.7523806465529,9.98868468677217,2.58496250072116,9.9915218460757,8.69348695749932,7.06608919045777,8.32192809488736,12.0084286220706,12.0980320829605,13.6604416502092,3.32192809488736,4.4594316186373,1,3,2,2,3,8.21916852046216,5,2,1,1,10.3815429511846,7.55458885167764,1,3.58496250072116,10.2714630279044,8.56224242422107,8.09803208296053,6.8073549220576,11.2419831496943,6.88264304936184,11.6073303137496,2.58496250072116,"0"
"TCGA.63.A5MH.01A",4.70043971814109,11.9307373375629,5.85798099512757,9.93663793900257,6.90689059560852,2.58496250072116,3.58496250072116,7.44294349584873,1,6.88264304936184,2.58496250072116,15.6957720276198,2,2,11.0647427647503,2.58496250072116,1,11.4460494067166,3.32192809488736,13.5105169405947,8.06608919045777,8.23840473932508,6.58496250072116,4.4594316186373,7.65821148275179,6.85798099512757,3.32192809488736,5.32192809488736,11.7372473430277,1,7.4093909361377,3.58496250072116,14.9236060427892,8.93073733756289,10.1799090900149,1,1,1,5.08746284125034,11.4008794362822,3.8073549220576,4,1,11.3072008091408,3,12.4767462039395,4.90689059560852,1,1,1,1,8.39231742277876,4.4594316186373,6.20945336562895,8.68650052718322,2,1,2,9.11894107272351,1,2.58496250072116,8.467605550083,1,2.58496250072116,2,1,3,3.8073549220576,8.40087943628219,1,2.58496250072116,1,1,8.19967234483637,2,7.89481776330794,6.64385618977472,5.95419631038687,1,10.6366246205436,2.58496250072116,13.3553510964248,4,10.6183855022586,10.9957671508778,10.7262181593322,10.4573808790725,3.8073549220576,6.78135971352466,3.58496250072116,9.96289600533726,10.4817994316658,17.093479463591,12.9794251953315,12.1176431013891,2,8.67948009950545,8.19967234483637,4.70043971814109,4.4594316186373,11.2021238238305,11.4878400338231,13.0887882387169,10.103287808412,5.52356195605701,1,1,2,4.32192809488736,1,6.97727992349992,1,2.58496250072116,1,4.90689059560852,10.0980320829605,7.08746284125034,2,4.58496250072116,2.58496250072116,7.65821148275179,12.410451351504,5.24792751344359,11.1799090900149,7.33985000288462,7.91886323727459,1,"0"
"TCGA.60.2723.01A",5.70043971814109,14.0176783769964,10.3685064615077,12.677719641641,9.15987133677839,3.32192809488736,5.32192809488736,12.2544381482673,3,4.58496250072116,2,16.3992445407684,6.04439411935845,3.58496250072116,11.652844973002,3,1,12.3717766443379,4.58496250072116,12.655083445198,8.27612440527424,10.1724275086455,7.08746284125034,8.21916852046216,6.04439411935845,3.8073549220576,3.58496250072116,7.95419631038687,12.2425786894513,3.8073549220576,7.61470984411521,2.58496250072116,14.7672533869158,5.52356195605701,9.40514146313634,1,1,1,7.74146698640115,12.8548683832602,3.32192809488736,12.062720767165,1,10.3465137331656,2.58496250072116,12.3331553503106,1,1,2,7.55458885167764,1,6.12928301694497,5.64385618977472,2.58496250072116,11.0195907283579,12.0518886559054,2.58496250072116,2,11.8517490414161,3.32192809488736,1,5.85798099512757,5.58496250072116,1,1,3,4.32192809488736,2.58496250072116,5.8073549220576,2,2.58496250072116,1,2.58496250072116,6.20945336562895,1,11.007027266894,2.58496250072116,7.24792751344359,3.8073549220576,11.1484765821783,1,12.2591547688668,4.58496250072116,6.83289001416474,5.58496250072116,11.9614496943982,3.32192809488736,4.16992500144231,6.4262647547021,9.38801728534514,11.0901124196643,9.93073733756289,15.1520471203319,12.7120970510875,11.0320457269308,4.90689059560852,16.4272801028629,9.7176764230664,11.1611318829843,5,12.8841705191084,13.4299297413533,13.2670792656712,4.58496250072116,6.75488750216347,3.58496250072116,1,1,4.16992500144231,10.4898479604393,11.2714630279044,3.8073549220576,1,1,4.90689059560852,11.0821490413539,10.8963324039099,1,4.8073549220576,3.8073549220576,7.4262647547021,5.8073549220576,3.32192809488736,13.3613955331659,6.85798099512757,5.4594316186373,2.58496250072116,"0"
"TCGA.43.A475.01A",7.18982455888002,12.7858611057596,10.3901689562002,6.6724253419715,4.8073549220576,2,3.8073549220576,7.76818432477693,4,3.58496250072116,3.8073549220576,16.9158793788358,4,7.6724253419715,10.9715435539508,3.32192809488736,7.2667865406949,13.8682438177046,4.8073549220576,14.2068617428371,6.70043971814109,6.97727992349992,4.90689059560852,2.58496250072116,8.37503943134692,5.8073549220576,6.16992500144231,5.8073549220576,13.0495082510551,1,10.6865005271832,3,12.6781599575428,10.7665289085989,9.2240016741981,2,1,1,8,14.5588989811467,2,8.94836723158468,1,11.3987436919382,2,11.4252159032994,1,1,4,2.58496250072116,1,5.32192809488736,8.40087943628219,2,12.036860446673,7.2667865406949,1,1,6.35755200461808,4,2.58496250072116,8.36632221424582,1,1,2,3,1,4.32192809488736,4.16992500144231,1,1,1,2,5.16992500144231,2.58496250072116,9.34429590791582,3.32192809488736,3.32192809488736,2,11.65999589243,1,13.3674147512468,1,9.87344411251538,5.32192809488736,12.2761244052742,1,2,4.16992500144231,9.76487159073609,10.8841705191084,11.1510165388922,15.9465408038931,10.7927902943011,6.35755200461808,5.64385618977472,14.3561768305164,9.35314682549808,10.1972166931101,2,11.9262959947811,11.8121773055144,13.6332223038008,10.0443941193585,3.58496250072116,1,3.58496250072116,1,1,4.8073549220576,7.28540221886225,3.8073549220576,1,1,5.52356195605701,10.3750394313469,10.3641346550081,1,3,2,6.83289001416474,5.8073549220576,4.16992500144231,12.6921795763125,8.18982455888002,9.01122725542325,4.70043971814109,"0"
"TCGA.94.A4VJ.01A",7.16992500144231,15.2003622444467,9.38801728534514,10.1873520732005,9.30833903013941,2.58496250072116,4,10.2784494582205,3.32192809488736,4.90689059560852,2.58496250072116,16.083063744716,2.58496250072116,1,11.7210991887072,3.32192809488736,1,12.3874788658424,3.8073549220576,12.1642784383012,7.55458885167764,9.0389189892923,2.58496250072116,3,10.6969675262343,7.2667865406949,2,5.90689059560852,11.9218409370745,2,2,5.90689059560852,13.7970535206298,3.58496250072116,10.0498485494506,1,1,1,8.61470984411521,14.0498485494506,1,3.8073549220576,1,11.7380922596205,1,13.1503819688178,3.32192809488736,1,4.16992500144231,8.27612440527424,1,8.74146698640115,4.90689059560852,1,6.97727992349992,5.58496250072116,3.58496250072116,1,7.10852445677817,2,3,2.58496250072116,2,6.35755200461808,1,1,2.58496250072116,5.32192809488736,5.52356195605701,2.58496250072116,3,1,1,13.2179576978641,3,5.75488750216347,6.04439411935845,6.16992500144231,1,9.4757334309664,1,14.3665954260714,11.1098306542788,8.18982455888002,13.468624042918,11.6917435191713,8.8008998999203,3.58496250072116,7.33985000288462,5.85798099512757,10.2070143201775,9.34872815423108,15.1578995257385,13.0930873904442,14.3010674382185,1,6.28540221886225,9.36632221424582,3.32192809488736,4.32192809488736,10.4512111118323,12.4267888945956,13.1472049249422,3.8073549220576,5.85798099512757,1,6.7279204545632,2,1,1,6.49185309632967,2,1,2.58496250072116,1,9.64024493622235,7.52356195605701,1,4.70043971814109,5.08746284125034,8.14974711950468,6.95419631038687,6.64385618977472,12.2039597032395,5.52356195605701,8.93073733756289,1,"0"
"TCGA.21.1080.01A",6.32192809488736,14.6302671250268,4.90689059560852,11.7648715907361,5.70043971814109,1,6.4262647547021,11.8572034715082,2,8.78790255939143,4.4594316186373,16.9796038240745,2,9.4178525148859,12.0593444608244,3.32192809488736,2,13.1864237975389,3.32192809488736,11.6174674652942,6.39231742277876,9.01680828768655,8.34872815423108,6.49185309632967,9.59618975614441,5.95419631038687,4.16992500144231,5.52356195605701,11.3652288492515,1,9.10852445677817,4,13.1098306542788,5.08746284125034,8.32192809488736,7.91886323727459,1,1,6.24792751344359,14.1680452682241,5.08746284125034,6,1,11.0168082876866,1,10.9203528554151,3.58496250072116,1,1,4,1,6.28540221886225,1,4.16992500144231,10.9248125036058,9.70043971814109,4,2.58496250072116,7.22881869049588,5.08746284125034,4,6.83289001416474,4.16992500144231,3.32192809488736,2,1,1,2.58496250072116,7.5077946401987,1,3.8073549220576,1,1,10.5274770060604,2.58496250072116,8.49984588708321,7.82017896241519,5,1,10.6366246205436,3,11.9992953870234,6,4.90689059560852,9.62205181945638,11.4083297407674,8.79441586635011,3.32192809488736,3.8073549220576,9.51963625284321,10.2620948453702,11.2082343583398,9.25266543245025,12.7410455770098,15.4288181399796,5.16992500144231,14.4166655999355,9.73809225962049,9.84549005094438,5.32192809488736,11.9915218460757,13.2717548056465,13.4868350215631,2,6,1,2,1,2.58496250072116,2,6.04439411935845,7.24792751344359,1,4,4.8073549220576,10.5294305541462,7.68650052718322,1,2,2,8.34872815423108,6.08746284125034,7,11.9600019320681,7.02236781302845,3,2,"0"
"TCGA.94.8491.01A",6.4594316186373,14.9285183752579,7.70043971814109,7.64385618977472,6.55458885167764,4.32192809488736,7.53915881110803,11.1357092861044,3,2.58496250072116,4.32192809488736,16.1484765821783,2,7.10852445677817,11.0512089409148,2.58496250072116,1,11.0633950812885,4.32192809488736,12.2143191208008,7.35755200461808,9.08746284125034,5.4594316186373,4.8073549220576,9.69696752623429,7.20945336562895,4.16992500144231,6.20945336562895,10.7056323873614,1,7.32192809488736,5,12.1228279948077,8.84549005094437,7.5077946401987,1,1,2,5.8073549220576,13.7584314409003,6,3,1,12.7527987584355,1,11.4062050054189,2,1,4.32192809488736,8.21916852046216,1,7.65821148275179,1,2,8.85174904141606,7.49185309632967,1,1,6,5.32192809488736,3.32192809488736,6.58496250072116,2.58496250072116,1,5.39231742277876,3.58496250072116,1,4,5.75488750216347,3.58496250072116,2,1,1,15.1521263653425,7.37503943134692,8.34872815423108,5.58496250072116,4.70043971814109,2,9.2045711442492,2,7.52356195605701,3.8073549220576,4.90689059560852,5.95419631038687,11.4146852358072,4.70043971814109,3.32192809488736,4.4594316186373,10.4938554492408,9.92184093707449,9.37937836707126,13.3709597932974,12.111787735801,12.1459321458205,4.32192809488736,15.8848382789171,9.38370429247405,10.5058115539196,5,9.56224242422107,11.3630396302565,12.4721831161895,3.8073549220576,8.68650052718322,1,1,1,1,1,7.59991284218713,3.58496250072116,1,2,7.24792751344359,8.53138146051631,7.35755200461808,1,5.32192809488736,1,8.59245703726808,6.4262647547021,5.08746284125034,13.199058823653,3.58496250072116,9.61470984411521,1,"0"
"TCGA.46.6026.01A",5,14.5043224482919,8.88264304936184,6,8.62205181945638,3.32192809488736,4.58496250072116,8.61470984411521,1,10.6220518194564,4,16.8147076248859,2,7.10852445677817,12.5289424150649,7.12928301694497,1,13.4612236276134,3.32192809488736,13.8868397058844,7.70043971814109,10.8963324039099,8.33985000288462,8.76818432477693,10.9657842846621,7.08746284125034,3.58496250072116,10.951284714967,13.1065629404449,3.32192809488736,9.24317398347295,7.06608919045777,14.619876067504,11.3793783670713,10.6474584264549,9.4262647547021,6.7279204545632,1,7.4093909361377,13.8401878240405,7.04439411935845,6.24792751344359,1,11.3837042924741,1,12.0687782779854,8.55458885167764,1,4.4594316186373,4.4594316186373,1,10.1749256825007,5.24792751344359,2.58496250072116,11.8780509127285,4.8073549220576,8.33091687811462,4.8073549220576,8.40087943628219,3.32192809488736,5.16992500144231,7.6724253419715,6.8073549220576,9.44708322620965,4.32192809488736,5.16992500144231,2,10.7731392067197,8.75488750216347,3.58496250072116,9.82654848729091,1,1,10.813781191217,8.73470962022584,9.67595703294175,6.08746284125034,9.68650052718322,1,10.8025163651212,10.3858624006415,13.9659646102721,8.91886323727459,11.8249587405285,13.3281138948337,13.8083609154328,14.5034530930135,3.32192809488736,11.8336807486547,9.4757334309664,11.3026389237876,12.0854724591813,16.8349894500558,14.2057932493972,10.2784494582205,5.70043971814109,13.5724633890837,9.24317398347295,9.11374216604919,11.4928546201747,12.8217739819706,12.9654235658101,14.0763145742846,7.76818432477693,9.49585502688717,1,2,1,3,9.2336196767597,9.76818432477693,7.74146698640115,8.24792751344359,7.3037807481771,5.39231742277876,10.2384047393251,8.66533591718518,1,4,11.5999128421871,10.4573808790725,12.7291958591321,10.7615512324445,13.3823538336645,9.467605550083,10.8978454560055,6.83289001416474,"0"
"TCGA.70.6723.01A",7.04439411935845,15.4128344401193,11.3309168781146,13.8759412884976,6.12928301694497,3.32192809488736,7.32192809488736,14.5904700951875,2.58496250072116,9.78135971352466,2,18.1240102129233,5.4594316186373,1,12.7772553151919,2.58496250072116,1,14.362080801331,2.58496250072116,14.3712321283696,5.16992500144231,9.16490692667569,10.2667865406949,2,9.49984588708321,6.7279204545632,1,4.16992500144231,12.9992953870234,1,3.8073549220576,5.32192809488736,12.0532471259124,11.9901039638575,10.5980525001616,1,1,1,6.78135971352466,12.5493033685136,5.70043971814109,4.8073549220576,1,12.1730524577741,1,13.5255208090951,2,1,5,10.2045711442492,1,8.13955135239879,2,4.32192809488736,11.8734441125154,10.1823943534045,3.32192809488736,1,7.6724253419715,2,6.39231742277876,6.08746284125034,2,5.75488750216347,1,2,2.58496250072116,4.90689059560852,9.18982455888002,2,4,1,1,10.7176764230664,4.32192809488736,3.32192809488736,5.95419631038687,6.55458885167764,2,11.9425145053392,2,14.047123912114,3.58496250072116,10.1006623390052,10.1472049249422,12.093417564388,8.54689445988764,4.16992500144231,7.37503943134692,6.6724253419715,10.3944626946103,11.661778097772,13.7515440590891,13.0488274133639,11.6174674652942,2,8.28540221886225,9.65105169117893,5.4594316186373,7.74146698640115,13.107544031976,13.7110216167918,14.879296060393,7.70043971814109,8.88264304936184,2,5.08746284125034,3.58496250072116,1,1,12.0491678723722,7.18982455888002,2,4.16992500144231,2,11.5097750043269,5.95419631038687,1,5.08746284125034,5.90689059560852,11.0126245388651,10.0687782779854,5.8073549220576,11.9425145053392,6.04439411935845,7.49185309632967,3.32192809488736,"0"
"TCGA.66.2792.01A",6.58496250072116,16.5382192506444,7.04439411935845,12.2312211807112,9.33539035469392,3.58496250072116,5.70043971814109,11.9556499075284,2.58496250072116,6.4594316186373,2.58496250072116,18.2952936246952,3.8073549220576,2.58496250072116,12.1755495506362,3,2,13.4537850554962,3.58496250072116,13.954378090144,6.16992500144231,9.13442632022093,8.95419631038687,6.4262647547021,9.98299357469431,6.58496250072116,3,5.8073549220576,12.2070143201775,3.8073549220576,8.70735913208088,5,16.0415736002961,10.6366246205436,10.0498485494506,1,2,1,6.32192809488736,12.4645457503339,7.12928301694497,6.20945336562895,1,10.467605550083,1,13.706064267335,1,1,3.32192809488736,3.8073549220576,1,8.28540221886225,2.58496250072116,1,13.2294196882304,12.3586512008929,1,1,6.88264304936184,2,4.90689059560852,8.56985560833095,2.58496250072116,2,3.58496250072116,1,2,4.32192809488736,7.44294349584873,2.58496250072116,1,1,1,7.78135971352466,4.32192809488736,7.4093909361377,4.70043971814109,5.75488750216347,2,11.9563761572497,2,14.4101863207251,3.8073549220576,8.03342300153745,10.2021238238305,12.1959872980285,9.86108690599539,4.4594316186373,8.4262647547021,6.08746284125034,11.6803595235137,11.967226258836,17.0877943047879,12.292321632802,10.8153832958135,2.58496250072116,8.70735913208088,9.55458885167764,9.17492568250068,9.6582114827518,12.2082343583398,13.3635872465246,13.512987309419,2.58496250072116,6.85798099512757,5,3.8073549220576,1,3.32192809488736,1,11.5830827675029,7.18982455888002,1,2.58496250072116,1,11.2215871212648,8.12928301694497,1,3.32192809488736,3.58496250072116,10.283088353024,6.12928301694497,5,12.3772105303886,4.4594316186373,10.3772105303886,5.08746284125034,"0"
"TCGA.39.5027.01A",6.35755200461808,15.2548071900519,10.1774195379892,12.1535520317081,8.20945336562895,2.58496250072116,5.52356195605701,11.6626683755175,3.8073549220576,6.55458885167764,5.52356195605701,17.0427708576601,5.95419631038687,2.58496250072116,13.1620765703743,9.86108690599539,1,13.5600939576425,4.90689059560852,13.871327736134,8.8073549220576,9.8703647195834,8.7279204545632,5.58496250072116,9.04439411935845,6.4262647547021,3.8073549220576,8.25738784269265,12.4424251933316,3.32192809488736,9.10328780841202,4.90689059560852,13.9188632372746,12.6965329140783,10.1472049249422,7.4757334309664,2,1,7.16992500144231,13.4204866128258,8.25738784269265,11.7714894695006,1,10.8169836232554,1,13.1481587729379,8.56224242422107,1,1,6.6724253419715,1,6.04439411935845,3.32192809488736,1,11.3297963382207,13.9623538086353,7.93073733756289,4.70043971814109,8.91288933622996,5.8073549220576,7.8073549220576,10.5755392468345,2,4.16992500144231,1,2.58496250072116,1,5.8073549220576,7.93073733756289,5.24792751344359,2.58496250072116,1,1,9.75488750216347,5.52356195605701,10.6564248632778,6,6.97727992349992,1,11.6247954558602,1,14.4406096667484,6.24792751344359,6.49185309632967,10.6110247973074,11.1848753429083,10.2143191208008,3.8073549220576,8.21916852046216,12.2082343583398,11.661778097772,11.3331553503106,15.2054878201506,12.4802853209364,9.75488750216347,6.32192809488736,17.6078648673141,8.98868468677217,12.9381093262192,8.28540221886225,13.0841440106151,12.9747730678893,13.5533893047216,9.33091687811462,6.04439411935845,3.58496250072116,2,1,2,3.8073549220576,12.3674147512468,7.32192809488736,1,1,7.4093909361377,10.4635243732712,7,4.70043971814109,3.32192809488736,8.56985560833095,11.3208005488816,9.51175265376738,5.08746284125034,13.9708249013626,6.61470984411521,7.84549005094437,4,"0"
"TCGA.56.7823.01B",6.24792751344359,14.7964452590618,9.04984854945056,6.83289001416474,6.20945336562895,3.58496250072116,3,10.3575520046181,2,6.61470984411521,2.58496250072116,16.4396361225851,5.16992500144231,6.28540221886225,11.4635243732712,8.54689445988764,3,13.2659080092311,2.58496250072116,13.0423433797937,4.32192809488736,8.81378119121704,8.14974711950468,5.39231742277876,11.806549621986,5.24792751344359,1,5.52356195605701,11.4948555844912,1,5.24792751344359,5.39231742277876,11.9314762338868,11.6741922681457,7.4757334309664,4.58496250072116,1,1,3.32192809488736,11.8297227350861,4.8073549220576,6.83289001416474,1,10.3728650601126,1,13.199365616858,1,1,2.58496250072116,7.20945336562895,1,5.16992500144231,1,3,12.2209828510818,11.0251395622785,1,1,6.4594316186373,2,2.58496250072116,5.39231742277876,1,5.58496250072116,2,2.58496250072116,1,3.8073549220576,6.8073549220576,2,3.8073549220576,1,1,6.97727992349992,7.10852445677817,4.16992500144231,2.58496250072116,5.64385618977472,1,10.9844184588011,1,12.9797824307031,4.16992500144231,5.08746284125034,11.1811522568656,11.0808175276083,9.95128471496697,8.92481250360578,9.2336196767597,4.4594316186373,10.2191685204622,10.6582114827518,11.0821490413539,12.3134499409631,11.9469062744564,1,9.75822321472672,8.05528243550119,4.4594316186373,8.83289001416474,11.7507069862249,12.2002856052243,12.9038818457362,2.58496250072116,4.4594316186373,1,1,3.8073549220576,2,3.58496250072116,9.33985000288462,6.16992500144231,1,3.58496250072116,2,9.84862294042934,7.7279204545632,1,2.58496250072116,9.82972273508606,3.58496250072116,9.61470984411521,4.4594316186373,10.8672787397097,4.8073549220576,9.91288933622996,4.16992500144231,"0"
"TCGA.60.2724.01A",7.61470984411521,15.4819885838249,7.4594316186373,8.74146698640115,10.5449644327892,2,3,11.6908710092923,1,9.48784003382305,2,16.471643464592,3,9.49984588708321,11.6220518194564,8.61470984411521,3.58496250072116,13.6904345563951,3,12.6604416502092,9.00562454919388,10.5038257379958,8.88874324889826,2,8.10852445677817,5,2,6.49185309632967,11.4136279290242,1,5.08746284125034,7,15.7319023559287,10.7598881832218,8.13955135239879,1,2,2,6.4262647547021,13.8167836793786,4.32192809488736,9.97154355395077,1,10.951284714967,5.24792751344359,14.1421070573025,1,1,2,7.84549005094437,1,8.79441586635011,4.16992500144231,2,12.078817949962,5.70043971814109,1,1,8.78790255939143,1,3.32192809488736,4.90689059560852,4.58496250072116,10.9872640120725,1,8.91886323727459,4.58496250072116,4.4594316186373,9.16490692667569,2,8.56985560833095,1,1,10.3966047811819,7.35755200461808,8.34872815423108,4.4594316186373,7.24792751344359,1,10.1548181090521,1,12.3575520046181,7.33985000288462,9.85798099512757,12.5323559252888,13.0464419480073,8.8703647195834,11.4304525516655,7,5.90689059560852,11.2502984179063,10.0821490413539,17.7953294463538,11.3987436919382,14.4734520889522,3.32192809488736,8.03342300153745,10.5622424242211,3.8073549220576,9.89481776330794,11.3837042924741,12.8645730817736,13.2517782570359,2,11.3987436919382,1,2,1,1,4,7.62935662007961,9.21916852046216,1,2,1,9.95128471496697,9.88874324889826,1,5.64385618977472,10.9262959947811,6.90689059560852,9.59618975614441,6.75488750216347,11.9314762338868,4.16992500144231,5.52356195605701,1,"0"
"TCGA.34.5240.01A",6.4262647547021,15.2984922183027,10.7565563225241,6.4262647547021,8.08746284125034,3.58496250072116,8.53138146051631,9.17492568250068,3.32192809488736,9.03342300153745,2,16.4707859557643,4.16992500144231,1,12.3575520046181,1,2,11.5868397879618,3.58496250072116,13.838613044197,5.8073549220576,8.01122725542325,7.79441586635011,5.16992500144231,11.5362472156881,7.18982455888002,6.20945336562895,7.7279204545632,11.8556471660273,2,9.6724253419715,2,13.794009645021,9.16992500144231,8,2,1,1,7.24792751344359,12.9876193119243,8.06608919045777,8.62205181945638,1,10.9053870050181,2,11.9285183752579,5.08746284125034,1,4,1,1,5.85798099512757,8.29462074889163,8.62935662007961,12.4640351521899,12.6307221621038,5,2.58496250072116,5.70043971814109,2,2.58496250072116,10.5352753766208,2.58496250072116,3,1,3.58496250072116,2.58496250072116,1,5.08746284125034,1,1,1,1,8.6582114827518,5.39231742277876,10.4157417682901,5.85798099512757,4.16992500144231,3,10.9527412471865,2,15.2029655585694,1,5.16992500144231,8.34872815423108,11.9971794809376,4.58496250072116,5.52356195605701,8.70043971814109,6.78135971352466,10.1848753429083,9.3264294871223,10.8185821774809,10.9395792143147,4.8073549220576,3,10.8917837032183,10.6017707884077,9.06608919045777,7.94251450533924,10.6706562491184,11.6865005271832,12.7142455176661,9.17990909001493,10.7944158663501,1,5.39231742277876,1,5,1,13.2862689626798,1,3.32192809488736,1,3.32192809488736,10.4262647547021,10.4737057496194,1,5.24792751344359,2.58496250072116,11.0084286220706,10.8073549220576,4,11.5304063370991,5.24792751344359,10.8057438721516,1,"0"
"TCGA.58.8391.01A",5.95419631038687,14.7387256224934,10.4387918525783,12.4908508767403,6.4262647547021,1,4.32192809488736,10.5449644327892,1,8.85174904141606,1,16.4806955495234,2.58496250072116,2,12.12153351734,2,1,11.9113919878435,2.58496250072116,13.4194335507054,5.75488750216347,9.3037807481771,5.52356195605701,6.39231742277876,7.02236781302845,6.16992500144231,3,5.16992500144231,11.4988492065317,1,6.24792751344359,4.70043971814109,13.5452058274256,8.92481250360578,9.33539035469392,1,1,1,3.58496250072116,13.6593269974141,4.58496250072116,5.24792751344359,1,11.8970891283128,1,12.9031286768123,1,1,1,2,1,6.24792751344359,9.64745842645492,3,11.6917435191713,9.98868468677217,3.8073549220576,1,7,2.58496250072116,4.16992500144231,3.8073549220576,2,1,1,1,1,6.4594316186373,6.7279204545632,2.58496250072116,2,1,1,8.14974711950468,3.58496250072116,7.84549005094437,3,3.58496250072116,1,10.0498485494506,1,14.7177835075007,5.58496250072116,8.81378119121704,8.52356195605701,11.3387363825739,3,4.16992500144231,4.58496250072116,7.8073549220576,10.4304525516655,9.82017896241519,14.3339938827614,12.0721326041672,13.2321210840822,3.32192809488736,14.3006385539937,8.70735913208088,10.4573808790725,7.71424551766612,11.8902642770211,12.0457596613827,12.9487322398196,6.90689059560852,5.39231742277876,1,1,1,1,1,8.22881869049588,1,3,1,3.58496250072116,10.1137421660492,7.18982455888002,1,2.58496250072116,5.08746284125034,9.03342300153745,7.32192809488736,2,11.4767462039395,5.4594316186373,7.32192809488736,1,"0"
"TCGA.85.8070.01A",5,14.6765080795245,11.6339034093485,4.70043971814109,6.04439411935845,3,4,7.4757334309664,1,1,5.58496250072116,16.092550696571,2,4.8073549220576,11.3564519702218,6.64385618977472,1,13.0227145730448,1,12.4696418172395,2.58496250072116,9.17492568250068,7.84549005094437,4.32192809488736,8.2667865406949,7.44294349584873,3.58496250072116,4.8073549220576,11.2644426002266,4.16992500144231,7.59991284218713,2,11.9136374280491,10.3037807481771,10.2094533656289,1,1,1,4,14.0759804624163,2,9.92481250360578,1,10.7176764230664,1,12.5844927969759,1,1,2,1,1,6.35755200461808,2,1,4.8073549220576,8.95419631038687,3.32192809488736,1,7.89481776330794,1,2,9.79441586635011,1,1,4,1,2,1,6.49185309632967,1,2,2.58496250072116,1,2,1,5,4.70043971814109,2,2,9.60362634498619,2,8.28540221886225,3.32192809488736,8.37503943134692,5.16992500144231,9.08746284125034,2,2.58496250072116,3.8073549220576,3.58496250072116,10.2620948453702,9.6724253419715,12.0579917227592,11.3162815317462,5.52356195605701,4,7.62935662007961,7.24792751344359,8.67948009950545,6.12928301694497,11.7456743240021,11.7176764230664,12.6110247973074,4.32192809488736,2,2.58496250072116,1,1,1,8.63662462054365,8.05528243550119,5.24792751344359,3.58496250072116,3.32192809488736,1,9.12928301694497,3.8073549220576,1,6.08746284125034,2.58496250072116,6.64385618977472,5.75488750216347,3.58496250072116,10.4093909361377,3.32192809488736,8.58496250072116,1,"0"
"TCGA.18.5592.01A",5.52356195605701,15.4103850983736,10.5468944598876,9.70390357344466,7.39231742277876,3.32192809488736,6.24792751344359,9.09275714091985,2.58496250072116,8.65105169117893,1,16.6628630505626,5.90689059560852,1,11.6054795180617,3.32192809488736,8.63662462054365,13.6893428461342,3.32192809488736,13.4890953154135,5.64385618977472,8.86418614465428,1,5.95419631038687,8.4262647547021,1,2,5.58496250072116,11.7952279660287,2,7.10852445677817,3.8073549220576,13.6631133084558,11.3174126137649,10.3219280948874,1,4,1,7.33985000288462,14.078984687326,1,6.58496250072116,1,11.5526690975143,1,13.3297963382207,2.58496250072116,1,2,9.14974711950468,1,7.37503943134692,1,3.8073549220576,7.85798099512757,11.047123912114,3.58496250072116,1,6.85798099512757,1,5.08746284125034,7.08746284125034,1,5.8073549220576,1,3.32192809488736,2,9.36632221424582,8.02236781302845,1,3,1,1,6.32192809488736,4.58496250072116,6.75488750216347,6.49185309632967,5.58496250072116,1,10.8963324039099,1,14.2422809503024,6.24792751344359,6.95419631038687,7.74146698640115,11.8454900509444,6.4262647547021,6.55458885167764,8.03342300153745,6.4262647547021,11.4072677642447,11.4553272203046,14.8216743448946,12.418379719365,10.7829982089204,2,7.52356195605701,8.86418614465428,5.52356195605701,7.44294349584873,13.1851851668203,13.567480801143,13.6510516911789,7.16992500144231,4.8073549220576,1,6.4594316186373,1,3,4,12.3619437737352,9.96578428466209,1,1,1,10.467605550083,8.4757334309664,1,4.32192809488736,4.16992500144231,6,8.74146698640115,5.08746284125034,11.4125698468052,6.24792751344359,7.33985000288462,1,"0"
"TCGA.85.8276.01A",6.35755200461808,13.2553236900081,4.90689059560852,8.01122725542325,9.17990909001493,1,3.8073549220576,10.4594316186373,3,9.73809225962049,4.8073549220576,16.1705901534155,2,8.99435343685886,11.7047682393626,9.55074678538324,1,13.3086234451311,4.58496250072116,12.7125270004398,7.4262647547021,9.96866679319521,2,10.8249587405285,10.581200581925,6,6.08746284125034,7.64385618977472,11.4387918525783,1,9.99717948093762,5.58496250072116,14.9019981856685,9.53915881110803,10.631177055704,1,2.58496250072116,1,7.89481776330794,11.5137275959524,4.90689059560852,4.70043971814109,1,8.93663793900257,4.8073549220576,11.9822806045583,2,1,4,2,1,7.12928301694497,2.58496250072116,1,10.733015321686,9.45532722030456,1,1,6.58496250072116,2.58496250072116,1,5.32192809488736,2,3,1,2,1,3,7.44294349584873,2,1,1,1,5.95419631038687,2.58496250072116,9.23840473932508,3.32192809488736,4.32192809488736,2.58496250072116,10.0821490413539,2.58496250072116,14.3310568844266,8.25738784269265,7.94251450533924,9.77807712953536,11.9872640120725,9.01122725542325,12.3492812288175,9.13442632022093,10.0953970227926,9.73131903102506,9.86418614465428,15.5278434978802,10.4367115421372,5.64385618977472,4.4594316186373,14.834866038362,9.45532722030456,9.57742882803575,7.88264304936184,11.1686721181322,11.632995197143,13.443202577297,5,3.58496250072116,1,5.85798099512757,1,5.08746284125034,3.32192809488736,10.2264121927888,2.58496250072116,1,7.68650052718322,5,8.96000193206808,8.65105169117893,1,4.16992500144231,6.97727992349992,6.39231742277876,8.18982455888002,4.32192809488736,12.4056733322819,6.8073549220576,9.02790599656988,7.70043971814109,"0"
"TCGA.60.2719.01A",6.24792751344359,15.6899433890068,8.25738784269265,5.90689059560852,8.59245703726808,3,6.93073733756289,10.5507467853832,4.32192809488736,2,6.55458885167764,17.7050653486235,4.90689059560852,9.88569637333939,12.6452080827747,5.39231742277876,1,13.6015386759398,4,13.7673568541257,8.95419631038687,11.1006623390052,9.11894107272351,6.04439411935845,9.89481776330794,6.58496250072116,4.8073549220576,6.4262647547021,12.2708792953288,1,9.2667865406949,3,12.9869086246977,9.2045711442492,7.61470984411521,13.9668659003875,1,2,6.70043971814109,12.2934716488381,4.70043971814109,7.82017896241519,1,10.7780771295354,1,12.7936033092794,6.08746284125034,1,5.16992500144231,4.32192809488736,1,8.72109918870719,6.95419631038687,1,12.9783529581651,4.58496250072116,4.70043971814109,2,10.1573469353628,5.16992500144231,3.32192809488736,6.12928301694497,4,3,2,3.8073549220576,2,3.8073549220576,8.37503943134692,4.8073549220576,1,6.70043971814109,1,11.4157417682901,4,10.581200581925,5.85798099512757,4.16992500144231,2,11.6284455401372,2,15.0357441751219,3,9.8703647195834,6.4594316186373,12.5910547740368,3,3.32192809488736,4.8073549220576,12.7168194613299,12.0279059965699,10.8470573460913,14.7817695118631,12.5760118742068,14.9551958157299,6.49185309632967,17.3933569371884,9.89178370321831,12.6640027628865,6.8073549220576,12.2538474849874,12.0306671362469,14.0378900851425,4.70043971814109,6.20945336562895,3.8073549220576,1,1,2,2,6.55458885167764,3.58496250072116,3.58496250072116,5.24792751344359,6.70043971814109,10.3553510964248,7.93073733756289,1,5.4594316186373,8.93073733756289,8.63662462054365,8.20945336562895,4,14.2138636527493,7.08746284125034,6.24792751344359,5.64385618977472,"0"
"TCGA.43.A474.01A",5.39231742277876,13.1554507313121,9.97154355395077,10.7862696276485,9.2240016741981,3.58496250072116,2.58496250072116,11.4878400338231,1,6.20945336562895,1,16.6371342767171,6.93073733756289,1,12.2161395564251,6.20945336562895,2,13.3185428097027,2,13.1186166893515,5.39231742277876,10.0606959316876,8.78135971352466,2,8.95419631038687,7.08746284125034,2,5.85798099512757,11.8407779235951,1,2,3.58496250072116,14.8985069176373,11.6978363579624,10.2946207488916,1,1,1,5.16992500144231,13.963257356633,2,11.4093909361377,1,12.2573878426927,2,13.0907740546408,1,1,2.58496250072116,5.58496250072116,1,6.64385618977472,4.32192809488736,3.58496250072116,12.9545598469998,9.08746284125034,1,1,8.45121111183233,1,1,5.95419631038687,5.16992500144231,4.8073549220576,2,1,2.58496250072116,9.68650052718322,7.8073549220576,1,1,1,1,6.88264304936184,8.25738784269265,6.64385618977472,4,8.07681559705083,1,10.4938554492408,1,12.4387918525783,3.58496250072116,9.89784545600551,11.319672120947,11.007027266894,8.70735913208088,3.32192809488736,5.24792751344359,4.70043971814109,10.5526690975143,10.7747870596012,14.5443607694301,11.6995724532873,13.5926906153534,1,8.76818432477693,9.31741261376487,4.4594316186373,7.02236781302845,12.403544678202,12.8564255286255,13.0650794889999,5.70043971814109,8.76155123244448,1,3.32192809488736,1,2,1,9.18982455888002,8.82654848729091,1,1,1,9.92481250360578,9.37937836707126,1,3.58496250072116,8.82017896241519,7.10852445677817,8.4178525148859,6.32192809488736,11.0566377151132,3,5.4594316186373,1,"0"
"TCGA.85.A4QR.01A",4.32192809488736,15.9920974629185,9.62570884306447,12.1497471195047,2.58496250072116,3.8073549220576,6.8073549220576,10.7108064336994,2,3.58496250072116,2,16.1869266876627,1,6.6724253419715,12.1324997296285,2.58496250072116,1,13.2670792656712,2.58496250072116,13.0741414627525,4.58496250072116,9.57364718749332,8.13955135239879,8.25738784269265,8.21916852046216,5.52356195605701,1,3,12.0320457269308,1,5.16992500144231,3.32192809488736,13.0894504811159,8.57742882803575,9.13442632022093,2,1,2.58496250072116,5.85798099512757,13.477252323938,3.32192809488736,7.94251450533924,1,11.2191685204622,1,13.010877723007,1,1,1,1,1,8.6724253419715,2,2,11.8719052376592,7.08746284125034,1,1,11.120237877342,4.16992500144231,4.58496250072116,7.10852445677817,1,1,2,1,1,6.20945336562895,7.97727992349992,3,1,1,1,2,2.58496250072116,8.69348695749932,4.90689059560852,4.32192809488736,1,10.5924570372681,6.35755200461808,14.4099212412497,4,9.10852445677817,8.37503943134692,9.16490692667569,8.93663793900257,4,5.85798099512757,7.98868468677217,10.9053870050181,11.780539767472,15.8793439292332,13.2550285698187,12.5783726913608,2.58496250072116,14.1879705919842,6.7279204545632,8.64385618977472,7.16992500144231,12.1091777033553,13.0150665332303,13.0430272835945,4.70043971814109,7.4093909361377,1,1,1,2,1,9.56985560833095,5.75488750216347,1,7.8073549220576,4,9.96866679319521,5.58496250072116,2,6.70043971814109,5.90689059560852,2,10.7210991887072,5.64385618977472,11.1649069266757,3,8.56224242422107,7.84549005094437,"0"
"TCGA.66.2768.01A",7.22881869049588,14.8404829039885,9.65105169117893,13.8501868376458,7.14974711950468,1,7.8073549220576,11.6438561897747,3,2,3.8073549220576,16.3555231633391,2.58496250072116,10.0251395622785,12.5299185281203,5.08746284125034,2,11.6812384117778,2,13.6746336617673,8.85174904141606,7.94251450533924,5.95419631038687,7.82017896241519,8.57742882803575,6.08746284125034,3,4.58496250072116,11.1786648510065,2,8.89481776330794,6.24792751344359,12.3498340914572,10.2550285698187,10.1774195379892,2,5.39231742277876,2.58496250072116,10.5410966153495,13.7879025593914,5.08746284125034,6.49185309632967,1,11.1861142395416,1,12.7021726853655,3,1,4.8073549220576,10.0714623625566,1,8.28540221886225,6.75488750216347,1,12.1743015444676,4.58496250072116,4.4594316186373,1,7.06608919045777,6.08746284125034,1,8.59245703726808,2.58496250072116,6.04439411935845,2,1,5.32192809488736,8.21916852046216,6,2,4.8073549220576,2,1,12.8081597728684,9.46352437327118,6.04439411935845,7.68650052718322,6.95419631038687,1,10.8407779235951,2,13.0143692422351,4.16992500144231,9.76818432477693,12.334831928118,12.3492812288175,8.82017896241519,4.32192809488736,7.18982455888002,7.33985000288462,10.9454438363779,11.3014961949825,15.5944995644151,12.8603110549195,15.2568720813283,8.75488750216347,5.75488750216347,9.83289001416474,3.8073549220576,6.52356195605701,12.6746336617673,13.4040771362412,13.0728025345442,5.16992500144231,5.95419631038687,4.32192809488736,3.58496250072116,6.04439411935845,1,5.32192809488736,11.4115109880121,4.32192809488736,3.32192809488736,3.8073549220576,4.70043971814109,10.6882503091332,8.53138146051631,7.79441586635011,5.16992500144231,6.28540221886225,6.83289001416474,10.4157417682901,10.5018371849023,11.8772841335232,6.52356195605701,9.73470962022584,2,"0"
"TCGA.43.6143.01A",6.52356195605701,14.642728643769,9.09803208296053,5,8.48381577726426,1,5.4594316186373,10.471675214392,2,2,3.58496250072116,18.012024309446,1,10.8734441125154,13.9201667372389,11.3858624006415,4.8073549220576,14.2494097852691,4.4594316186373,14.7713862982601,9.24792751344359,11.9210970881068,8.53138146051631,3,6.88264304936184,10.0714623625566,5.58496250072116,9.24317398347295,13.2969162068793,1,13.0209799389042,3.32192809488736,15.4937929177608,9.54689445988764,13.610563503925,4.16992500144231,1,1,8.19967234483637,14.1333027883973,3.32192809488736,9.00562454919388,1,12.5357613779867,1,13.3655022681931,2,1,6.39231742277876,7.4262647547021,1,8.20945336562895,3,3,8.34872815423108,7.84549005094437,2.58496250072116,1,7.55458885167764,2.58496250072116,3,9.27146302790437,3,1,12.0402897210257,2.58496250072116,3,1,8.88874324889826,2.58496250072116,4.32192809488736,1,3,14.3240398713672,3.8073549220576,9.28540221886225,7.4093909361377,5.16992500144231,2,11.2057932493972,10.2336196767597,15.0502738095983,3,8.5077946401987,5.08746284125034,13.4385319777616,5.70043971814109,1,3.58496250072116,8.62935662007961,12.806549621986,11.6036263449862,8.94836723158468,13.6183855022586,9.34872815423108,8.97727992349992,10.9233274854192,10.4817994316658,9.19475685442225,7.64385618977472,13.3442959079158,12.5502658068687,14.155292601752,6.64385618977472,9.53138146051631,6.32192809488736,1,1,5.85798099512757,9.40087943628218,11.0874628412503,3.8073549220576,3.8073549220576,2.58496250072116,3,11.403012023575,9.82336724004623,8.25738784269265,7.12928301694497,2,8.39231742277876,7.82017896241519,6.32192809488736,12.9509203520301,7.55458885167764,9.62570884306447,2.58496250072116,"0"
"TCGA.43.5670.01A",5.95419631038687,15.2950514255576,7.59991284218713,9.96866679319521,7.90689059560852,3.32192809488736,2,12.0251395622785,1,3.58496250072116,2,15.8212258928777,1,10,12.4351493383669,2.58496250072116,1,14.2777232816103,2.58496250072116,13.606173844717,5.85798099512757,9.18982455888002,6.35755200461808,7.20945336562895,8.10852445677817,7.96578428466209,2,6.97727992349992,11.6384359139905,1,7.94251450533924,5.16992500144231,14.0431982089002,5.08746284125034,9.37503943134693,8.82654848729091,1,1,8.89481776330794,15.2968445290732,8.6582114827518,6.58496250072116,1,10.6147098441152,1,12.7202442582876,5.90689059560852,1,3.32192809488736,6.58496250072116,1,8.83920378809694,4.4594316186373,3,5.85798099512757,7.82017896241519,3,2.58496250072116,9.16992500144231,1,5.32192809488736,7.18982455888002,3,4.70043971814109,3,1,2,10.2021238238305,4.70043971814109,1,3,1,2,5.24792751344359,5,5.08746284125034,6.4594316186373,6.08746284125034,1,10.7548875021635,1,12.1446582428319,6.4594316186373,9.92481250360578,14.1130909834424,11.075479149488,11.5216004397237,3.32192809488736,9.53138146051631,3,11.1522848423066,10.8703647195834,16.619933366193,13.8447057644119,13.3701424794954,1,6,8.53915881110803,3.32192809488736,8.81378119121704,13.2185632361903,13.3545248894494,14.0423433797937,3.58496250072116,3,1,3,1,1,3.8073549220576,11.3944626946103,4.4594316186373,1,1,2,10.9366379390026,7.75488750216347,1,6.4262647547021,7.02236781302845,5.85798099512757,8.18982455888002,12.1554507313121,11.2992080183873,5.75488750216347,12.8595347863827,2,"0"
"TCGA.68.7755.01A",6.52356195605701,16.0974972257434,7.95419631038687,8.53138146051631,8.99435343685886,3,6.20945336562895,8.4594316186373,1,12.4913520735634,1,17.6887966810545,4.70043971814109,2,12.9929383361658,4.8073549220576,1,13.6512759733466,4.4594316186373,13.626393504174,5.70043971814109,9.4093909361377,10.4998458870832,7,12.402479172215,3.8073549220576,3.32192809488736,6.12928301694497,12.1260591160707,1,5.70043971814109,8.84549005094437,14.4977271172587,11.9893944998447,8.89481776330794,4.32192809488736,1,1,5.52356195605701,12.4408691676109,6.70043971814109,4.70043971814109,1,10.753216749179,1,13.7946189341301,1,1,2,4.90689059560852,1,7.52356195605701,3.8073549220576,3.8073549220576,13.0327345285867,13.0990189910192,1,1,8.71424551766612,1,4.4594316186373,9.79441586635011,3,7.74146698640115,2.58496250072116,3,3,3.32192809488736,7.18982455888002,1,4.58496250072116,3,1,6,10.3706874068072,6.7279204545632,7.49185309632967,3.58496250072116,1,11.4797802640291,1,14.4325419003883,8.33091687811462,6.75488750216347,10.9307373375629,12.9392118826664,8.09803208296053,6.49185309632967,11.5018371849023,1,12.4609677625704,11.7731392067197,15.6034524879042,11.9534689622288,10.2360141919001,1,3.32192809488736,10.2143191208008,1,8.85798099512757,11.0484868739923,13.3387363825739,13.0007042690112,6.93073733756289,5,1,1,2.58496250072116,3,4,11.8564255286255,7.98868468677217,4.70043971814109,1,1,10.581200581925,8.63662462054365,1,3.58496250072116,6.52356195605701,11.0443941193585,6.97727992349992,7.3037807481771,13.6615554424678,6.32192809488736,10.7565563225241,1,"0"
"TCGA.34.5927.01A",6.4594316186373,14.5715156504778,7.85798099512757,5.08746284125034,8.12928301694497,3,4.4594316186373,8.33091687811462,1,3.58496250072116,4,17.6300395526561,5.32192809488736,8.85174904141606,11.5651020783603,12.211888294546,3.8073549220576,13.6024669018306,4.4594316186373,14.0962209962234,7.76818432477693,10.7960396088298,8.38370429247405,11.5565060546719,11.1774195379892,3.58496250072116,4.90689059560852,7.65821148275179,11.7064960180612,4,9.36194377373524,4.16992500144231,14.5933911227917,10.5294305541462,10.6275338844728,9.64024493622235,4.4594316186373,1,6.70043971814109,13.1472049249422,5.58496250072116,12.0133226734254,1,11.1189410727235,1,13.0450770519349,1,1,3.8073549220576,5.95419631038687,1,10.0525680508042,4.4594316186373,1,13.6584346546976,6,2.58496250072116,1,7.93073733756289,4.8073549220576,3.8073549220576,11.5166849493096,6.4594316186373,2.58496250072116,2.58496250072116,4,3.32192809488736,6.4594316186373,7.02236781302845,2,10.3487281542311,3.8073549220576,1,11.3685064615077,3.32192809488736,9.58871463558226,5.90689059560852,7.02236781302845,2,11.2550285698187,6.24792751344359,10.6054795180617,5.32192809488736,10.3241805466187,6.61470984411521,11.9693865213423,5.70043971814109,4.90689059560852,7.79441586635011,10.1472049249422,11.2240016741981,11.0168082876866,14.6676659769771,13.4481163054095,10.0848083878044,11.2203783276952,15.5893000261526,9.37068740680722,10.9395792143147,10.243173983473,12.6411485974112,12.7321674256634,15.1619978700475,7.16992500144231,7.76818432477693,6.35755200461808,1,1,4.16992500144231,9.89178370321831,12.0867996856235,5.64385618977472,5.52356195605701,6.93073733756289,4.32192809488736,11.2911706993219,11.3353903546939,1,2,7.39231742277876,7.18982455888002,10.4008794362822,10.3685064615077,13.0654161346765,6.83289001416474,5.64385618977472,4.4594316186373,"0"
"TCGA.85.7696.01A",6.78135971352466,15.602524896124,8.77478705960117,8.57742882803575,9.0389189892923,2,4.90689059560852,10.6147098441152,3.8073549220576,8.52356195605701,4,17.0261775968892,4.8073549220576,5.70043971814109,12.6886874232225,10.5018371849023,7.4594316186373,13.2755425560867,4.16992500144231,13.6479080742818,8.23840473932508,11.9915218460757,7.8073549220576,7.56985560833095,12.526988205432,7,5.95419631038687,7.61470984411521,12.7919768208987,4,11.286557761608,6.61470984411521,14.6314044487285,10.7714894695006,11.8610869059954,1,3.8073549220576,1,7.08746284125034,15.6363980488838,5.24792751344359,9.66888498426625,1,11.5840229402575,1,12.6017707884077,1,1,4.58496250072116,8.90086680798075,1,10.5255208090951,4.58496250072116,2,12.7698378436294,7.3037807481771,3.32192809488736,1,7.52356195605701,2.58496250072116,6.12928301694497,8.96578428466209,2.58496250072116,4.16992500144231,1,3,1,7.90689059560852,7.4594316186373,1,3,1,1,5.90689059560852,6.58496250072116,8.74146698640115,9.67948009950545,6.32192809488736,1,11.0347989625773,2,14.1451360882818,3.32192809488736,8.34872815423108,8.20945336562895,12.1189410727235,8.84549005094437,6.61470984411521,11.3739526553702,10.1189410727235,10.8423503434138,10.9336906549522,12.0647427647503,13.2164427391605,12.4958550268872,7.4093909361377,12.9417812422785,10.1823943534045,10.4199601778479,7.61470984411521,12.0484868739923,12.9095181142966,13.9895718985589,4.58496250072116,6.49185309632967,1,4.8073549220576,3.8073549220576,8.76818432477693,6.08746284125034,11.6174674652942,8.53138146051631,2.58496250072116,3.32192809488736,4.16992500144231,10.3174126137649,8.81378119121704,1,7.4093909361377,8.08746284125034,8.27612440527424,9.0389189892923,7.52356195605701,13.3165643853969,6.4594316186373,12.1736771363034,4.32192809488736,"0"
"TCGA.58.A46L.01A",7.4594316186373,15.3598181800299,8.8008998999203,12.8719052376592,8.32192809488736,3,6.97727992349992,13.1065629404449,3,9.81378119121704,2.58496250072116,17.7666453671533,2,6.24792751344359,12.1208858427878,7.71424551766612,3,12.5569849575945,4.16992500144231,14.357002092265,9.66888498426625,9.73809225962049,9.06069593168755,11.1163439612375,10.5603328342124,7.10852445677817,5.4594316186373,8.19967234483637,13.1366707623418,2.58496250072116,9.74819284958946,5.16992500144231,15.1823167536928,11.9314762338868,11.4356702609366,1,3.32192809488736,2,8.32192809488736,13.859146495426,5.90689059560852,5.85798099512757,2,12.0993478104032,2,13.0443941193585,6.93073733756289,1,4.70043971814109,2.58496250072116,1,10.4367115421372,4.70043971814109,3.8073549220576,14.6084858564953,11.1472049249422,8.59245703726808,3,6.24792751344359,2.58496250072116,6.20945336562895,7.2667865406949,2.58496250072116,5.8073549220576,2,5.16992500144231,3.32192809488736,6.97727992349992,7.65821148275179,2,1,1,1,9.50382573799575,6.35755200461808,7.16992500144231,7.8073549220576,5.70043971814109,1,11.6082548219779,2,12.7047682393626,7.08746284125034,7.8073549220576,14.1952183937621,12.577900836887,12.4236411950759,8.74819284958946,10.1344263202209,3.32192809488736,12.1535520317081,11.713386514937,11.7984718011016,13.9728003352245,13.1052537797009,5,7.61470984411521,9.93073733756289,4.90689059560852,7.75488750216347,12.1247675358225,14.1710203825119,14.3488664427566,6.20945336562895,7,2.58496250072116,6.16992500144231,1,2.58496250072116,6.20945336562895,8.62205181945638,9.27146302790437,2.58496250072116,3,2,11.2796105810525,8.77478705960117,1,5.8073549220576,8.24792751344359,7.16992500144231,10.5999128421871,6.85798099512757,12.4838157772643,8.16992500144231,10.57931593758,1,"0"
"TCGA.85.A512.01A",6.20945336562895,15.977995368613,7.16992500144231,11.5137275959524,8.62935662007961,3.32192809488736,5.8073549220576,10.5488219084588,1,11.0687782779854,3.32192809488736,15.7822303958982,5.16992500144231,5.70043971814109,11.3890935219045,9.67948009950545,2,13.695663296788,2,12.9516489859046,4.70043971814109,9.04439411935845,6.32192809488736,4.70043971814109,10.103287808412,6.4262647547021,5.52356195605701,4.90689059560852,12.5206186805563,3,7.84549005094437,4.58496250072116,13.4390516805917,10.9068905956085,9.98584193700334,1,1,1,10.2479275134436,12.4403501192006,4.4594316186373,6.08746284125034,2,10.7056323873614,1,12.9155059622319,1,1,3.58496250072116,1,1,6.6724253419715,1,8.6724253419715,10.5961897561444,10.9483672315847,6.88264304936184,1,7.56985560833095,1,6.20945336562895,7.59991284218713,2.58496250072116,9.08746284125034,2,1,2,4.8073549220576,6.70043971814109,3,1,1,1,7.33985000288462,5.95419631038687,6.64385618977472,6.04439411935845,5.70043971814109,1,11.1736771363034,1,13.4678602407079,9.58496250072116,7.88264304936184,14.0162859821088,11.1254134704833,9.90388184573618,10.9556499075284,11.6275338844728,5.16992500144231,10.3728650601126,10.8610869059954,12.2532565797812,11.5294305541462,12.656871725614,3,9.38370429247405,9.26209484537018,3.32192809488736,3.8073549220576,12.6183855022586,13.5220910688871,13.1799090900149,6.64385618977472,7.68650052718322,1,3,2,2,1,9.02236781302845,6.52356195605701,2.58496250072116,1,1,9.69696752623429,7,1,3.58496250072116,10.8657332708518,8.58496250072116,7.83289001416474,3.58496250072116,11.9173720794768,4.32192809488736,9.25266543245025,1,"0"
"TCGA.85.7710.01A",6.04439411935845,15.9678116494064,6.4594316186373,12.3253054550897,7.28540221886225,2,6.24792751344359,10.868822554775,2,5,3,17.007750010639,1,1,11.7125270004398,3.8073549220576,2.58496250072116,13.6149398473107,3.32192809488736,13.2629757012279,5.52356195605701,8.43462822763673,4.90689059560852,1,3.8073549220576,4.70043971814109,3.58496250072116,4.58496250072116,11.8795832496128,1,9.77807712953536,4,13.7980667203631,1,11.3094763538411,1,1,2.58496250072116,6.58496250072116,13.8187818722754,4,7.49185309632967,1,12.8776675740679,1,12.6895612542855,1,1,5.16992500144231,9.02790599656988,1,8.43462822763673,5.16992500144231,2,8.54689445988764,2.58496250072116,1,1,6.39231742277876,4.32192809488736,1,8.69348695749932,1,4.16992500144231,2,3,2,2.58496250072116,6.58496250072116,3,1,1,1,6.83289001416474,5.8073549220576,9.64745842645492,7.7279204545632,4.4594316186373,2,11.3564519702218,1,12.3987436919382,5.08746284125034,5.70043971814109,10.1799090900149,11.9563761572497,6.20945336562895,4.70043971814109,2,10.0848083878044,9.70043971814109,10.6275338844728,16.6226810304748,13.4398308839814,15.2831607175334,4.32192809488736,15.0117513953167,9.21916852046216,9.59245703726808,4.58496250072116,10.8265484872909,12.2473341780287,13.5764843467969,2,3.8073549220576,1,3.32192809488736,1,1,1,7.55458885167764,1,1,1,3.8073549220576,9.91587937883577,10.3420746679991,1,6.16992500144231,3,4.16992500144231,9.71080643369935,4.4594316186373,12.0613711926598,4.70043971814109,5.52356195605701,2,"0"
"TCGA.66.2781.01A",6.08746284125034,15.7774094410444,10.6384359139905,12.6082548219779,9.2336196767597,1,5.70043971814109,8.82017896241519,1,8.11894107272351,4.16992500144231,16.7704058033186,1,4.58496250072116,11.967226258836,5.85798099512757,3.58496250072116,13.1975238782578,2,13.2243032093734,7.24792751344359,10.7846348455575,5.39231742277876,7.5077946401987,11.270295326472,6.20945336562895,5,6.90689059560852,12.0188956211216,3,10.1163439612375,4.32192809488736,14.2892984719035,10.9351650496037,10.2045711442492,3,2.58496250072116,1,7.02236781302845,14.5989829710361,5.64385618977472,4.8073549220576,1,10.6794800995054,1,13.1134166114859,1,1,2.58496250072116,5.8073549220576,1,9.4797802640291,4.16992500144231,2,11.8233672400462,7.12928301694497,3.58496250072116,2,10.5077946401987,3.58496250072116,2.58496250072116,9.29001884693262,5.95419631038687,5.4594316186373,2,4.32192809488736,3,6.88264304936184,6.7279204545632,1,1,1,1,10.0112272554233,2,9.16992500144231,7.3037807481771,5.4594316186373,2,10.6564248632778,3,12.8917837032183,10.7431513941125,8.78790255939143,11.7116669735643,11.9373738201921,10.403012023575,7.4262647547021,6.95419631038687,8.65105169117893,10.3286749273279,10.8360503550581,16.1827822893667,12.2473341780287,10.8826430493618,4.4594316186373,13.3728650601126,9.77478705960117,8.65105169117893,7.58496250072116,11.8517490414161,12.8297227350861,12.8653466448168,5.32192809488736,4.90689059560852,1,3.8073549220576,2,1,9.17990909001493,8.04439411935845,4.4594316186373,2,6,4,10.5679560754155,7.82017896241519,1,4.4594316186373,7.8073549220576,8.59245703726808,8.467605550083,7.7279204545632,12.4558409091264,5.64385618977472,9.34429590791582,1,"0"
"TCGA.63.A5MY.01A",4.8073549220576,15.0823985634278,5.52356195605701,12.9381093262192,5,5.95419631038687,4.16992500144231,10.2479275134436,1,5.64385618977472,3.32192809488736,16.5318383228332,5.64385618977472,7.4262647547021,10.9439799143437,2,1,14.3042086994456,1,13.4064707685293,3,10.9381093262192,7.18982455888002,2.58496250072116,5.32192809488736,7.39231742277876,2.58496250072116,4.90689059560852,12.2088439907346,1,4.90689059560852,3.58496250072116,10.0714623625566,3.32192809488736,12.2894425756883,4,1,1,1,14.8026173340852,5.24792751344359,9.10328780841202,1,10.7039035734447,4.70043971814109,13.2390017577656,2,1,3.8073549220576,1,1,8.21916852046216,3.32192809488736,2.58496250072116,12.1484765821783,8.37503943134692,1,1,10.2877123795494,1,2.58496250072116,6.7279204545632,2.58496250072116,1,9.81378119121704,2.58496250072116,1,5.52356195605701,7.4262647547021,1,1,1,1,4.58496250072116,2,7,6.16992500144231,4.58496250072116,1,10.8641861446543,5.95419631038687,13.8456860559771,2,11.3641346550081,7.55458885167764,10.6724253419715,5,3,4.4594316186373,4.8073549220576,10.5449644327892,11.0416591516372,11.9722618487333,13.2969162068793,11.4062050054189,2,10.0821490413539,9.01680828768655,6,9.4594316186373,11.4817994316658,13.0590063952011,12.859146495426,2.58496250072116,6.20945336562895,2,1,2,2,4.90689059560852,6.75488750216347,6.12928301694497,1,4.90689059560852,2,11.1344263202209,6.78135971352466,1,5.39231742277876,2,9.59991284218713,5.39231742277876,4,10.2807707701306,3.8073549220576,7.16992500144231,1,"0"
"TCGA.85.7698.01A",7.58496250072116,15.400612641082,10.652844973002,13.399010832952,10.0112272554233,2,5.24792751344359,11.1459321458205,5.4594316186373,11.2644426002266,2.58496250072116,16.9825034455777,5.4594316186373,1,11.9366379390026,3,4.4594316186373,13.5502658068687,4.58496250072116,13.4328028563519,7.2667865406949,8.83289001416474,7.53915881110803,6.6724253419715,11.8749813476538,5.52356195605701,5.32192809488736,6.70043971814109,11.6320864128352,3,9.97154355395077,7.82017896241519,15.8914989326727,10.2854022188622,9.86727873970966,1,1,1,7.04439411935845,12.5478585060584,2,8.99435343685886,1,11.410451351504,1,13.2410893788609,2.58496250072116,1,2,9.12412131182919,1,8.53915881110803,3.58496250072116,4.4594316186373,12.7030383889864,13.1414685553931,12.9240701855853,1,8.56224242422107,3,3,9.56605403817109,1,6.95419631038687,1,3.32192809488736,1,9.83920378809694,7.06608919045777,1,2.58496250072116,1,1,9.49185309632967,7.65821148275179,8.98868468677217,4.16992500144231,5.64385618977472,2,11.0112272554233,2,13.728345714711,7.93073733756289,8.21916852046216,12.7772553151919,12.9736973663054,11.3564519702218,7.93073733756289,12.5343028824546,6.24792751344359,10.1922928144708,10.7797193551434,14.9017154244144,12.3089078040639,9.6582114827518,5.16992500144231,10.609178738142,10.5176693881338,6.6724253419715,9.32192809488736,11.3465137331656,12.3459595964041,13.7364019313183,4.58496250072116,9.01680828768655,1,4.4594316186373,1,2,2,9.90388184573618,7.32192809488736,4.32192809488736,1,2.58496250072116,10.3553510964248,9.72451385311995,1,4,10.2667865406949,10.6054795180617,9.09803208296053,7.3037807481771,13.726643921484,6.49185309632967,10.2946207488916,4.58496250072116,"0"
"TCGA.66.2766.01A",5.95419631038687,14.7365076348785,8.88874324889826,10.0498485494506,7.3037807481771,3,5.52356195605701,11.7397806097733,2,3,4,16.0379329708024,5.24792751344359,1,12.3145832442742,5.39231742277876,1,12.525031345124,4.32192809488736,13.281640300066,6.85798099512757,10.2312211807112,9.27146302790437,4.16992500144231,7.08746284125034,7.90689059560852,2,7.61470984411521,11.1972166931101,1,10.3128829552844,3,12.7159619902551,10.3398500028846,11.4072677642447,1,4.58496250072116,1,7.39231742277876,13.319107575825,3.8073549220576,11.2632692003727,1,11.0416591516372,1,12.876516946565,1,1,3,5.08746284125034,1,7.06608919045777,1,3.32192809488736,11.3782948559119,14.2846795343604,1,1,5.52356195605701,1,2.58496250072116,9.55458885167764,2,4.90689059560852,1,2.58496250072116,2,3,7.44294349584873,2,4.16992500144231,1,1,5.24792751344359,2,7.89481776330794,7.32192809488736,5.58496250072116,2.58496250072116,11.6183855022586,1,12.8757493514201,3,7.35755200461808,8.94836723158468,11.7507069862249,7.08746284125034,5.16992500144231,5.52356195605701,6.04439411935845,10.3772105303886,11.3398500028846,11.8025163651212,13.2024299660154,8.24792751344359,5.39231742277876,9.64745842645492,9.43879185257826,6.24792751344359,9.3037807481771,11.298062567719,11.871135184243,13.0059753565004,3.32192809488736,9.73809225962049,1,3.58496250072116,1,2.58496250072116,6.90689059560852,12.2209828510818,4.4594316186373,4.32192809488736,3.32192809488736,2,9.88569637333939,7.65821148275179,1,4.90689059560852,6.4594316186373,10.5449644327892,9.10852445677817,10.2526654324502,11.6591039634737,4.70043971814109,10.654636028528,2,"0"
"TCGA.NC.A5HM.01A",6.12928301694497,15.4873376152072,5.95419631038687,8.31288295528435,6.16992500144231,2.58496250072116,5.16992500144231,10.9454438363779,1,2,1,15.6355480881117,2,8.56224242422107,12.2258099406235,3.32192809488736,1,12.429406741514,3.32192809488736,12.3613955331659,7.70043971814109,10.3858624006415,6.75488750216347,8.13955135239879,6.35755200461808,5.16992500144231,2.58496250072116,4.90689059560852,11.5999128421871,1,3,3.32192809488736,12.5008418795569,6.58496250072116,10.0714623625566,5.52356195605701,1,1,6.75488750216347,13.9057630496028,5.8073549220576,8.29462074889163,1,10.5999128421871,6.08746284125034,12.3723209548673,2,1,3,6.4262647547021,1,10.7992816215219,6.24792751344359,1,9.2807707701306,3.58496250072116,9.29462074889163,1,8.02236781302845,3.58496250072116,2.58496250072116,6.58496250072116,1,4.58496250072116,1,4.16992500144231,4.4594316186373,5.08746284125034,6.20945336562895,1,1,2,1,8.82654848729091,3,5.70043971814109,6.6724253419715,5.32192809488736,1,9.92481250360578,1,14.093417564388,1,7.88264304936184,7.53915881110803,10.5774288280357,2.58496250072116,3.8073549220576,6.52356195605701,4.4594316186373,10.0848083878044,10.3083390301394,13.7397806097733,12.8474489039824,12.7952279660287,3.58496250072116,11.4958550268872,8.09803208296053,7.4594316186373,6.52356195605701,11.7565563225241,12.0279059965699,13.0402897210257,3,5.95419631038687,2.58496250072116,2.58496250072116,1,1,4.8073549220576,9,2,1,3,2,9.87344411251538,7.5077946401987,1,3.32192809488736,4.90689059560852,8.23840473932508,8.76818432477693,4.58496250072116,10.7004397181411,4,8.56985560833095,3,"0"
"TCGA.60.2722.01A",5.64385618977472,15.7539479416999,6,15.3218576490737,7.8703647195834,3,6.75488750216347,11.8978454560055,1,11.6229669447905,2.58496250072116,17.6977142101124,4.16992500144231,1,12.0633950812885,1,1,14.2336196767597,2.58496250072116,13.7387256224934,5.64385618977472,8.94251450533924,5.52356195605701,7.4262647547021,11.0042204663182,5.70043971814109,3.32192809488736,5.70043971814109,11.8734441125154,1,6.20945336562895,4.58496250072116,12.9377416200771,10.6987046667703,8.79441586635011,1,1,1,5.95419631038687,13.8397942902026,5.95419631038687,5.90689059560852,1,11.5755392468345,1,12.1953722074027,5.08746284125034,1,1,5.39231742277876,1,6.55458885167764,3.58496250072116,4.32192809488736,10.8057438721516,13.6640027628865,6.75488750216347,1,6.83289001416474,1,5.32192809488736,6.32192809488736,2,8.12928301694497,2,1,1,3.8073549220576,5.52356195605701,2.58496250072116,2,1,1,10.2877123795494,9,5.32192809488736,6.35755200461808,5.70043971814109,1,10.642051692928,1,13.8229690904533,7.7279204545632,7.84549005094437,13.3545248894494,11.8548683832602,12.5760118742068,11.4998458870832,10.6865005271832,5.85798099512757,11.4450148458684,11.9181178510318,15.7158011576758,12.5038257379958,9.40087943628218,2.58496250072116,8.29462074889163,9.19967234483636,3.58496250072116,5.16992500144231,11.4304525516655,13.2033480029798,13.5277213442845,4,6.8073549220576,1,2.58496250072116,1,3.32192809488736,1,11.0768155970508,9.00562454919388,3.8073549220576,1,2,10.1163439612375,7.78135971352466,1,5.95419631038687,4,10.616548843779,3.8073549220576,9.87344411251538,12.2638560195961,5.8073549220576,9.16992500144231,1,"0"
"TCGA.77.7465.01A",6.16992500144231,9.2807707701306,7.10852445677817,8.39231742277876,6.85798099512757,3.8073549220576,3.8073549220576,6.78135971352466,1,2,4.32192809488736,15.0463566798232,1,1,10.9758479680068,7.8703647195834,2,10.9439799143437,3.8073549220576,13.4820516290339,8.06608919045777,8.49984588708321,3,8.40087943628219,8.22881869049588,6.8073549220576,4.16992500144231,8.19967234483637,12.5191447879974,3.32192809488736,11.0620461377205,4.4594316186373,16.2194332524974,11.120237877342,8.90689059560852,1,1,1,8.56224242422107,14.344850683943,5.08746284125034,7.79441586635011,1,8.27612440527424,2.58496250072116,11.6960981709559,3.58496250072116,1,3.32192809488736,1,1,8.2667865406949,4.32192809488736,3.32192809488736,11.8344710499842,2,2,2,9.86418614465428,3.8073549220576,3.32192809488736,9.06608919045777,1,1,3,1,2,4.70043971814109,6.49185309632967,2.58496250072116,5.24792751344359,1,2,9.31288295528435,2,8.59991284218713,4,4.58496250072116,1,11.8757493514201,1,10.7797193551434,2,8.09803208296053,4.90689059560852,11.8129794712515,3,1,1,9.60733031374961,10.9571020415623,10.7125270004398,13.7710767402628,13.7490313820402,11.5631962722167,6.64385618977472,12.8388099857086,10.1163439612375,9.90689059560852,5.32192809488736,11.3782948559119,12.4225904338926,13.261213451366,7.33985000288462,5.52356195605701,1,4.32192809488736,8.45121111183233,3,1,8.33985000288462,2,1,1,4.70043971814109,10.2215871212648,10.5980525001616,1,4.16992500144231,4.4594316186373,7.3037807481771,11.2021238238305,3.58496250072116,13.7692179961265,5.90689059560852,4.4594316186373,5.08746284125034,"0"
"TCGA.77.8148.01A",5.95419631038687,14.3080545590666,8.16992500144231,9.31741261376487,8.94251450533924,2,4.4594316186373,10.3728650601126,1,1,2.58496250072116,15.8950545307483,3.32192809488736,4,12.586370695114,10.4898479604393,7.98868468677217,12.9012440324674,3.32192809488736,13.0024634388925,7.28540221886225,9.66177809777199,7.2667865406949,8.69348695749932,11.0347989625773,5,5.16992500144231,6.24792751344359,11.1623913287569,1,6.97727992349992,3.58496250072116,13.9382931441517,11.0539258815311,10.3619437737352,12.0681064758588,1,1,8.45121111183233,12.4146852358072,4.58496250072116,9.31741261376487,1,10.2360141919001,5.95419631038687,12.3608470841797,2,1,4,5,1,8.10852445677817,3,5.08746284125034,11.5868397879618,12.1260591160707,1,1,9.08746284125034,2.58496250072116,5.32192809488736,5.24792751344359,3,2.58496250072116,7.59991284218713,6,1,8.59245703726808,6.4262647547021,1,8.24792751344359,4.16992500144231,1,8.67948009950545,3.8073549220576,6.4262647547021,5,5,1,10.1163439612375,8.53138146051631,13.2842457498297,2,7.35755200461808,10.7108064336994,11.5176693881338,9.74483383749955,3.58496250072116,9.98868468677217,2.58496250072116,10.5943246039248,10.7210991887072,14.1813075774278,12.7834075421735,8.94836723158468,1,6.04439411935845,9.20945336562895,2.58496250072116,8.76818432477693,11.3641346550081,12.3094763538411,12.8073549220576,4.16992500144231,9.08214904135387,2,5.24792751344359,1,1,8.5077946401987,7.94251450533924,4.4594316186373,3.58496250072116,5.70043971814109,1,9.63662462054365,8.54689445988764,1,3.32192809488736,2,9.94836723158468,8.94836723158468,6.95419631038687,11.1189410727235,5.32192809488736,11.3531468254981,2.58496250072116,"0"
"TCGA.58.8387.01A",4.90689059560852,13.0996765548596,7,11.0887882387169,6.64385618977472,2,3.8073549220576,8.13955135239879,3,2.58496250072116,3.32192809488736,14.8735402377139,2,4.70043971814109,10.7632123668144,6.4594316186373,7.4262647547021,11.2514824106202,3.58496250072116,12.873828574887,4.32192809488736,8.58496250072116,6.85798099512757,1,8.12928301694497,6.52356195605701,5.24792751344359,6,10.8734441125154,1,8.76818432477693,1,11.5689061545021,8.28540221886225,9.73470962022584,2.58496250072116,1,2,4.32192809488736,11.8193807908646,3,7.8703647195834,1,9.59245703726808,2,11.8161836814323,2,1,2,1,1,7.61470984411521,2,1,10.6688849842662,5.95419631038687,1,1,12.3106127816595,5,3,6.32192809488736,2,1,1,2,1,1,6.8073549220576,1,2,1,1,3.58496250072116,1,7.35755200461808,3,2,2,10.729620743553,1,13.4003457965347,3,7,8.10852445677817,9.40087943628218,8.09803208296053,3.8073549220576,6.93073733756289,7.8703647195834,10.0794847838268,10.2667865406949,14.5745935273376,12.0306671362469,10.5507467853832,3.8073549220576,13.2428763671664,8.56224242422107,7.75488750216347,4.4594316186373,12.2027360432502,12.2743781532464,12.1130909834424,7.70043971814109,6.78135971352466,1,1,1,1,2,6.4594316186373,3,1,2,3.32192809488736,9.96289600533726,6.35755200461808,1,3.32192809488736,5.4594316186373,7.62935662007961,10.3353903546939,3,11.0182001788132,3.8073549220576,4.58496250072116,4.58496250072116,"1"
"TCGA.22.4599.01A",4.70043971814109,9.09275714091985,8.15987133677839,5.24792751344359,6.16992500144231,1,3.8073549220576,6.85798099512757,2,2.58496250072116,1,14.6791501772474,4,5.52356195605701,9.96866679319521,4.16992500144231,6.75488750216347,9.5077946401987,5.16992500144231,10.7481928495895,5.39231742277876,8.11894107272351,5.24792751344359,6.16992500144231,5,4.8073549220576,5.90689059560852,4,10.2784494582205,2,7.95419631038687,1,12.9908130791536,10.1598713367784,10.1006623390052,9.48784003382305,1,1,4,12.2597432636908,3.32192809488736,7.75488750216347,1,9.05528243550119,1,10.5449644327892,1,1,2.58496250072116,4.8073549220576,1,6.24792751344359,4.90689059560852,1,10.8917837032183,7.20945336562895,1,1,6.58496250072116,3.58496250072116,2.58496250072116,8.25738784269265,3.8073549220576,1,1,4.16992500144231,2,3.58496250072116,4.58496250072116,1,1,1,2,5.08746284125034,2,5.64385618977472,3.32192809488736,4.90689059560852,2,10.1823943534045,2.58496250072116,10.0525680508042,2.58496250072116,3.58496250072116,6.28540221886225,10.3944626946103,5.52356195605701,2,1,6.90689059560852,9.37937836707126,9.52356195605701,10.1972166931101,9.72109918870719,6.88264304936184,3.32192809488736,6.78135971352466,8.36632221424582,7.62935662007961,5.90689059560852,11.0416591516372,11.0512089409148,11.6082548219779,4.90689059560852,4.70043971814109,3.32192809488736,1,1,1,2.58496250072116,9.2045711442492,5.39231742277876,1,1,2.58496250072116,9.05528243550119,7.06608919045777,1,1,3.58496250072116,5.64385618977472,6.04439411935845,4.32192809488736,10.8313072438021,7.18982455888002,5.75488750216347,1,"1"
"TCGA.77.A5G6.01A",4,13.109504215757,7.93073733756289,12.3548003443506,8.69348695749932,3.58496250072116,5.4594316186373,9.89481776330794,2,3.32192809488736,5.24792751344359,16.5261324056284,4.8073549220576,7.68650052718322,12.3581017074408,6.52356195605701,4.16992500144231,12.0091287895393,2.58496250072116,12.4958550268872,8.94251450533924,9.29001884693262,4.70043971814109,9.2240016741981,8.04439411935845,6.61470984411521,4.16992500144231,5.08746284125034,12.2784494582205,4.16992500144231,7.8703647195834,3,14.047294352783,9.99435343685886,10.0056245491939,1,1,1,5.70043971814109,13.0542651396258,8.13955135239879,7.4093909361377,1,11.4978518369511,1,12.1013191544233,2,1,2.58496250072116,1,1,9.73470962022584,11.9498267107591,1,12.7727269492398,5.95419631038687,1,1,11.3793783670713,6.08746284125034,6.24792751344359,8.56985560833095,1,1,1,2,3,5.58496250072116,6.97727992349992,2.58496250072116,2,1,2,6.20945336562895,2,9.73470962022584,5.08746284125034,4.90689059560852,1,10.632995197143,1,12.9947069952581,4.4594316186373,7.88264304936184,8.85798099512757,10.6402449362223,7.7279204545632,2.58496250072116,4.16992500144231,10.5565060546719,10.7895336449704,9.69348695749933,14.4012795365965,13.2060986139958,9.20945336562895,4.90689059560852,15.685570091608,8.53138146051631,11.3026389237876,9.43462822763673,12.0450770519349,12.1150436501617,13.7696312573842,2,5.08746284125034,5,1,1,2,2,10.4958550268872,4.8073549220576,1,2.58496250072116,6.90689059560852,10.616548843779,9.02236781302845,1,1,7.02236781302845,8.97154355395077,10.2550285698187,6.4262647547021,12.5703301010308,6.08746284125034,4.16992500144231,4.90689059560852,"1"
"TCGA.77.A5GF.01A",5.58496250072116,13.486080802652,8.8073549220576,8.53138146051631,7.24792751344359,2.58496250072116,4.16992500144231,9.56605403817109,1,9.68999797141945,1,15.9652431725569,4,1,11.1535520317081,2.58496250072116,1,12.9465408038931,2,11.8153832958135,4.32192809488736,8.34872815423108,7.33985000288462,4.8073549220576,9.9915218460757,1,4,4.32192809488736,10.8057438721516,1,8.2667865406949,5.24792751344359,12.1916761463524,6.75488750216347,9.09275714091985,1,1,1,5.16992500144231,12.9359016822676,1,4.16992500144231,1,9.51963625284321,1,10.6582114827518,1,1,2,2,1,8.33985000288462,2,5.16992500144231,10.047123912114,12.1579784499454,1,1,5.4594316186373,1,4.90689059560852,6.49185309632967,2,3,1,2.58496250072116,1,2.58496250072116,5.32192809488736,1,2,1,2,4.16992500144231,9.50382573799575,7.33985000288462,4.32192809488736,3.8073549220576,1,9.467605550083,1,12.963257356633,3.8073549220576,5.90689059560852,11.3520434257954,10.9628960053373,6.28540221886225,4,9.50382573799575,3.58496250072116,10.1922928144708,9.9915218460757,13.9370059265166,10.3353903546939,8.85174904141606,2,6.61470984411521,8.38370429247405,2.58496250072116,7.56985560833095,10.7714894695006,10.9556499075284,12.4470832262097,3.58496250072116,6.4594316186373,1,5.24792751344359,1,1,2.58496250072116,9.59618975614441,7.33985000288462,4.8073549220576,1,1,9.03342300153745,10.9498267107591,1,3.58496250072116,5.8073549220576,10.4115109880121,5.16992500144231,9.86727873970966,10.7714894695006,4.58496250072116,10.5038257379958,1,"1"
"TCGA.22.1012.01A",7.06608919045777,12.7936033092794,7.89481776330794,11.6591039634737,8.20945336562895,2,3,9.53915881110803,2.58496250072116,8.25738784269265,4.32192809488736,15.5932160278172,1,4,11.5679560754155,4.70043971814109,5.24792751344359,12.4056733322819,2.58496250072116,13.1605017475557,6.97727992349992,10.5980525001616,5.52356195605701,9.39231742277876,9.59991284218713,4.4594316186373,3.32192809488736,6.12928301694497,11.1433832139898,1,7.61470984411521,6.32192809488736,13.0399471601691,5.90689059560852,9.26209484537018,1,1,2,7.91886323727459,13.3674147512468,7.64385618977472,5.90689059560852,1,9.29001884693262,1,13.8896940793821,5.85798099512757,1,3,5.70043971814109,1,6.75488750216347,6.70043971814109,5.24792751344359,10.9901039638575,1,4,2,7.93073733756289,4.32192809488736,4.70043971814109,4.70043971814109,2,8.66533591718518,1,2.58496250072116,1,8.05528243550119,6.83289001416474,3.58496250072116,1,1,1,8.59245703726808,4.16992500144231,8.92481250360578,6.32192809488736,6.39231742277876,1,10.9233274854192,4.32192809488736,13.4563544151083,13.8684367558582,9.30833903013941,12.2106713437856,11.4429434958487,15.6047269535709,11.129283016945,10.5488219084588,10.6456584324087,12.3492812288175,10.6110247973074,13.0171563863831,11.7944158663501,10.5526690975143,3.58496250072116,14.5025832135534,9.16992500144231,9.92184093707449,8.74819284958946,11.4737057496194,13.5889488203147,11.9992953870234,6.35755200461808,7.06608919045777,2.58496250072116,5.24792751344359,1,3,7.89481776330794,13.1786648510065,6.12928301694497,2,4.90689059560852,5.24792751344359,10.5313814605163,8.91886323727459,1,5.16992500144231,12.1254134704833,8.40087943628219,9.31741261376487,3.32192809488736,12.8986013874039,5.4594316186373,11.5603328342124,5.16992500144231,"1"
"TCGA.77.A5G7.01B",5.75488750216347,14.7925869689479,6.39231742277876,12.9592775057205,6.70043971814109,2,2.58496250072116,9.19967234483636,2,5.64385618977472,4.70043971814109,16.4143549106676,1,8.4178525148859,11.8081597728684,5,1,12.7410455770098,3.32192809488736,13.1049263038078,7.96578428466209,9.46352437327118,7.61470984411521,4.8073549220576,10.3923174227788,5.75488750216347,3.58496250072116,5.4594316186373,11.4062050054189,2,8.01122725542325,2.58496250072116,11.3858624006415,9.5274770060604,9.14974711950468,1,1,1,6,13.4403501192006,6.49185309632967,6.4262647547021,1,10.5430318202552,2,12.714674827308,3,1,3,3.32192809488736,1,8.21916852046216,11.6447575925163,3,10.7465143211385,4.90689059560852,1,1,7.88264304936184,4.4594316186373,3.32192809488736,7.8073549220576,2.58496250072116,3.58496250072116,3.8073549220576,3,2.58496250072116,3,6.95419631038687,3,1,1,1,7.64385618977472,2,7.75488750216347,4.16992500144231,4.58496250072116,1,10.1674181458317,2,13.0296323280441,7.28540221886225,8.14974711950468,9.59991284218713,10.4532706340106,9.11894107272351,7.53915881110803,6.88264304936184,8.43462822763673,10.6402449362223,10.5196362528432,15.050953965208,12.7936033092794,10.103287808412,3.58496250072116,14.3777527950222,8.6582114827518,9.21916852046216,5.39231742277876,11.9679467058127,11.8864586957037,12.8948177633079,7.96578428466209,3.8073549220576,4,2,1,3,4.8073549220576,4.58496250072116,2.58496250072116,1,5.58496250072116,5.90689059560852,10.6438561897747,8,1,3.8073549220576,7.74146698640115,8.4262647547021,10.9336906549522,4.58496250072116,12.2312211807112,4.70043971814109,7.90689059560852,3.32192809488736,"1"
"TCGA.77.8133.01A",6.75488750216347,14.1571890135149,7.8703647195834,12.6234242898699,5,1,4.90689059560852,9.66177809777199,6.28540221886225,6.97727992349992,2,17.0869862289559,4.70043971814109,7.44294349584873,11.91288933623,7.62935662007961,3.58496250072116,12.5328429109613,5.95419631038687,13.1150436501617,4.32192809488736,8.04439411935845,6.39231742277876,4.70043971814109,11.1459321458205,6,7.96578428466209,5.70043971814109,11.8041310211833,1,10.6017707884077,4.4594316186373,12.9421479203948,8.27612440527424,8.45121111183233,1,1,1,6.75488750216347,11.7895336449704,3.58496250072116,7.12928301694497,1,11.2842457498297,1,11.6926155016946,1,1,3.58496250072116,1,1,6.4594316186373,4.8073549220576,3.58496250072116,11.3944626946103,12.2720465243899,5.75488750216347,1,6.75488750216347,2.58496250072116,4.16992500144231,7.82017896241519,3.8073549220576,4.16992500144231,1,4.16992500144231,1,5.64385618977472,4.58496250072116,1,2,1,1,4.58496250072116,6.83289001416474,6.4594316186373,3,6.08746284125034,1,10.9901039638575,2.58496250072116,13.8394006489884,7.65821148275179,8.72109918870719,11.8313072438021,11.471675214392,9.68999797141945,5,12.4382720561248,3.32192809488736,10.1699250014423,10.7125270004398,14.7262181593322,11.6987046667703,8.33985000288462,5.58496250072116,5.90689059560852,9.6582114827518,5.85798099512757,5.08746284125034,11.5196362528432,11.8384160757973,13.0887882387169,8.05528243550119,3.58496250072116,1,4,3.8073549220576,3,1,11.3487281542311,6.16992500144231,1,1,1,10.1241213118292,10.4262647547021,1,3.32192809488736,8.24792751344359,7.93073733756289,8.10852445677817,4.4594316186373,12.5994479815287,5.52356195605701,10.3219280948874,4,"1"
"TCGA.18.3414.01A",7.16992500144231,14.8793917964852,8.88874324889826,14.2390017577656,8.2667865406949,3,6.28540221886225,12.5617652636277,4.16992500144231,3.32192809488736,3.8073549220576,15.9616757760812,3.32192809488736,2.58496250072116,12.1189410727235,7.06608919045777,3,13.1811522568656,5.70043971814109,13.1411491984375,8.49984588708321,9.98584193700334,9.36194377373524,7.56985560833095,9.55458885167764,7,3.32192809488736,6.95419631038687,11.4040771362412,2,7.22881869049588,3,14.1122765916393,9.34872815423108,9.45532722030456,3.8073549220576,2.58496250072116,2,6.7279204545632,13.8205778826558,7.68650052718322,9.78135971352466,1,11.0714623625566,5.52356195605701,12.7017396386744,4.4594316186373,1,3.8073549220576,5.08746284125034,1,9.43462822763673,5.8073549220576,1,11.4645457503339,6.28540221886225,1,1,9.55842071326866,3.58496250072116,4.4594316186373,8.18982455888002,7.71424551766612,2,3,7.58496250072116,3,6.78135971352466,7.4093909361377,2,1,1,3,8.27612440527424,3.8073549220576,8.33091687811462,7.4262647547021,4.90689059560852,2,11.1749256825007,3.8073549220576,11.311748315005,4.16992500144231,6.12928301694497,8.09803208296053,12.3717766443379,6.12928301694497,5.08746284125034,8.29462074889163,9.13442632022093,10.3151495622563,10.0848083878044,13.8970891283128,13.1724275086455,14.380461065089,6.55458885167764,12.5289424150649,10.616548843779,9.09275714091985,4.32192809488736,11.7879025593914,12.6768386064742,13.6461086415061,5.32192809488736,4,5.58496250072116,3,1,4,1,12.4923539451599,5,1,3.58496250072116,2.58496250072116,9.73470962022584,9.89178370321831,2.58496250072116,7.8703647195834,6.61470984411521,5.64385618977472,11.5343028824546,9.34429590791582,13.2054878201506,6.64385618977472,7.4093909361377,2.58496250072116,"1"
"TCGA.22.5473.01A",5.52356195605701,15.01733040424,8.67948009950545,12.9758479680068,9.70735913208088,2,5.32192809488736,9.18487534290828,4.16992500144231,9.33539035469392,4.4594316186373,17.0767112316556,5.24792751344359,4.16992500144231,12.3885555039826,4.70043971814109,2,12.7846348455575,4.58496250072116,13.4351493383669,7.8073549220576,9.92184093707449,8.82017896241519,2.58496250072116,9.07681559705083,7.24792751344359,4.8073549220576,8.13955135239879,11.5488219084588,2,5.85798099512757,5.08746284125034,14.9377416200771,12.7338627196785,9.93369065495223,3.58496250072116,1,1,6.64385618977472,13.977816540594,8.7279204545632,9.7714894695006,3.58496250072116,11.6564248632778,1,13.3633134643735,4.90689059560852,1,3.58496250072116,4.32192809488736,1,7.04439411935845,9.2807707701306,4,12.9012440324674,14.1148810288415,6.35755200461808,1,8.56985560833095,5.16992500144231,6.55458885167764,9.31288295528435,3,4.58496250072116,1,3.32192809488736,2,4.4594316186373,7.12928301694497,3,1,1,2,8.81378119121704,5.75488750216347,10.3376219019925,7.20945336562895,5.24792751344359,2,10.8344710499842,1,14.3044939297829,8.16992500144231,6.88264304936184,10.4072677642447,10.9686667931952,6.95419631038687,3,5.24792751344359,10.4878400338231,11.0484868739923,11.4868350215631,15.1912134722213,11.3014961949825,10.9571020415623,5.16992500144231,17.6117452730671,9.37503943134693,11.733015321686,8.71424551766612,12.3553510964248,12.6878130625649,13.2688343693438,4.16992500144231,7.14974711950468,1,4.16992500144231,1,1,1,8.8073549220576,6.4262647547021,1,2,4.8073549220576,9.68999797141945,10.4491486453754,2.58496250072116,4.32192809488736,4,11.1189410727235,8.13955135239879,4.90689059560852,13.2585660338899,5.58496250072116,8.22881869049588,2.58496250072116,"1"
"TCGA.18.3416.01A",5.64385618977472,14.5394011790281,11.4115109880121,12.4792750302502,3.58496250072116,3.32192809488736,5.16992500144231,8.55458885167764,2,5.4594316186373,3,15.7307354701703,5.85798099512757,1,11.9417812422785,1,3,12.2294196882304,5.70043971814109,14.0899469634979,4.58496250072116,8.59991284218713,1,8.2667865406949,7.68650052718322,4.90689059560852,1,4.16992500144231,12.9203528554151,1,2.58496250072116,2,10.9943534368589,9.81057163474115,9.88264304936184,2.58496250072116,1,1,8.08746284125034,13.6147098441152,1,6.08746284125034,1,9.19967234483636,1,11.5877775163282,1,1,3.32192809488736,6.04439411935845,1,5,1,3.8073549220576,13.4956052311908,6.93073733756289,2,1,7.02236781302845,3.58496250072116,4.16992500144231,10.7210991887072,4,1,1,3.8073549220576,2,6.16992500144231,9.11374216604919,1,1,1,1,7.04439411935845,2,4,1,3.58496250072116,2,10.8201789624152,2,13.3917806060132,3,8.876516946565,5.64385618977472,11.5698556083309,1,3.58496250072116,1,2.58496250072116,10.5526690975143,10.4387918525783,15.1237980912519,11.9722618487333,6.4262647547021,3.32192809488736,5.39231742277876,8.70735913208088,2,6.08746284125034,12.0953970227926,12.8470573460913,12.8533095554037,2,5.52356195605701,1,1,2.58496250072116,1,1,7.89481776330794,2,1,4.70043971814109,1,10.5603328342124,9.14465824283188,2,3,2,6.52356195605701,6.16992500144231,3.32192809488736,10.4817994316658,8.01122725542325,6.52356195605701,4.70043971814109,"1"
"TCGA.37.A5EL.01A",7.28540221886225,15.5567455260047,7.7279204545632,10.9425145053392,5.95419631038687,1,5.75488750216347,11.6943578872215,1,1,3.8073549220576,17.0002861507509,2,1,11.6926155016946,7.22881869049588,1,13.1551344548578,2.58496250072116,12.9897492754621,8.4262647547021,8.24792751344359,2,3.32192809488736,6.08746284125034,1,1,5.24792751344359,12.3123157466901,1,1,5.70043971814109,11.243173983473,12.0505289055306,11.7968507952672,1,6.04439411935845,1,6.28540221886225,12.8181827049486,2,2.58496250072116,1,12.4711671337244,1,12.8419573990995,1,1,1,9.40514146313634,1,10.8185821774809,3.32192809488736,6.78135971352466,12.3966047811819,6.64385618977472,1,1,6.97727992349992,2.58496250072116,4.8073549220576,2.58496250072116,3.32192809488736,2.58496250072116,1,1,2,8.55458885167764,5.64385618977472,1,3.32192809488736,1,1,8.56224242422107,10.0443941193585,3.8073549220576,6.24792751344359,6.64385618977472,1,10.3219280948874,1,13.5617652636277,1,8.34872815423108,5.95419631038687,10.0714623625566,3.8073549220576,5.08746284125034,3.32192809488736,3,11.3966047811819,11.7919768208987,14.8732518429021,11.4210128557792,15.2717548056465,3.8073549220576,5.39231742277876,8.33091687811462,1,8.78790255939143,11.1848753429083,12.7410455770098,12.9790678714805,5.08746284125034,7.04439411935845,1,8.2667865406949,1,1,1,13.2726297849764,4.58496250072116,1,7.8073549220576,1,9.87344411251538,6.04439411935845,1,6.83289001416474,6.55458885167764,6.55458885167764,10.8105716347411,6.04439411935845,10.3815429511846,5.32192809488736,10.8217739819706,1,"1"
"TCGA.66.2773.01A",6.58496250072116,16.7629529406137,11.5333297323058,2,6.85798099512757,2,4.8073549220576,11.8780509127285,4.32192809488736,5.52356195605701,4.32192809488736,16.4747833101667,1,1,11.3049216695817,4.58496250072116,2,14.0452477345783,4.58496250072116,12.5722265127937,6.20945336562895,8.58496250072116,1,2.58496250072116,8.96578428466209,6.04439411935845,3.58496250072116,7.08746284125034,11.0714623625566,1,9.90989308377004,3,14.0047471575468,9.25738784269265,9.93073733756289,1,1,2,5.64385618977472,13.3739526553702,4.16992500144231,6.35755200461808,1,12.115693952197,1,12.9556499075284,4.16992500144231,1,4,10.1649069266757,1,8.70043971814109,1,1,7,6.93073733756289,2.58496250072116,1,5.85798099512757,5.39231742277876,4.32192809488736,5.16992500144231,2,4.32192809488736,1,3.58496250072116,1,3.32192809488736,5.85798099512757,6.32192809488736,2.58496250072116,1,1,3,7,9.55458885167764,5.16992500144231,3.58496250072116,2.58496250072116,11.2215871212648,2.58496250072116,12.5013396180614,3.32192809488736,8.6724253419715,5.64385618977472,12.3415188232452,4.32192809488736,3.8073549220576,6.35755200461808,11.0112272554233,10.0306671362469,10.4573808790725,14.3657756353263,11.7887183326905,14.7995851870235,5.08746284125034,12.2877123795494,9.98013957763916,9.7714894695006,2,11.9837061926593,12.1273495410591,13.2246046815385,8.75488750216347,6.83289001416474,1,5.4594316186373,2,1,6.12928301694497,8.29462074889163,3.58496250072116,2.58496250072116,1,5.16992500144231,9.94251450533924,8.35755200461808,1,6.16992500144231,4.90689059560852,7.76818432477693,9.15987133677839,5.52356195605701,13.0562990145503,7.4594316186373,7.74146698640115,2.58496250072116,"1"
"TCGA.33.4532.01A",5.4594316186373,15.6778297332158,8.52356195605701,10.7448338374995,3.8073549220576,4.32192809488736,6.12928301694497,9.2807707701306,1,8.83289001416474,5.08746284125034,16.9229327703876,6.64385618977472,3,12.7694246415528,2.58496250072116,2,14.1454545640095,5,14.8042318772105,8.76155123244448,10.4346282276367,7.71424551766612,1,9.8703647195834,5.8073549220576,3.32192809488736,4.70043971814109,12.4470832262097,2.58496250072116,7.18982455888002,6.70043971814109,11.6202198255075,6.08746284125034,11.4928546201747,8.21916852046216,1,1,5.32192809488736,14.1878159871466,5.95419631038687,13.3148664310532,2,9.92777796208234,4,12.4721831161895,3,1,3.32192809488736,1,2,10.4008794362822,4.58496250072116,1,12.3782948559119,12.7780771295354,3,2,9.7714894695006,5.4594316186373,5.70043971814109,6.75488750216347,3,2.58496250072116,2,3.58496250072116,2,7.08746284125034,9.7515440590891,4,2,1,1,5.08746284125034,4.32192809488736,10.9498267107591,7.82017896241519,5.24792751344359,1,11.3750394313469,1,14.2458497710237,4.8073549220576,7.6724253419715,10.3219280948874,11.5526690975143,9.30833903013941,3.58496250072116,6,11.5943246039248,10.4470832262097,10.9787104591064,12.4517262680745,12.1705510353167,10.8610869059954,5.8073549220576,17.5425482623352,8.7279204545632,13.4146852358072,10.4858293087019,11.5117526537674,12.2384047393251,13.6261653199045,2.58496250072116,9.93369065495223,2.58496250072116,1,1,2.58496250072116,4,10.3487281542311,8.62205181945638,3,6.97727992349992,6,12.8474489039824,7.56985560833095,6.6724253419715,4.8073549220576,7.74146698640115,9.16490692667569,6.35755200461808,5.58496250072116,13.4568677383803,6.52356195605701,8.4594316186373,4.16992500144231,"1"
"TCGA.33.4582.01A",4.58496250072116,13.8881724496659,5.90689059560852,10.4635243732712,6.93073733756289,2.58496250072116,2.58496250072116,9.69348695749933,2,8.01122725542325,4.58496250072116,15.8262505431793,2,7.82017896241519,11.8895039634115,2,5.24792751344359,11.2360141919001,2.58496250072116,12.1966021265232,8.97727992349992,8.78135971352466,6.52356195605701,5.39231742277876,9.19475685442225,7.18982455888002,3.32192809488736,5.16992500144231,12.3712321283696,1,9.55074678538324,3.8073549220576,13.8205778826558,10.6510516911789,7.70043971814109,11.3586512008929,1,1,6.78135971352466,12.4236411950759,7.24792751344359,9.04439411935845,2,7.39231742277876,4.70043971814109,11.3498340914572,2.58496250072116,1,1,5.39231742277876,1,6.95419631038687,6.88264304936184,2.58496250072116,11.2620948453702,8.53915881110803,1,1,7.55458885167764,2.58496250072116,2.58496250072116,8.96578428466209,3.32192809488736,3,5,5.24792751344359,2,4.32192809488736,5.24792751344359,1,1,1,1,8.79441586635011,2,7.32192809488736,4,4.90689059560852,1,11.103287808412,8.31288295528435,13.5605716712366,4.8073549220576,5.39231742277876,11.0980320829605,9.60362634498619,10.8073549220576,6.6724253419715,5.70043971814109,8.62205181945638,11.298062567719,10.8811139606751,13.9808536063797,13.2258099406235,10.652844973002,5.16992500144231,13.7378810768578,7.82017896241519,8.96578428466209,9.14974711950468,11.3619437737352,13.0094787458881,13.1279943209764,2.58496250072116,8.49185309632967,5.70043971814109,3,2,1,5,6.04439411935845,1,4.16992500144231,3.58496250072116,3.8073549220576,9.83605035505807,9.83605035505807,1,2,8.89481776330794,7.94251450533924,8.4262647547021,4.8073549220576,10.9715435539508,3.8073549220576,6.24792751344359,6.75488750216347,"1"
"TCGA.NC.A5HP.01A",6.28540221886225,15.0353146098244,7.52356195605701,11.7414669864011,10.3750394313469,2,4.58496250072116,11.9173720794768,2.58496250072116,2.58496250072116,4.70043971814109,16.6064052126978,1,7.58496250072116,10.5774288280357,6.6724253419715,2.58496250072116,13.0711271249483,4.4594316186373,12.0063260785249,8.92481250360578,9.6724253419715,6.32192809488736,9.13442632022093,9.45121111183233,6.32192809488736,4,7,11.1811522568656,1,7.37503943134692,3.8073549220576,14.8551604760652,10.1649069266757,10.612868497291,1,2,1,6.6724253419715,14.3138750340391,8.59991284218713,4.32192809488736,1,11.9417812422785,1,12.6270778405174,3,1,4.70043971814109,5.52356195605701,1,9.09803208296053,4,1,11.0861362250273,8.56985560833095,6.35755200461808,2,6.4594316186373,3.8073549220576,5.95419631038687,4.90689059560852,6.16992500144231,2.58496250072116,1,1,2.58496250072116,4,8.44294349584873,5.39231742277876,2,1,2,7.8073549220576,6.52356195605701,8.27612440527424,6,6.08746284125034,1,9.51569983828404,1,11.631177055704,2,7.68650052718322,8.95419631038687,11.1189410727235,6.39231742277876,5,7.55458885167764,8.98868468677217,8.74819284958946,8.96000193206808,14.6239957674139,12.1324997296285,9.06608919045777,4.4594316186373,14.3753109974731,9.56985560833095,8.6582114827518,4,11.1421070573025,12.5018371849023,12.6206780421354,3.32192809488736,5.08746284125034,1,7.08746284125034,2,2,3.32192809488736,10.2264121927888,6.4262647547021,2,4.58496250072116,3.32192809488736,8.83920378809694,9.01680828768655,1,7.22881869049588,3.8073549220576,7.4594316186373,7.4594316186373,6.83289001416474,11.7623820387104,4.90689059560852,10.2807707701306,2,"1"
"TCGA.NC.A5HD.01A",5.08746284125034,13.5413386579708,12.0035179121086,10.1318569606088,6,3,2,11.1305705628054,1,4.32192809488736,3,16.7774864977965,3,1,11.7780771295354,4.4594316186373,6.4594316186373,12.8490140736948,2.58496250072116,12.8273427042341,8.49984588708321,10.4470832262097,2,5.08746284125034,7.35755200461808,5.85798099512757,1,5.8073549220576,11.6008421143873,1,7.02236781302845,3.8073549220576,14.6441942818063,8.02236781302845,12.3831642606351,1,3.8073549220576,2,7.24792751344359,15.3151495622563,2,7.58496250072116,1,11.0028150156071,1,12.0450770519349,1,1,3,4.90689059560852,1,9.01122725542325,1,1,11.1736771363034,8.35755200461808,1,1,8.62935662007961,2.58496250072116,3.58496250072116,10.2479275134436,4.4594316186373,2.58496250072116,2,6.90689059560852,1,3,5.52356195605701,1,1,1,1,4.16992500144231,2.58496250072116,5.39231742277876,3.32192809488736,3.8073549220576,1,10.2992080183873,3,12.577900836887,5.16992500144231,8.25738784269265,7.76818432477693,9.92184093707449,6.04439411935845,4.90689059560852,4,2.58496250072116,10.2714630279044,10.2807707701306,15.4524986576928,12.753216749179,7.02236781302845,2,4.8073549220576,7.70043971814109,4.16992500144231,8.49185309632967,12.3685064615077,11.951284714967,11.8209766926212,3.58496250072116,6.55458885167764,3,2.58496250072116,1,2.58496250072116,7.33985000288462,12.2191685204622,4,2,6.55458885167764,1,10.7515440590891,4.58496250072116,1,2.58496250072116,4.32192809488736,9.56985560833095,10.1548181090521,6.32192809488736,11.0579917227592,4.4594316186373,6.6724253419715,3.8073549220576,"1"
"TCGA.21.1083.01A",6.35755200461808,10.4797802640291,9.93073733756289,1,8.01122725542325,2,5.08746284125034,7.37503943134692,2,1,4.16992500144231,16.576661484134,1,9.51175265376738,12.0327345285867,5,9.03342300153745,14.2324209271761,4.58496250072116,13.5240519187178,8.70043971814109,10.4325419003883,8.90086680798075,4.70043971814109,10.3014961949825,8.57742882803575,4,8.67948009950545,11.3342732853072,2.58496250072116,9.7515440590891,4.58496250072116,15.0117513953167,9.24317398347295,10.8749813476538,1,1,1,6.83289001416474,14.169455297697,6.35755200461808,3.58496250072116,1,10.65999589243,1,12.2413873639989,1,1,4.58496250072116,7.04439411935845,1,8.13955135239879,4.32192809488736,2,11.8145824659063,7.12928301694497,1,1,7.78135971352466,3,4.4594316186373,6.70043971814109,3,2,1,7.7279204545632,1,2,6.70043971814109,1,6.83289001416474,1,1,6.52356195605701,3,8.74146698640115,3.8073549220576,5.4594316186373,1,11.5783726913608,4.8073549220576,11.2842457498297,1,8.3037807481771,3.8073549220576,12.4278366034585,3.32192809488736,2,4.16992500144231,9.74819284958946,9.55458885167764,11.1873520732005,6.83289001416474,13.2194710673944,10.5196362528432,4.16992500144231,10.8795832496128,10.0927571409199,9.5077946401987,7.39231742277876,11.6978363579624,12.2963426846929,13.4532706340106,5.16992500144231,4.32192809488736,3,5.52356195605701,3,2,7.91886323727459,10.0980320829605,3,2,7.37503943134692,3.58496250072116,10.0927571409199,8.83920378809694,1,2.58496250072116,2,8.15987133677839,8.70735913208088,10.0848083878044,12.179287104646,6.55458885167764,1,5.4594316186373,"1"
"TCGA.18.3412.01A",6,16.3373082991469,8.33985000288462,12.6750749203854,7.64385618977472,3.58496250072116,7.75488750216347,9.22881869049588,2.58496250072116,10.9233274854192,2.58496250072116,16.3198132227165,6.4594316186373,4.4594316186373,12.4267888945956,3.58496250072116,1,13.7557221536423,4,12.8360503550581,6.49185309632967,8.60733031374961,9.2807707701306,2,11.6934869574993,7.2667865406949,5,6.70043971814109,11.6402449362223,1,9.02236781302845,7.6724253419715,13.436451292287,7.88264304936184,7.28540221886225,3.58496250072116,1,2,6.70043971814109,13.0630579636235,7.12928301694497,8.33985000288462,1,9.07681559705083,1,9.83289001416474,4.90689059560852,1,2,5.75488750216347,1,7.14974711950468,3.8073549220576,2,12.3525952311343,14.2073194264578,3.58496250072116,1,6.61470984411521,3,5.85798099512757,8.01122725542325,4,7.61470984411521,2,2.58496250072116,1,4.16992500144231,9.27612440527424,3,2.58496250072116,2.58496250072116,1,10.1497471195047,4.16992500144231,9.1548181090521,5.85798099512757,6.4262647547021,2,11.7125270004398,1,15.0861362250273,8.97154355395077,5.95419631038687,13.8724825081067,11.8734441125154,14.2609195336629,5.52356195605701,9.20945336562895,9.7176764230664,10.3923174227788,10.9307373375629,12.0361736125535,11.3454052467178,14.0065014075694,6,14.1543434602435,9.92184093707449,10.2550285698187,8.58496250072116,11.7927902943011,12.6229669447905,13.3103287586168,5.95419631038687,9.54303182025524,2,1,1,2,1,8.03342300153745,7.37503943134692,1,2,5.39231742277876,12.8233672400462,7.14974711950468,1,5,11.7004397181411,8.90086680798075,6.64385618977472,5.52356195605701,13.1328210067796,4.32192809488736,7.4093909361377,2,"1"
"TCGA.77.6845.01A",6.28540221886225,14.7691146623127,12.1630206395808,8.65105169117893,7.02236781302845,2,2.58496250072116,11.8121773055144,3,4.8073549220576,5.85798099512757,18.1350679457778,2.58496250072116,4.16992500144231,12.8077574035893,1,6.16992500144231,14.3383185532402,2.58496250072116,12.5989829710361,6.90689059560852,11.5783726913608,7.44294349584873,4.58496250072116,9.55842071326866,6.4594316186373,3,6.4262647547021,12.7017396386744,1,7.70043971814109,2.58496250072116,13.1091777033553,11.6662240028032,11.9210970881068,1,1,1,5.64385618977472,14.0298048476307,5.16992500144231,6.4594316186373,1,10.2761244052742,1,13.1938333325465,1,1,4.16992500144231,1,1,8.32192809488736,1,1,12.6899979714194,8.876516946565,1,1,1,4,5.39231742277876,7.58496250072116,3,2.58496250072116,4.8073549220576,4.16992500144231,1,2.58496250072116,6.64385618977472,5.32192809488736,1,1,1,3,5.16992500144231,9.80413102118332,5.16992500144231,4.16992500144231,2.58496250072116,9.89784545600551,1,13.1199137854523,4.16992500144231,6.24792751344359,8.96578428466209,12.4088604360248,7.91886323727459,3,5.75488750216347,9.12928301694497,10.9381093262192,11.120237877342,13.5018371849023,13.6875943895761,8.85174904141606,3,15.7600961692441,9.98584193700334,10.3174126137649,10.1472049249422,11.8925428166486,12.7481928495895,13.233919208587,5.16992500144231,5,4.4594316186373,1,1,1,3,11.0056245491939,3.58496250072116,4.70043971814109,7.8703647195834,5.64385618977472,10.6348110501717,6.6724253419715,1,5.52356195605701,7.12928301694497,10.2191685204622,8.08746284125034,6.61470984411521,13.111787735801,5.08746284125034,8.5077946401987,3.32192809488736,"1"
"TCGA.34.2600.01A",6.7279204545632,13.4437206006566,4.16992500144231,10.3597495603223,6.20945336562895,1,5.58496250072116,9.31741261376487,3.32192809488736,4.58496250072116,5.39231742277876,17.1534926570622,5.58496250072116,9.86418614465428,11.7590559391602,10.3353903546939,1,13.111787735801,4.32192809488736,12.9136374280491,8.05528243550119,11.6724253419715,7.8073549220576,3.32192809488736,10.8887432488983,8.59991284218713,4.4594316186373,7.10852445677817,11.3923174227788,2,8.36632221424582,3.8073549220576,12.0299773465896,10.1749256825007,9.55842071326866,5.52356195605701,1,2,6.64385618977472,13.2155329997457,7.95419631038687,3.32192809488736,1,12.0007042690112,1,11.7573900093666,3,1,3,4.58496250072116,1,4.90689059560852,9.87344411251538,2,12.062720767165,7.90689059560852,2,2,7.59991284218713,5.08746284125034,5.16992500144231,10.3531468254981,4.70043971814109,1,6.7279204545632,1,2.58496250072116,7.94251450533924,6.49185309632967,4.90689059560852,1,1,2.58496250072116,5.24792751344359,3.8073549220576,9.61102479730735,6.83289001416474,3.8073549220576,1,9.98868468677217,2,13.4833119549994,4.4594316186373,7.24792751344359,12.0940776856719,11.2324209271761,9.82017896241519,4.58496250072116,10.3264294871223,10.1241213118292,10.3014961949825,10.0443941193585,12.1234747982441,13.7460943837055,13.1978309980122,6.70043971814109,16.0325623590011,8.88874324889826,10.5137275959524,4.4594316186373,11.1305705628054,11.2807707701306,13.7463043677013,5.39231742277876,4.90689059560852,4.4594316186373,1,1,2,1,12.2479275134436,6.75488750216347,1,4.8073549220576,6.35755200461808,8.81378119121704,7.33985000288462,1,5.52356195605701,7.58496250072116,6.75488750216347,8.15987133677839,5.32192809488736,13.2369111114446,6.85798099512757,10.3286749273279,3.8073549220576,"1"
"TCGA.34.5231.01A",7.16992500144231,14.6035104425928,10.4512111118323,15.0489976529111,7.7279204545632,2.58496250072116,5.64385618977472,7.14974711950468,4,6.24792751344359,5.4594316186373,18.7768121116257,5.16992500144231,5.39231742277876,13.5922234213594,9.92481250360578,3.8073549220576,14.4619909505856,4.16992500144231,14.4381420777437,7.58496250072116,8.467605550083,9.91587937883577,14.1913677134189,5.32192809488736,6.39231742277876,4.8073549220576,7.74146698640115,13.6728672764338,1,10.5526690975143,3.58496250072116,14.45365646732,12.311748315005,11.1711767976518,1,1,1,7.39231742277876,14.7573900093666,4.70043971814109,7.68650052718322,1,12.8289298276515,2,11.8548683832602,7.18982455888002,1,4.8073549220576,5.08746284125034,2,6.64385618977472,4,2,13.690216280422,13.8801574566018,7.91886323727459,1,8.81378119121704,5.08746284125034,6.16992500144231,12.6865005271832,2,6,1,6.49185309632967,1,9.31741261376487,4.16992500144231,2,5.39231742277876,1,2,10.9366379390026,9.0389189892923,9.62935662007961,1,8.11894107272351,2.58496250072116,12.1598713367784,3,8.85798099512757,5.4594316186373,8.40087943628219,10.5449644327892,12.6759570329417,10.0953970227926,8.876516946565,10.5887146355823,10.9657842846621,11.595257481449,12.2491134527137,18.122362925658,14.2752515434703,8.85174904141606,13.5543490220634,12.3690520070014,10.2455527062557,10.6794800995054,11.3542493819452,12.5821419816588,13.9309220971253,14.3630396302565,4,10.7176764230664,3.32192809488736,6.61470984411521,1,1,1,9.10328780841202,8.09803208296053,1,9.36632221424582,4.90689059560852,11.7039035734447,9.86727873970966,1,3.8073549220576,5.4594316186373,10.1189410727235,10.7397806097733,6.16992500144231,13.5413386579708,7.53915881110803,8.4757334309664,6.55458885167764,"1"
"TCGA.22.4604.01A",7.10852445677817,15.3081256820936,6.49185309632967,13.5139742737407,10.581200581925,2.58496250072116,4.58496250072116,11.3630396302565,5.64385618977472,10.654636028528,3,16.9907687696574,5.95419631038687,1,11.7632123668144,4.58496250072116,4.58496250072116,14.2542905051171,5.8073549220576,13.6036263449862,6.61470984411521,8.48381577726426,8.55458885167764,9.467605550083,11.2167458581953,5.70043971814109,4.90689059560852,6.75488750216347,12.4146852358072,2,10.2240016741981,6.85798099512757,16.2116601944574,11.1446582428319,9.8073549220576,1,1,1,8.86418614465428,13.0175044011094,2,7.32192809488736,1,10.6829945836817,1,13.4931048925391,1,1,3.8073549220576,3.32192809488736,1,8.97727992349992,6.49185309632967,2.58496250072116,12.7095146607067,12.4236411950759,2,1,6.88264304936184,2.58496250072116,2,9.2045711442492,3,6.20945336562895,1,4.32192809488736,1,6,5.70043971814109,2,2.58496250072116,1,1,9.4594316186373,5.70043971814109,8.88264304936184,6.39231742277876,5.85798099512757,2.58496250072116,11.5698556083309,6.70043971814109,13.1334633465234,8.4594316186373,7.71424551766612,12.5679560754155,13.3583764803282,10.0416591516372,8.95419631038687,11.5517082616207,1,11.7523806465529,10.8626373575588,16.2524067293054,12.4413880293467,10.8041310211833,3.58496250072116,7.52356195605701,10.7279204545632,3,8.4262647547021,11.2227949028681,12.1873520732005,13.7897374010671,6,8.83920378809694,2.58496250072116,3.8073549220576,1,2,1,8.15987133677839,7.52356195605701,1,1,2,10.1369911120802,10.8121773055144,1,4.32192809488736,9.4594316186373,11.6447575925163,8.51569983828404,6.08746284125034,12.7727269492398,5.8073549220576,11.4696418172395,5.08746284125034,"1"
"TCGA.22.4613.01A",5.8073549220576,12.8668925276766,7.64385618977472,10.9143851321554,6.52356195605701,2,5,9.2667865406949,4,4.58496250072116,3.32192809488736,15.7577025177705,4.58496250072116,6.70043971814109,10.7313190310251,6.16992500144231,5.58496250072116,12.2455527062557,2,12.1966021265232,6.35755200461808,8.53138146051631,7.3037807481771,7.49185309632967,8.90086680798075,4.58496250072116,6.24792751344359,6.08746284125034,9.69348695749933,1,10.1267044728432,3.32192809488736,11.8017083589165,8.56224242422107,6.6724253419715,1,2.58496250072116,1,5.24792751344359,11.7338627196785,4.32192809488736,6.90689059560852,1,8.13955135239879,1,11.7228075311695,1,1,3.8073549220576,4.8073549220576,1,6.49185309632967,1,3.32192809488736,11.2819300269554,10.4450148458684,1,1,7.94251450533924,3.58496250072116,3,7.76818432477693,1,4.70043971814109,1,4.4594316186373,1,2,7.4757334309664,1,1,1,2,8.03342300153745,2,7.6724253419715,3.8073549220576,3.8073549220576,2,9.96000193206808,6.58496250072116,12.4938554492408,2.58496250072116,7.62935662007961,7.61470984411521,10.3619437737352,7.4093909361377,4.4594316186373,7.4262647547021,8.6582114827518,9.59618975614441,9.53915881110803,11.6573184495813,10.9381093262192,9.90689059560852,5.24792751344359,13.5352753766208,8.53138146051631,8.20945336562895,8.01122725542325,10.0660891904578,10.929258408637,11.9483672315847,5.58496250072116,6,3.32192809488736,1,1,1,8.4093909361377,6.58496250072116,5.85798099512757,3.32192809488736,1,4.4594316186373,9.08214904135387,7.5077946401987,1,4.4594316186373,6.58496250072116,8.93073733756289,8.95419631038687,7.59991284218713,11.806549621986,3.58496250072116,6.61470984411521,4.58496250072116,"1"
"TCGA.85.8352.01A",5.08746284125034,7.24792751344359,7.71424551766612,4.16992500144231,4.8073549220576,2.58496250072116,2,6.04439411935845,1,1,3,15.8638958736951,2.58496250072116,1,12.664447284548,3,13.3638609767295,12.2401950539799,1,13.1576627272084,9.25738784269265,11.9225844027137,3,9.27612440527424,11.0620461377205,1,2.58496250072116,3.32192809488736,12.4706588740606,1,11.2934716488381,4.8073549220576,10.1972166931101,10.0980320829605,10.7879025593914,2.58496250072116,5.32192809488736,1,2.58496250072116,13.9901039638575,6.35755200461808,3.32192809488736,1,9.61102479730735,1,10.8501868376458,1,1,4.16992500144231,1,1,12.9177450134432,1,1,11.4252159032994,2,1,3.32192809488736,9.3037807481771,1,4.32192809488736,6.6724253419715,4.8073549220576,1,2.58496250072116,2,2,3.8073549220576,2.58496250072116,1,1,1,1,2,3,4.58496250072116,3.32192809488736,1,1,10.1267044728432,3,13.9467235507476,2,3.32192809488736,8.01122725542325,9.85174904141606,5.64385618977472,1,5.16992500144231,3.32192809488736,10.4878400338231,9.97154355395077,12.0244471240406,13.8536994203002,5.64385618977472,2,9.61470984411521,7.79441586635011,4.90689059560852,8.33985000288462,10.6917435191713,12.3236177632916,13.2131042196419,4.32192809488736,4,1,5.58496250072116,3,2,1,9.45121111183233,4,2.58496250072116,2,1,11.1736771363034,9.57364718749332,1,3.58496250072116,5,7.56985560833095,8.03342300153745,12.6834332928354,10.8872206154684,5.32192809488736,10.1137421660492,2,"1"
"TCGA.58.A46K.01A",5.75488750216347,14.7993828171198,10.9038818457362,5.52356195605701,6.49185309632967,4.4594316186373,4.8073549220576,9.34872815423108,1,4.8073549220576,1,16.4501157936592,1,2.58496250072116,11.6856248397264,6,3.32192809488736,11.9534689622288,3,13.0714623625566,6.08746284125034,7.61470984411521,7.59991284218713,7.4594316186373,10.1548181090521,5.32192809488736,2,5.16992500144231,11.0347989625773,1,6.4594316186373,2,12.4419067045422,9.58120058192496,10.3728650601126,1,1,2,4.32192809488736,12.1842554954053,4.90689059560852,7.53915881110803,1,11.5264992391366,1,12.2039597032395,3.32192809488736,1,2.58496250072116,7.68650052718322,1,6.90689059560852,2,3.8073549220576,9.64745842645492,10.4655664048094,3.32192809488736,1,3,3,5.08746284125034,6.75488750216347,1,3,2,2,1,4.32192809488736,5.58496250072116,1,1,1,1,4.90689059560852,4.70043971814109,6.04439411935845,4,5,2,10.292321632802,1,12.4465664090661,2.58496250072116,7.98868468677217,6.4262647547021,9.98584193700334,4.16992500144231,4,7.75488750216347,5.32192809488736,9.98013957763916,10.3106127816595,11.2312211807112,11.7228075311695,6.32192809488736,4.90689059560852,8.65105169117893,7.89481776330794,5.95419631038687,5.39231742277876,11.1472049249422,11.713386514937,12.1799090900149,7.20945336562895,3.58496250072116,1,6.8073549220576,1,2.58496250072116,6.16992500144231,8.62205181945638,4.16992500144231,5.16992500144231,1,2.58496250072116,9.39660478118186,8.59991284218713,1,5.64385618977472,4.90689059560852,8.6582114827518,5.8073549220576,4.70043971814109,10.8963324039099,6.24792751344359,9.67595703294175,1,"1"
"TCGA.98.A53A.01A",5.95419631038687,13.3960695576399,11.5196362528432,12.4194335507054,9.76487159073609,2,4.90689059560852,8.17990909001493,1,2.58496250072116,3.32192809488736,16.7234476384229,5.4594316186373,6,10.9915218460757,5.58496250072116,2,12.3685064615077,3,13.4868350215631,5.85798099512757,10.0741414627525,2,6.16992500144231,7.22881869049588,6.12928301694497,2.58496250072116,5.95419631038687,12.0182001788132,2,8.48381577726426,2,12.5873087283335,8.467605550083,11.3264294871223,3,2.58496250072116,1,6.88264304936184,14.498724573035,2,10.0195907283579,1,12.5381889320524,1,12.4252159032994,1,1,3.8073549220576,5.58496250072116,1,9.33091687811462,7.56985560833095,2.58496250072116,12.2790301364496,14.2215871212648,3,1,8.54689445988764,2.58496250072116,2.58496250072116,8.23840473932508,3.8073549220576,1,2,7.2667865406949,1,6.35755200461808,5.85798099512757,1,3.32192809488736,1,2,7.68650052718322,3,7.79441586635011,5.08746284125034,6.7279204545632,1,11.1799090900149,1,14.5754210657949,3,10.1318569606088,8.02236781302845,10.958552715431,6.16992500144231,3,4.58496250072116,9.25738784269265,9.68999797141945,10.523561956057,14.0953970227926,12.5849625007212,9.7176764230664,6.85798099512757,14.6473459925975,9.21916852046216,9.02236781302845,5.4594316186373,12.4691330198296,11.6724253419715,13.1302487840507,5,7.02236781302845,4,5.4594316186373,3.32192809488736,2.58496250072116,6.4262647547021,9.27146302790437,1,1,3.58496250072116,3.8073549220576,9.8073549220576,8.40087943628219,1,4.58496250072116,3.32192809488736,9.74483383749955,10.8328900141647,11.3003525603282,12.1312139050863,8.24792751344359,6.35755200461808,7.02236781302845,"1"
"TCGA.85.8277.01A",4.8073549220576,13.9753106180567,10.6724253419715,6.97727992349992,7.3037807481771,2,1,8.4262647547021,3,6.39231742277876,2,17.6176826826271,1,2,12.7895336449704,5,2.58496250072116,12.0953970227926,2.58496250072116,13.4343676016689,6.24792751344359,8.44294349584873,4.32192809488736,6.64385618977472,7.62935662007961,6.16992500144231,4.32192809488736,5.8073549220576,12.3976746329483,1,8.83920378809694,2.58496250072116,12.6461086415061,11.1254134704833,10.6635581042173,1,2,1,5.24792751344359,13.3880172853451,2,4.4594316186373,1,11.1996723448364,1,12.963257356633,2,1,3,3.32192809488736,1,7.35755200461808,3.58496250072116,4,10.0660891904578,6.4594316186373,1,2,6.7279204545632,4.4594316186373,5.16992500144231,8.91886323727459,2,4.8073549220576,1,1,1,5.39231742277876,5.16992500144231,1,2,1,1,7.82017896241519,1,8.48381577726426,1,4.32192809488736,1,11.2479275134436,1,14.7943143217405,4.8073549220576,5.4594316186373,8.94251450533924,11.2057932493972,4.58496250072116,4.70043971814109,4.16992500144231,9.91886323727459,11.9262959947811,10.6564248632778,10.4283601727043,10.8486229404293,9.51175265376738,4.58496250072116,14.7253662578956,8.74146698640115,9.67948009950545,6.16992500144231,11.8217739819706,13.195679785496,13.2720465243899,10.661778097772,5.16992500144231,1,5.70043971814109,1,1,1,9.91288933622996,5,4.4594316186373,7.58496250072116,3.58496250072116,10.2946207488916,7.88264304936184,1,2,2.58496250072116,7.5077946401987,5.95419631038687,6.24792751344359,12.0973737689902,6.6724253419715,9.06608919045777,1,"1"
"TCGA.22.5474.01A",7.6724253419715,16.2600374211066,10.6812384117778,8.96578428466209,7.56985560833095,2.58496250072116,8.11894107272351,11.1369911120802,4.16992500144231,8,3.58496250072116,17.3395542813205,2.58496250072116,1,12.4752267777423,10.2384047393251,1,13.9594586464127,5.8073549220576,13.5115055957925,6.64385618977472,9.74146698640115,5.24792751344359,5.39231742277876,11.2562086885274,4.16992500144231,7.06608919045777,7.02236781302845,11.6608872703026,3.32192809488736,12.1318569606088,4.4594316186373,13.4688785538194,8.93663793900257,9.82017896241519,2,3.32192809488736,1,6.7279204545632,13.5328429109613,2.58496250072116,7.76818432477693,1,10.6036263449862,1,13.5889488203147,2.58496250072116,1,4.16992500144231,7.8703647195834,1,7.55458885167764,4.4594316186373,7.33985000288462,11.4807902010958,11.8948177633079,4.70043971814109,1,7.32192809488736,3.58496250072116,5.08746284125034,6.78135971352466,1,3.32192809488736,1,2.58496250072116,1,2,6.39231742277876,6.58496250072116,2.58496250072116,1,3,6.20945336562895,4.16992500144231,10.4594316186373,6.6724253419715,5.52356195605701,3.32192809488736,10.9614496943982,2,14.2625353405263,5.75488750216347,6.12928301694497,9.13955135239879,13.2535520626375,6.83289001416474,5.70043971814109,8.66533591718518,8.51569983828404,11.3912435894274,10.8217739819706,14.0779839739628,11.7838167593202,12.4787696194758,5.52356195605701,8.02236781302845,10.7313190310251,7.06608919045777,6,11.286557761608,12.732591435965,14.0714623625566,9.09803208296053,6.35755200461808,1,4.58496250072116,1,1,7.4757334309664,13.4931048925391,8.04439411935845,4.58496250072116,1,2,10.2215871212648,10.0980320829605,1,4.32192809488736,8.13955135239879,10.5058115539196,7.39231742277876,6,13.6693280043959,8.78790255939143,11.4377520723236,2.58496250072116,"1"
"TCGA.22.1011.01A",8.12928301694497,15.2942617534333,7.74146698640115,13.6575417597034,5.39231742277876,2,6.08746284125034,12.0573148777827,1,1,3,15.8580781561231,3,7.82017896241519,11.1446582428319,4.16992500144231,2,12.5933911227917,5.58496250072116,11.9729797860663,5.85798099512757,9.32192809488736,8.17990909001493,8.4594316186373,8.90689059560852,5.4594316186373,5.24792751344359,7.2667865406949,11.2772874001304,1,10.3420746679991,4.70043971814109,13.6860627498954,7.02236781302845,9.75822321472672,2,1,2,6.90689059560852,14.1721149325331,4.58496250072116,6.7279204545632,1,11.7219536128014,1,11.2888660741658,1,1,3,5.24792751344359,1,7.70043971814109,2,1,11.5830827675029,7.44294349584873,3,1,4,3,4.70043971814109,6.90689059560852,1,2.58496250072116,3.32192809488736,4.16992500144231,3.32192809488736,3.58496250072116,6.70043971814109,2.58496250072116,1,1,2.58496250072116,4.70043971814109,5.70043971814109,7.8703647195834,5.75488750216347,3.58496250072116,3,9.66888498426625,1,13.5819066893088,3.32192809488736,7.16992500144231,9.51175265376738,12.8948177633079,4,4,7.08746284125034,6.12928301694497,9.15987133677839,9.37503943134693,15.6650027440862,12.2969162068793,12.9776376904059,6.7279204545632,9.85486838326024,10.9787104591064,6.64385618977472,6.64385618977472,10.1848753429083,11.2911706993219,13.7228075311695,5.39231742277876,5.39231742277876,4.32192809488736,2,1,5.64385618977472,1,7.08746284125034,4.32192809488736,3.58496250072116,4.16992500144231,2,10.0416591516372,8.65105169117893,2,4.4594316186373,1,9.11374216604919,8.40087943628219,4,13.1373113907009,6.39231742277876,5.8073549220576,6.88264304936184,"1"
"TCGA.34.5929.01A",7.64385618977472,15.4014128787142,9.53915881110803,10.2550285698187,10.8703647195834,2.58496250072116,2,9.78463484555752,5,2.58496250072116,5.52356195605701,17.4093743609616,5.39231742277876,7.94251450533924,12.3083390301394,11.3966047811819,1,12.7776662808808,5.24792751344359,14.4648009816554,8.4093909361377,10.0687782779854,8.3037807481771,10.6073303137496,5.90689059560852,7.82017896241519,3.8073549220576,8.34872815423108,12.1433832139898,2,9.01122725542325,2,16.428752724983,12.0409745988173,9.37503943134693,6.08746284125034,3.8073549220576,1,8.27612440527424,14.5712786185146,5.70043971814109,10.9307373375629,1,11.612868497291,1,14.6001452163587,2.58496250072116,1,4,4.8073549220576,1,6.39231742277876,13.6805792957802,2,13.7257922714942,4.90689059560852,3,2,8.08746284125034,6.28540221886225,2,8.82017896241519,7.32192809488736,3.32192809488736,2,4.16992500144231,2,3.58496250072116,7.76818432477693,3.58496250072116,7.85798099512757,1,1,7.75488750216347,4.32192809488736,10.5468944598876,1,6.49185309632967,2.58496250072116,11.7490313820402,3,14.3586512008929,3.32192809488736,11.0674343607565,5.90689059560852,12.8883627411706,6.35755200461808,1,7,10.6492561775173,12.1000052244227,11.7507069862249,16.03866183204,14.8897891279733,9.92184093707449,6.24792751344359,17.2432855737612,10.1522848423066,11.7304701371842,9.34429590791582,12.7202442582876,12.3917806060132,14.820278702817,12.2282174422934,9.42206476617281,3.32192809488736,2,2,4.70043971814109,7.3037807481771,12.0320457269308,3,6.39231742277876,4.70043971814109,4,10.5352753766208,9.24792751344359,1,4.58496250072116,11.2491134527137,11.5507467853832,10.4408691676109,10.0874628412503,13.8770923750274,6.32192809488736,7.62935662007961,6.04439411935845,"1"
"TCGA.60.2726.01A",5.75488750216347,14.0426853722194,6.78135971352466,13.5115055957925,7.95419631038687,1,4.16992500144231,11.0566377151132,2,1,3.58496250072116,15.200438879598,1,7.74146698640115,13.225508720236,11.9417812422785,7.96578428466209,13.1273495410591,3.58496250072116,12.9414144709429,7.4757334309664,9.69348695749933,3.58496250072116,4.4594316186373,7.85798099512757,7.97727992349992,5.4594316186373,6.28540221886225,12.8726748802706,2,9.31741261376487,3.32192809488736,12.7817695118631,11.7960396088298,9.34429590791582,2,3.32192809488736,1,9.82017896241519,12.6261653199045,4,3.8073549220576,1,10.0901124196643,2,12.8876014245087,2.58496250072116,1,3.8073549220576,1,1,7.76818432477693,1,2.58496250072116,9.86418614465428,6.49185309632967,2,1,11.2395985292491,5.75488750216347,5.16992500144231,7.95419631038687,2,1,1,3,1,7.53915881110803,7.53915881110803,3.8073549220576,4.32192809488736,1,2.58496250072116,5.64385618977472,5.16992500144231,8.03342300153745,5.24792751344359,1,2,11.0430272835945,1,12.7565563225241,2.58496250072116,10.3987436919382,6.24792751344359,9.23840473932508,6.12928301694497,4.8073549220576,7.2667865406949,9.2045711442492,9.31741261376487,12.211279947482,12.8780509127285,12.0299773465896,13.2015113445001,4,13.8053408284164,8.81378119121704,8.70043971814109,6.75488750216347,12.3476213685681,13.3108967487977,12.3998119593257,4.90689059560852,5.52356195605701,1,7.22881869049588,3.8073549220576,1,1,7.84549005094437,5.39231742277876,1,8.11894107272351,4.8073549220576,9.44708322620965,7.12928301694497,2,7.84549005094437,2,9.10328780841202,10.4051414631363,10.7665289085989,10.7976615258538,7.52356195605701,7.35755200461808,2.58496250072116,"1"
"TCGA.18.5595.01A",6.88264304936184,14.8456860559771,10.1699250014423,14.3318966370935,6.16992500144231,3,6.93073733756289,10.4978518369511,4,10.9729797860663,6.20945336562895,17.6797137487978,3,1,13.7650788596167,3,10.5830827675029,14.6937047392253,4.90689059560852,14.2303207156611,8.66533591718518,9.07146236255662,5.4594316186373,3,9.01680828768655,1,3.32192809488736,7.18982455888002,13.8460779861726,2,9.39231742277876,5.32192809488736,12.9578275608337,3.8073549220576,10.7414669864011,1,1,1,5.16992500144231,14.207776964928,1,7.49185309632967,1,12.6865005271832,1,12.8105716347411,4.90689059560852,1,4.16992500144231,8.33091687811462,1,5,1,3,8.49984588708321,14.6107941690532,3.58496250072116,1,8.11894107272351,4.90689059560852,2.58496250072116,4.8073549220576,4.32192809488736,7.08746284125034,1,4,1,5,7.4757334309664,6.6724253419715,2,1,1,8.97727992349992,2.58496250072116,11.0251395622785,7.94251450533924,8.89481776330794,2,11.6969675262343,2,14.3851883385627,7.83289001416474,9.58871463558226,12.6220518194564,12.5196362528432,9.56985560833095,5.52356195605701,9.7176764230664,11.6908710092923,11.1124395067816,11.4083297407674,16.4646733716389,12.8427431807317,12.0188956211216,7.02236781302845,16.8820459419668,10.2597432636908,12.2796105810525,8.82017896241519,13.1557669384457,13.2911706993219,13.9057630496028,7.44294349584873,9.46352437327118,1,1,1,1,2,8.55458885167764,7.62935662007961,3,1,7,11.3151495622563,8.91886323727459,1,3,9.11894107272351,9.79116288855502,5.58496250072116,4.70043971814109,13.6660020326449,7.08746284125034,6.24792751344359,2.58496250072116,"1"
"TCGA.58.8392.01A",5.8073549220576,16.1463300099307,10.813781191217,12.1279943209764,7.68650052718322,3,5,12.0606959316876,2,9.59991284218713,6,18.0972503016715,5.70043971814109,2,11.8177831217745,5.85798099512757,3,12.7598881832218,3.32192809488736,13.2538474849874,8.27612440527424,9.19475685442225,7.95419631038687,9.89784545600551,9.89784545600551,5.8073549220576,2.58496250072116,4.16992500144231,11.9113919878435,4.32192809488736,10.0552824355012,7.22881869049588,15.1161814864312,11.9307373375629,10.6402449362223,1,2,1,6.12928301694497,12.8993569229231,2,10.3060616894283,1,11.0633950812885,3.8073549220576,13.4670960339057,1,1,2,3.8073549220576,1,8.14974711950468,3,1,12.9971794809376,11.4604558963096,2,2,9.41362792902417,5.32192809488736,6.93073733756289,10.7698378436294,2.58496250072116,5,1,7.58496250072116,1,7.88264304936184,7.37503943134692,8.03342300153745,2.58496250072116,1,2,6.95419631038687,2.58496250072116,9.60733031374961,5.4594316186373,6.70043971814109,2,11.237209960755,5.85798099512757,13.1636496760158,9.01122725542325,8.17990909001493,13.9003007862482,11.4083297407674,12.4496645384762,7.85798099512757,10.7813597135247,10.5313814605163,11.4797802640291,11.2726297849764,15.1277525622761,13.6388883822523,10.753216749179,4.70043971814109,16.6870202152338,9.13442632022093,11.0714623625566,10.0953970227926,12.1019756709492,12.1440208692669,13.7952279660287,5.4594316186373,6,2,5.52356195605701,1,2,2,10.2573878426927,7.61470984411521,3,4.4594316186373,4.90689059560852,10.4136279290242,8.83289001416474,1,4.90689059560852,11.6202198255075,9.71424551766612,8.08746284125034,4.32192809488736,12.8517490414161,6.04439411935845,11.661778097772,5.90689059560852,"1"
"TCGA.66.2793.01A",6.78135971352466,13.7544699952756,6.32192809488736,7.08746284125034,6.12928301694497,1,3.58496250072116,7.4262647547021,1,3.32192809488736,3.8073549220576,15.9143851321554,1,6.28540221886225,11.4019461239765,9.29462074889163,3.32192809488736,13.5816713585781,3,13.0518886559054,7.37503943134692,9.18487534290828,2,10.4817994316658,9.24792751344359,6.24792751344359,3.8073549220576,4,10.9483672315847,1,8.54689445988764,4.8073549220576,12.6073303137496,6,11.2550285698187,1,3.58496250072116,1,6.24792751344359,14.1176431013891,8.08746284125034,7.68650052718322,1,11.6519486107234,1,9.75822321472672,3.8073549220576,1,3,1,1,9.30833903013941,5.16992500144231,1,11.3353903546939,5.32192809488736,5.08746284125034,1,7.5077946401987,3.8073549220576,5.39231742277876,8.03342300153745,1,1,2,3.32192809488736,1,4.4594316186373,7.52356195605701,1,1,1,2,9.80413102118332,1,9.43879185257826,3,4.8073549220576,2.58496250072116,11.4304525516655,3.32192809488736,11.7414669864011,1,8.38370429247405,5.90689059560852,10.616548843779,5.08746284125034,1,5.70043971814109,8.64385618977472,10.4918530963297,9.66177809777199,8.96578428466209,13.1140676471653,12.634357301138,6.12928301694497,13.7966480414138,8.09803208296053,11.0606959316876,4.90689059560852,11.616548843779,10.9801395776392,13.9296282830246,2.58496250072116,5.39231742277876,5.39231742277876,1,1,7.4594316186373,6.55458885167764,6.12928301694497,3.58496250072116,1,1,4.58496250072116,9.46352437327118,10.0279059965699,1,4.8073549220576,6.61470984411521,7.06608919045777,4,3.58496250072116,10.9203528554151,4.70043971814109,8.19967234483637,5.24792751344359,"1"
"TCGA.46.3768.01A",7.56985560833095,15.6991928609121,11.3320365483617,8.07681559705083,7.06608919045777,1,7.02236781302845,9.24317398347295,1,1,5.32192809488736,17.895279423831,1,5.58496250072116,13.179287104646,8.33091687811462,3.58496250072116,13.610563503925,3,13.4225904338926,7.10852445677817,8.39231742277876,10.9410476063406,7.74146698640115,11.5401280385821,5.85798099512757,6.85798099512757,6.6724253419715,11.4083297407674,1,9.98584193700334,2.58496250072116,13.2124963851939,12.6077926419192,8.66533591718518,2.58496250072116,1,1,7.37503943134692,11.2384047393251,3.58496250072116,5,1,11.3761253892762,1,12.8324944843361,1,1,5.24792751344359,6.4594316186373,1,6.08746284125034,2,2.58496250072116,11.6582114827518,7.08746284125034,1,1,4,5.75488750216347,3.32192809488736,8.99435343685886,2,1,1,3,2,1,5.08746284125034,3.32192809488736,2.58496250072116,1,1,6.16992500144231,3.58496250072116,10.0633950812885,2,2,2,12.1623913287569,2,12.7431513941125,1,3.32192809488736,6.95419631038687,12.4178525148859,5.32192809488736,1,5.08746284125034,11.3297963382207,11.8289298276515,11.4584066132365,11.9031286768123,10.4157417682901,7.16992500144231,5.08746284125034,15.2424298275577,9.27612440527424,11.1318569606088,3,12.9432473959016,13.3100446796475,13.8217739819706,6.78135971352466,5.4594316186373,1,4,1,4.4594316186373,7.4262647547021,12.0707918094231,2,1,1,7.4757334309664,10.6438561897747,8.78790255939143,1,6.95419631038687,4.70043971814109,8.07681559705083,7.61470984411521,3.8073549220576,13.8167836793786,5.70043971814109,12.8281364841941,1,"1"
"TCGA.77.8009.01A",6.12928301694497,11.2819300269554,9.59618975614441,4.4594316186373,9.04439411935845,3,5.4594316186373,6.88264304936184,2,3.32192809488736,2,17.8256793115865,6.08746284125034,1,13.7023891599763,3,5.70043971814109,9.49185309632967,3,13.7082217300384,7.95419631038687,7.55458885167764,10.5333297323058,8.5077946401987,9.40514146313634,6.97727992349992,3,2,12.3054917921107,2.58496250072116,6.24792751344359,4.32192809488736,13.3125993788626,11.3912435894274,10.929258408637,1,1,1,5.8073549220576,12.7739633684336,6.97727992349992,6.55458885167764,2,12.1091777033553,1,12.3241805466187,5.08746284125034,1,2.58496250072116,7.91886323727459,1,7.02236781302845,9.89178370321831,5.24792751344359,12.0914353863236,12.8494051009478,1,1,3.58496250072116,1,5.85798099512757,10.7944158663501,1,1,1,1,3.32192809488736,4.32192809488736,4.8073549220576,4.8073549220576,2.58496250072116,1,1,8.03342300153745,8.43462822763673,6.7279204545632,5.52356195605701,1,2,10.6366246205436,2,13.5734105055076,1,8.49984588708321,6.4594316186373,12.2336196767597,5.8073549220576,3.58496250072116,4.32192809488736,1,11.8049376720519,11.9808536063797,15.9099868109126,9.4594316186373,6.83289001416474,7,7.98868468677217,8.65105169117893,4.90689059560852,7.33985000288462,12.4257404243162,13.3219280948874,13.2366122002158,9.88874324889826,8.876516946565,1,1,2,1,8.4262647547021,11.2900188469326,4.4594316186373,3,1,3,11.2854022188622,10.6510516911789,1,5,1,4.90689059560852,6.85798099512757,7.74146698640115,10.6987046667703,6.55458885167764,8.4178525148859,1,"1"
"TCGA.21.1077.01A",8.24792751344359,15.6362847497091,8.97727992349992,11.742309436084,8.34872815423108,4.8073549220576,7.18982455888002,10.0223678130285,2.58496250072116,7.89481776330794,3.8073549220576,17.9097759162784,2.58496250072116,6.58496250072116,11.2526654324502,7.68650052718322,5.32192809488736,13.0042204663182,5.08746284125034,13.9068905956085,8.23840473932508,9.14974711950468,3.58496250072116,4.58496250072116,10.5868397879618,6.75488750216347,7.62935662007961,6.28540221886225,11.1761731491075,1,9.6582114827518,2.58496250072116,14.2021238238305,11.3208005488816,9.61102479730735,1,2,1,7.94251450533924,12.7043359711823,3.8073549220576,7.59991284218713,1,12.0175044011094,2,13.5085375953473,2.58496250072116,1,3.58496250072116,6.55458885167764,1,7.56985560833095,2.58496250072116,6.70043971814109,11.3106127816595,13.3467907217507,2,1,4.70043971814109,6.32192809488736,3.8073549220576,7.89481776330794,4,5.8073549220576,1,3.32192809488736,3,3.32192809488736,4.70043971814109,3.32192809488736,2,2,1,7.12928301694497,4.32192809488736,10.4115109880121,4.4594316186373,7.24792751344359,1,10.7193888209421,2,13.3074854485895,7.58496250072116,8.02236781302845,10.0821490413539,12.2992080183873,4.4594316186373,5.4594316186373,10.876516946565,11.5764843467969,10.7927902943011,11.2585660338899,15.6722595816403,11.8233672400462,11.5631962722167,5.8073549220576,15.2384047393251,10.2384047393251,11,6.39231742277876,10.8360503550581,12.281350514981,13.4218018604699,5.24792751344359,4.4594316186373,1,3.32192809488736,1,3.8073549220576,8.27612440527424,8.78790255939143,6.12928301694497,1,1,5.95419631038687,10.3531468254981,10.7108064336994,1,6.88264304936184,9.61838550225861,8.55458885167764,7.52356195605701,7.20945336562895,12.7047682393626,5.4594316186373,11.7540523675289,1,"1"
"TCGA.21.1081.01A",9.07681559705083,15.0013202225009,7.35755200461808,11.8392037880969,10.1724275086455,2,5.24792751344359,10.7548875021635,1,5.64385618977472,3,17.9525478861615,3.58496250072116,5.4594316186373,13.2752515434703,6.32192809488736,3,13.5497846679479,5.08746284125034,13.8747892828141,8.60733031374961,10.8963324039099,8.4093909361377,7.65821148275179,9.90989308377004,7.59991284218713,3,7,12.9783529581651,1,9.12412131182919,6.8073549220576,15.8639442562442,5.24792751344359,11.1111356702347,9.88264304936184,1,1,7.64385618977472,16.7333596371525,5.52356195605701,9.12928301694497,1,9.92777796208234,1,12.9027519448502,1,1,3.8073549220576,5.16992500144231,1,9.50382573799575,4.8073549220576,1,13.1023038172126,10.0606959316876,1,1,7.84549005094437,3.58496250072116,6.12928301694497,6.49185309632967,4,4.58496250072116,7.10852445677817,5.70043971814109,4.16992500144231,5,7.64385618977472,3.8073549220576,1,1,2,7.52356195605701,6,8.07681559705083,4.8073549220576,5.24792751344359,2.58496250072116,10.2384047393251,1,14.9878857294021,9.84235034341381,9.79766152585376,13.0920964149908,13.1153688378202,13.4596877562395,11.9336906549522,9.16992500144231,8.52356195605701,11.4878400338231,11.3608470841797,14.2936153364077,14.1941412388631,13.158925203807,3.32192809488736,14.1538686552232,10.7347096202258,7.79441586635011,7.04439411935845,12.9288884393976,12.3241805466187,13.4406096667484,4.32192809488736,6.32192809488736,1,1,1,2,2.58496250072116,14.5082899861403,7.08746284125034,2.58496250072116,6.49185309632967,1,11.1446582428319,9.45121111183233,1,4.16992500144231,10.5641494899857,9.76155123244448,10.9971794809376,8.5077946401987,12.9487322398196,5.58496250072116,7.79441586635011,1,"1"
"TCGA.34.7107.01A",8.40087943628219,14.9078295445781,9.34872815423108,10.7073591320809,9.45121111183233,2.58496250072116,6,8.12928301694497,2.58496250072116,11.4998458870832,4.16992500144231,17.8687863905089,5.52356195605701,7.62935662007961,13.3423525100878,5.52356195605701,3.8073549220576,12.4146852358072,3.8073549220576,13.5651020783603,6.28540221886225,8.79441586635011,9.75822321472672,5,9.71424551766612,5.85798099512757,2.58496250072116,5.8073549220576,12.2366122002158,1,10.3858624006415,4.8073549220576,16.1664769508168,9.93663793900257,8.21916852046216,1,1,1,7.76818432477693,13.1401907031918,3.8073549220576,7.08746284125034,1,10.4429434958487,1,12.8458820343841,1,1,4.70043971814109,4.70043971814109,1,7.83289001416474,1,3.58496250072116,12.3224915375975,12.7536346188534,1,1,6.8073549220576,4.4594316186373,5,7.58496250072116,2,5.32192809488736,1,1,1,7.04439411935845,6.24792751344359,1,1,1,2,7.85798099512757,4,8.95419631038687,6.28540221886225,4.70043971814109,1,10.9772799234999,2,13.3791075655611,6.16992500144231,6.49185309632967,11.4573808790725,13.1234747982441,8.59245703726808,7.74146698640115,9.02790599656988,9.74146698640115,11.0953970227926,11.3955341354623,15.5123701136702,12.0874628412503,10.1674181458317,4,13.0003521774803,10.4553272203046,8.59991284218713,6,11.4958550268872,13.5653401272085,14.3074854485895,3.58496250072116,6.08746284125034,1,4.8073549220576,1,1,2,8.70043971814109,9.2807707701306,1,7.39231742277876,3,11.8177831217745,8.48381577726426,1,4.58496250072116,8.90689059560852,11.5176693881338,10.2288186904959,6.95419631038687,13.4670960339057,7,10.3509391815464,2.58496250072116,"1"
"TCGA.66.2791.01A",6.70043971814109,15.2484464818341,11.5117526537674,11.3869402453243,8.90086680798075,1,5.75488750216347,9.14465824283188,4.16992500144231,4.8073549220576,4.4594316186373,16.5732033769134,1,6.28540221886225,11.1749256825007,4.8073549220576,2,13.3162815317462,5.70043971814109,13.2740869056344,8.04439411935845,7.49185309632967,9.68650052718322,6.08746284125034,10.6366246205436,5.58496250072116,5.24792751344359,7.16992500144231,11.523561956057,3,10.5999128421871,2.58496250072116,15.0818994761163,11.4377520723236,10.1395513523988,2.58496250072116,1,1,6.20945336562895,12.3896313392605,6.04439411935845,8.99435343685886,2,11.0848083878044,1,11.616548843779,3.58496250072116,1,3.58496250072116,8.29462074889163,1,7.65821148275179,9.1548181090521,1,11.8509681509824,13.9760270401898,2,1,7.06608919045777,4,1,9.92481250360578,3,3.58496250072116,1,4.58496250072116,1,4,7.22881869049588,3,1,1,2,6.55458885167764,5.16992500144231,10.1774195379892,6.75488750216347,3.32192809488736,3,11.0808175276083,3.32192809488736,12.6604416502092,2.58496250072116,6.24792751344359,7,12.6151698138436,5.64385618977472,3.32192809488736,4.70043971814109,11.8703647195834,10.5584207132687,11.2276159434142,13.8647665114234,11,13.7688046164558,6.70043971814109,13.2629757012279,9.88569637333939,11.4988492065317,6.8073549220576,12.1786648510065,12.3575520046181,13.2708792953288,8.64385618977472,8.78790255939143,1,4.58496250072116,1,4,6.12928301694497,9.40514146313634,8.03342300153745,2,1,4,10.2784494582205,10.8579809951276,1,4.4594316186373,5.24792751344359,9.6582114827518,6.61470984411521,4.58496250072116,12.7784878612224,7.75488750216347,9.93369065495223,1,"1"
"TCGA.43.3394.01A",5.58496250072116,15.783612165256,9.23840473932508,12.7854524681585,8.58496250072116,2,6.4262647547021,12.3630396302565,2,5.64385618977472,5.95419631038687,16.4276402159943,3.32192809488736,3.32192809488736,11.8113746935099,4.16992500144231,5.4594316186373,12.9661449133456,4.4594316186373,13.9083926207737,8.31288295528435,10.3037807481771,9.4594316186373,8.86418614465428,11.3387363825739,6.61470984411521,5.08746284125034,7.79441586635011,11.3297963382207,1,9.57742882803575,4.4594316186373,13.9538326821453,11.1111356702347,10.1421070573025,1,6.85798099512757,3,6.58496250072116,12.8021124185861,6.83289001416474,9.38801728534514,2,10.3151495622563,1,12.9214690605314,4.4594316186373,1,5.24792751344359,6.70043971814109,1,7.24792751344359,5.95419631038687,5.85798099512757,13.1861142395416,13.025831668332,4.90689059560852,3.58496250072116,7.32192809488736,4.90689059560852,5,8.57742882803575,5.08746284125034,8.64385618977472,3,5.58496250072116,2,2,7.52356195605701,2.58496250072116,2,1,3.58496250072116,6.16992500144231,6.35755200461808,10.9729797860663,5.52356195605701,5,2.58496250072116,11.9322147519684,1,11.7573900093666,8.12928301694497,8.44294349584873,10.7176764230664,11.7142455176661,7.35755200461808,7.08746284125034,10.0660891904578,13.2737955992143,10.7498694273968,11.2888660741658,16.0345410698239,12.3592004851336,9.18982455888002,5.24792751344359,16.9264813239664,9.70043971814109,12.526988205432,9.16490692667569,11.3487281542311,12.2784494582205,13.5308939811939,4.58496250072116,5.85798099512757,2.58496250072116,5.8073549220576,1,3,6.16992500144231,8.57742882803575,3.8073549220576,4,2.58496250072116,5.52356195605701,10.5294305541462,10.2215871212648,1,6.6724253419715,8.73470962022584,8.4178525148859,9.57742882803575,7.61470984411521,13.4845711809158,5.08746284125034,11.6917435191713,4.32192809488736,"1"
"TCGA.33.4586.01A",5.52356195605701,14.8595347863827,11.1382718001722,11.8618623400592,8.4178525148859,2.58496250072116,7.04439411935845,9.5077946401987,3,2,5.08746284125034,17.2767060198924,2,7.35755200461808,11.8548683832602,2.58496250072116,3,12.5502658068687,2.58496250072116,13.030322282644,7.8703647195834,10.2360141919001,8.39231742277876,9.13442632022093,9.35755200461808,6.83289001416474,5.70043971814109,6.20945336562895,11.0741414627525,2,5.8073549220576,1,13.4838157772643,11.9076418036655,9.85486838326024,14.0408034098476,1,1,6.24792751344359,13.7966480414138,3,7.02236781302845,1,11.8209766926212,2,12.9288884393976,1,1,3,8.09803208296053,1,5.90689059560852,13.7084372989653,1,12.3701424794954,15.6066943705046,4.32192809488736,1,6,5.32192809488736,3,8.93073733756289,2.58496250072116,2,1,8.53138146051631,4.58496250072116,4.4594316186373,6.90689059560852,4,2.58496250072116,1,2,9.62935662007961,7.64385618977472,9.91886323727459,5.08746284125034,7.71424551766612,2,11.1686721181322,1,12.6843103111243,1,8.44294349584873,5.8073549220576,12.0313565962557,4.16992500144231,2.58496250072116,4.16992500144231,12.2015113445001,11.8368393597487,11.2167458581953,12.9042582828005,12.8544788341716,12.1904420187828,6.85798099512757,14.7512302136781,9.20945336562895,11.9483672315847,3.58496250072116,11.9031286768123,12.8753654006418,13.2270141936491,4.58496250072116,7.79441586635011,2,5.58496250072116,1,2,5.95419631038687,11.2336196767597,6.24792751344359,3,1,6.64385618977472,10.0084286220706,11.9708249013626,1,5.70043971814109,2.58496250072116,7.56985560833095,3.58496250072116,4.4594316186373,13.2434715383963,5.64385618977472,10.5736471874933,2,"1"
"TCGA.39.5021.01A",6.7279204545632,13.9654235658101,8.8008998999203,4.4594316186373,7.28540221886225,3,4.70043971814109,8.3037807481771,2,4.32192809488736,3.32192809488736,16.8803009726468,3.32192809488736,5.16992500144231,12.3613955331659,1,8.58496250072116,12.2021238238305,3.8073549220576,12.8951965725633,8.28540221886225,9.01680828768655,4.70043971814109,9.00562454919388,11.3531468254981,5.32192809488736,6.58496250072116,6.4594316186373,11.9936460600166,1,9.18487534290828,2,13.9717231611768,10.7747870596012,9.27612440527424,6.04439411935845,2.58496250072116,1,6.16992500144231,12.0272148851598,5,10.6829945836817,1,8.62935662007961,2,12.2854022188622,5,1,3.32192809488736,1,1,6.97727992349992,8.63662462054365,6.55458885167764,11.4062050054189,13.2042654561368,4.16992500144231,1,5.32192809488736,4,4,12.0119260663068,4.4594316186373,1,1,5.95419631038687,2,3.8073549220576,4.4594316186373,3,2.58496250072116,2.58496250072116,1,3.32192809488736,3.8073549220576,9.85174904141606,3.58496250072116,3,1,10.5018371849023,8.53138146051631,11.410451351504,2,6.52356195605701,4.58496250072116,11.2854022188622,4.4594316186373,3.58496250072116,9.28540221886225,10.8041310211833,11.7936033092794,10.4898479604393,15.297489501161,11.2597432636908,7.61470984411521,4.70043971814109,13.4517262680745,9.6724253419715,10.2502984179063,6.78135971352466,12.3066313617125,12.1059085085712,12.5512276035983,5.39231742277876,4.8073549220576,1,2.58496250072116,2,5.58496250072116,9.49185309632967,13.2928967554092,4.70043971814109,2,4.70043971814109,4.32192809488736,10.0251395622785,9.4797802640291,3,3.58496250072116,5.08746284125034,9.06069593168755,7.70043971814109,4.90689059560852,12.6675551070411,5.95419631038687,11.7116669735643,1,"1"
"TCGA.85.8664.01A",3.32192809488736,10.0251395622785,5,2,5,2.58496250072116,2,4.90689059560852,2.58496250072116,1,3.8073549220576,16.0699112351893,4,5.95419631038687,11.4918530963297,3.8073549220576,9.20945336562895,11.4241662888181,1,13.2121923719085,5.75488750216347,10.2360141919001,2.58496250072116,9.05528243550119,9.82654848729091,7.06608919045777,1,7.04439411935845,12.4578938373147,1,2,2.58496250072116,12.8929222236306,7.91886323727459,12.4262647547021,2,1,1,5.32192809488736,14.8840750996143,3.58496250072116,2.58496250072116,2,11.2502984179063,1,13.1098306542788,1,1,2,5.39231742277876,1,9.80413102118332,11.8201789624152,2.58496250072116,8.31288295528435,5.4594316186373,2.58496250072116,1,9.91587937883577,2.58496250072116,3.8073549220576,2.58496250072116,3,1,1,1,1,2,4.58496250072116,3.32192809488736,4.4594316186373,1,1,10.7862696276485,3.58496250072116,6.32192809488736,5.08746284125034,5.16992500144231,1,10.211888294546,3,13.981032058361,1,8.5077946401987,2,9.15987133677839,3.8073549220576,1,1,8.56224242422107,10.8657332708518,10.6987046667703,15.570270797977,12.3608470841797,6.4262647547021,4.32192809488736,11.5166849493096,6.20945336562895,7.37503943134692,6.61470984411521,11.6969675262343,12.1916761463524,12.402479172215,7.4594316186373,5.16992500144231,1,1,13.1848753429083,1,2,9.01122725542325,1,1,1,2.58496250072116,10.047123912114,10.2526654324502,1,4.90689059560852,1,7.02236781302845,13.677719641641,4.16992500144231,9.86108690599539,4.8073549220576,7.83289001416474,3.58496250072116,"1"
"TCGA.21.1071.01A",7.37503943134692,13.6309496268329,11.1959872980285,6,7.98868468677217,2,4.32192809488736,9.58496250072116,2,1,3,16.4420687523067,1,7.84549005094437,11.1279943209764,7.4757334309664,3.58496250072116,11.7245138531199,4.58496250072116,12.7125270004398,7.84549005094437,7.93073733756289,5.64385618977472,3.58496250072116,9.20945336562895,7.3037807481771,2.58496250072116,6.24792751344359,11.8826430493618,1,8.48381577726426,3.8073549220576,14.6179265567988,10.8281364841941,11.0195907283579,2.58496250072116,1,1,5.95419631038687,14.2616542156775,4.16992500144231,4.4594316186373,1,10.2573878426927,1,11.2203783276952,1,1,2.58496250072116,7.8703647195834,1,8.69348695749932,6.28540221886225,2,11.4314976042581,7.37503943134692,1,1,7.10852445677817,5.32192809488736,4.8073549220576,9.89784545600551,2,1,1,8.29462074889163,3,4.70043971814109,4.16992500144231,2.58496250072116,3,1,2.58496250072116,6.55458885167764,3.8073549220576,8.70735913208088,3.8073549220576,4.32192809488736,1,10.9454438363779,1,11.5802585674998,4,8.4262647547021,7.58496250072116,12.3663222142458,3,2,4.32192809488736,8.8703647195834,11.1019756709492,10.7125270004398,13.6875943895761,11.4645457503339,9.19475685442225,4.58496250072116,12.2714630279044,9.5274770060604,10.4220647661728,5.24792751344359,12.179287104646,12.9505558970475,13.2778685461768,7.59991284218713,4.8073549220576,1,4.16992500144231,1,2,7.16992500144231,11.4283601727043,2.58496250072116,3.58496250072116,1,3,10.1774195379892,10.6847486204216,1,6.4262647547021,2.58496250072116,7.39231742277876,5.08746284125034,4.90689059560852,11.8795832496128,5.64385618977472,8.55458885167764,1,"1"
"TCGA.18.4083.01A",5.64385618977472,13.1192653831758,9.84549005094438,11.3531468254981,10.9203528554151,1,3.32192809488736,8.8073549220576,1,9.14974711950468,2,16.7306028097771,6.08746284125034,6.49185309632967,12.5608104687279,6.58496250072116,1,12.9552866455245,4.70043971814109,14.3886900272743,6.4262647547021,8.8703647195834,6.20945336562895,6.4594316186373,9.28540221886225,7.58496250072116,3.58496250072116,7.89481776330794,13.1627060184824,2,11.6073303137496,6.35755200461808,15.1475229443507,9.58496250072116,10.6741922681457,1,1,1,7,13.8900742361803,6.20945336562895,4.90689059560852,1,9.76487159073609,1,12.7039035734447,2,1,4.70043971814109,2.58496250072116,1,8.18982455888002,2,4.90689059560852,12.8784341495593,9.87958324961278,1,2,3.8073549220576,2.58496250072116,3.8073549220576,10.2021238238305,1,1,10.6275338844728,6.08746284125034,1,4.4594316186373,6.4594316186373,2,1,1,2,7.14974711950468,3.32192809488736,9.31741261376487,4,5.95419631038687,1,12.189206834597,10.7813597135247,12.7883105037009,4.32192809488736,8.65105169117893,10.7245138531199,12.2378074737231,9.57364718749332,5.39231742277876,9.01122725542325,9.27612440527424,12.6229669447905,11.3695973462787,14.680799034573,12.3392933001801,10.1006623390052,2,13.3168471836025,9.91288933622996,9.07146236255662,8.09803208296053,11.0430272835945,11.7590559391602,13.7393587074334,5.85798099512757,7.97727992349992,6.6724253419715,4.90689059560852,2,3,1,11.4635243732712,7.20945336562895,5.08746284125034,7.83289001416474,2.58496250072116,11.4356702609366,12.1491119907069,1,3.58496250072116,7,11.7481928495895,9.28540221886225,5,12.8967108157261,7.68650052718322,10.7313190310251,4.8073549220576,"1"
"TCGA.22.5485.01A",6.7279204545632,16.1297659813107,11.7747870596012,8.12928301694497,6.4262647547021,2,5.24792751344359,12.6183855022586,4.58496250072116,7.56985560833095,6.78135971352466,17.4691807272101,2.58496250072116,4.32192809488736,13.3193898760002,5.16992500144231,1,13.4424251933316,5.58496250072116,13.8127789716277,9.66888498426625,11.0098286173681,8.40087943628219,7.16992500144231,7.06608919045777,6.88264304936184,6.08746284125034,5.95419631038687,11.635718120331,1,9.42206476617281,3.8073549220576,13.2033480029798,10.8169836232554,9.28540221886225,5.85798099512757,2,1,5.32192809488736,14.0972091435503,4,8.7279204545632,1,10.8641861446543,1,13.5686686933805,1,1,5.08746284125034,8.99435343685886,1,4,1,8.03342300153745,11.1059085085712,15.6375871533277,3.32192809488736,1,6.7279204545632,5.8073549220576,5.8073549220576,8.59245703726808,2,2,1,3.32192809488736,1,3,7.4093909361377,6.52356195605701,1,2,2,6.12928301694497,2,11.6384359139905,4.58496250072116,4.58496250072116,2,11.5137275959524,2,14.2954819736954,7.84549005094437,7.56985560833095,9.38801728534514,13.0098286173681,5.8073549220576,5.70043971814109,9.33539035469392,12.8963324039099,12.3810021095509,11.1085244567782,14.7187469099011,12.2502984179063,10.3331553503106,6.4594316186373,18.0331110779386,10.1848753429083,13.4632689159813,10.57931593758,12.7988767681333,12.6275338844728,14.3474829606397,9.66177809777199,4.32192809488736,1,1,1,1,3.32192809488736,10.2264121927888,3.8073549220576,4,3,8.5077946401987,10.1699250014423,9.18982455888002,1,5.16992500144231,5,9.75488750216347,16.029028346977,4.32192809488736,14.1538686552232,8,11.5802585674998,2,"1"
"TCGA.85.6798.01A",5.39231742277876,14.9351650496037,10.5274770060604,9.4594316186373,10.8780509127285,2.58496250072116,5,9.44708322620965,3.32192809488736,5.16992500144231,2,17.7833947522672,4.16992500144231,6.28540221886225,12.595257481449,5.4594316186373,6.04439411935845,12.7883105037009,1,13.5560269927247,6,9.90689059560852,6.16992500144231,9.19475685442225,8.35755200461808,4.16992500144231,2.58496250072116,7.16992500144231,11.0084286220706,2,3.32192809488736,3.58496250072116,14.9804073798317,9.04439411935845,9.94251450533924,3,1,1,6.28540221886225,12.7073591320809,5.90689059560852,11.8407779235951,1,9.71080643369935,1,13.3365065598103,1,1,3,1,1,6.35755200461808,1,2.58496250072116,11.7623820387104,13.6279897843157,1,1,7.94251450533924,2,5.70043971814109,11.0953970227926,2,4.16992500144231,1,3.32192809488736,1,3.32192809488736,7.35755200461808,2.58496250072116,1,2,1,9.21916852046216,4.58496250072116,8.23840473932508,2,7.35755200461808,2,9.54303182025524,1,14.7725207763148,3,8.876516946565,6.58496250072116,11.1848753429083,3,5.32192809488736,7.28540221886225,3.32192809488736,10.3706874068072,10.4635243732712,13.9192357860283,12.5008418795569,8.25738784269265,1,7.5077946401987,9.0389189892923,4.16992500144231,9.98013957763916,11.2620948453702,11.5381889320524,11.7919768208987,4.70043971814109,4.32192809488736,1,2,1,4.32192809488736,6.70043971814109,11.2934716488381,6.04439411935845,2,1,2,8.74819284958946,10.1674181458317,1,3.8073549220576,2,9.66177809777199,6.90689059560852,5.16992500144231,11.3619437737352,4,9.54303182025524,4.16992500144231,"1"
"TCGA.85.A511.01A",7.4093909361377,14.4870863402713,8.24792751344359,12.6860627498954,9.82336724004623,2,4.32192809488736,10.9943534368589,3,5.16992500144231,3,16.6411203665652,2.58496250072116,8.62935662007961,12.2479275134436,4.90689059560852,5.58496250072116,13.0254856568084,3.32192809488736,12.590587049915,7,9.21431912080077,8.67948009950545,6.08746284125034,9.68999797141945,6.4262647547021,3.58496250072116,6.70043971814109,12.1465686757408,2.58496250072116,7.74146698640115,4.16992500144231,15.54791873756,10.7414669864011,11.2443638351205,3.8073549220576,2,1,8.03342300153745,13.1811522568656,6.52356195605701,4.58496250072116,1,10.951284714967,1,13.3034953767904,2,1,4.70043971814109,4.8073549220576,1,8.79441586635011,6.61470984411521,3.32192809488736,11.7364019313183,11.7657004876511,1,1,8.25738784269265,4.16992500144231,4.90689059560852,8.62935662007961,3.32192809488736,3.58496250072116,2,3.58496250072116,2.58496250072116,5.75488750216347,5.75488750216347,2,1,1,1,5.75488750216347,6.55458885167764,8.23840473932508,7.39231742277876,3.32192809488736,2,10.609178738142,2,13.3785658100006,5.32192809488736,9.43462822763673,8.70043971814109,12.0361736125535,5.75488750216347,3.58496250072116,8.19967234483637,7.04439411935845,10.3286749273279,10.5943246039248,14.9777271182714,12.5612879451648,12.2928967554092,4.4594316186373,10.1059085085712,9.66177809777199,6.55458885167764,3.58496250072116,11.6054795180617,13.2333200827308,13.6875943895761,4.16992500144231,5.85798099512757,3.58496250072116,5.75488750216347,1,1,5.08746284125034,9.92184093707449,2.58496250072116,2,4.32192809488736,1,10.2312211807112,9.87958324961278,1,4.32192809488736,8.07681559705083,9.02236781302845,8.06608919045777,6.16992500144231,10.9483672315847,6.4594316186373,10.3531468254981,5,"1"
"TCGA.22.4607.01A",7.22881869049588,16.3366808888752,9.17990909001493,10.5622424242211,9.25738784269265,1,7.71424551766612,11.7870863245516,1,1,4.4594316186373,15.2998519349527,2,2,12.8872206154684,6.75488750216347,2.58496250072116,12.7719020806977,3.8073549220576,12.4752267777423,9.50382573799575,11.3003525603282,6.85798099512757,4.32192809488736,9.82017896241519,3,4.16992500144231,8.467605550083,11.3454052467178,5,9.20945336562895,6.12928301694497,14.3110387114095,5,8.59245703726808,1,1,1,7.18982455888002,14.2056405428566,4,7.74146698640115,1,10.3880172853451,1,12.9483672315847,5.64385618977472,1,1,9.51175265376738,1,7.18982455888002,1,2,8.97154355395077,4.4594316186373,6.58496250072116,2.58496250072116,9.55074678538324,4.4594316186373,2,6.75488750216347,2.58496250072116,4,1,3.8073549220576,1,3,6.90689059560852,4.4594316186373,1,1,1,12.7607199474656,1,7.88264304936184,7.4594316186373,4.32192809488736,2.58496250072116,10.6882503091332,2,13.6332223038008,4.16992500144231,5.58496250072116,4.70043971814109,12.399277924509,4.16992500144231,3,7.14974711950468,5.64385618977472,10.5545888516776,8.92481250360578,13.9790678714805,13.2428763671664,12.6054795180617,4.16992500144231,5.08746284125034,10.4512111118323,7.6724253419715,4.16992500144231,11.471675214392,12.2215871212648,13.3320365483617,3,9.33091687811462,1,7.53915881110803,1,2.58496250072116,1,13.5989829710361,4.4594316186373,2.58496250072116,1,1,9.55074678538324,9.90086680798075,1,6.32192809488736,3.32192809488736,6.85798099512757,6.7279204545632,4.4594316186373,12.5493033685136,5.64385618977472,7.49185309632967,1,"1"
"TCGA.21.1078.01A",6.08746284125034,17.7628621304212,2,1,3.58496250072116,2.58496250072116,1,7.44294349584873,3.8073549220576,1,6.08746284125034,15.4542992936199,1,1,9.83289001416474,2.58496250072116,1,14.0523982320716,4.70043971814109,11.7919768208987,5.24792751344359,9.14465824283188,1,1,9.13955135239879,4,1,4.4594316186373,10.5887146355823,1,5.75488750216347,2.58496250072116,10.539158811108,3.58496250072116,9.41362792902417,2,2.58496250072116,1,4.16992500144231,12.8057438721516,5.39231742277876,2,1,11.9665054519057,1,10.1472049249422,4,1,2,6.24792751344359,1,5.58496250072116,1,1,1,6.88264304936184,2.58496250072116,2.58496250072116,5.24792751344359,3,2.58496250072116,4.8073549220576,1,3,1,1,1,2.58496250072116,5.24792751344359,1,1,1,3,1,2.58496250072116,10.2312211807112,5.75488750216347,4,1,9.67595703294175,2.58496250072116,12.7308946465417,1,8.17990909001493,3.32192809488736,10.5038257379958,3,2.58496250072116,3,8.76818432477693,8.27612440527424,8.2667865406949,11.4062050054189,11.9188632372746,16.2914225444898,4,12.9392118826664,8.51569983828404,8.79441586635011,5.90689059560852,9.87344411251538,9.8703647195834,13.6515002206527,2,1,1,7.14974711950468,1,1,2.58496250072116,4,1,1,1,3.8073549220576,7.82017896241519,8.4594316186373,1,1,2,2,6.7279204545632,8.61470984411521,12.1692986957928,4.58496250072116,7.22881869049588,2,"1"
"TCGA.77.8150.01A",5.24792751344359,12.9053870050181,7.33985000288462,4.58496250072116,5.32192809488736,1,4.4594316186373,10.6582114827518,2,4.32192809488736,2,14.5987504095718,3.58496250072116,2,11.0980320829605,1,2,11.1176431013891,1,12.0768155970508,4.70043971814109,6.93073733756289,7.4594316186373,1,9.77807712953536,4.8073549220576,2.58496250072116,2.58496250072116,10.515699838284,1,6.24792751344359,3,11.3465137331656,9.72109918870719,7.39231742277876,4.4594316186373,1,1,4.70043971814109,11.4314976042581,4.16992500144231,3.8073549220576,1,9.71080643369935,1,10.8595347863827,1,1,1,4,1,4.32192809488736,6.35755200461808,1,10.5077946401987,12.270295326472,1,1,6.08746284125034,3,4.16992500144231,3.8073549220576,1,1,1,3,2,5.85798099512757,5.75488750216347,2.58496250072116,1,1,1,8.13955135239879,1,7.06608919045777,2.58496250072116,2,1,9.73470962022584,1,13.0220209696464,4.70043971814109,6.16992500144231,7.82017896241519,10.967226258836,3,3.32192809488736,6.70043971814109,8.36632221424582,9.78790255939143,9.41362792902417,10.6688849842662,10.5333297323058,7.70043971814109,2,11.6873756834375,8.11894107272351,8.09803208296053,5.90689059560852,9.62570884306447,10.8856963733394,11.2597432636908,2.58496250072116,2.58496250072116,1,4.32192809488736,1,1,1,7.37503943134692,6,1,2.58496250072116,2.58496250072116,8.39231742277876,7.2667865406949,1,2,5.70043971814109,8.32192809488736,7.52356195605701,3.32192809488736,11.632995197143,5.64385618977472,10.3728650601126,2,"1"
"TCGA.77.6843.01A",5.58496250072116,15.2648823792396,11.2526654324502,10.1848753429083,7.75488750216347,1,7.32192809488736,10.6706562491184,1,5.24792751344359,3,18.2423274760951,2.58496250072116,8.32192809488736,10.8454900509444,6.4594316186373,2,12.7615512324445,3,12.6706562491184,6.04439411935845,8.59991284218713,7.2667865406949,9.38801728534514,12.102631888855,6.90689059560852,4.32192809488736,4.4594316186373,9.83920378809694,1,7.98868468677217,2,11.9344280406268,11.0416591516372,9.92777796208234,1,1,1,3.8073549220576,13.1913677134189,4.16992500144231,10.0251395622785,1,11.1433832139898,2,12.6851867965953,2.58496250072116,1,3.32192809488736,2.58496250072116,1,5.32192809488736,4.70043971814109,6.93073733756289,10.5507467853832,13.838613044197,2,2.58496250072116,2.58496250072116,2.58496250072116,4.32192809488736,11.4220647661728,2.58496250072116,3.58496250072116,2,5.8073549220576,1,3.58496250072116,4.4594316186373,2,1,1,1,4.32192809488736,4,7.68650052718322,2,4.16992500144231,2,9.98299357469431,3.32192809488736,13.0129736483745,2.58496250072116,5.08746284125034,8.62205181945638,11.7364019313183,8.17990909001493,4.4594316186373,9.44708322620965,8.82654848729091,10.2807707701306,10.65999589243,14.4572526110092,11.8328900141647,8.16992500144231,2,13.1551344548578,9.25266543245025,10.2143191208008,6.35755200461808,10.9787104591064,10.7960396088298,12.8133803869247,8.93073733756289,3.8073549220576,1,3.58496250072116,4.58496250072116,4.8073549220576,8.88264304936184,9.91288933622996,5.32192809488736,3.32192809488736,1,3.8073549220576,9.2240016741981,10.4512111118323,6.49185309632967,2.58496250072116,4.90689059560852,8.7279204545632,6.52356195605701,4,11.3553510964248,8.33091687811462,12.9989429514431,3,"1"
"TCGA.34.2596.01A",9.01680828768655,13.815183130008,11.5507467853832,8.74146698640115,7.91886323727459,2,4.58496250072116,8.74819284958946,5.32192809488736,5.32192809488736,4.70043971814109,17.0567435427341,3.8073549220576,7.74146698640115,11.7064960180612,4.16992500144231,8.06608919045777,12.2131042196419,4.70043971814109,13.5603328342124,9.78463484555752,9.5274770060604,10.9439799143437,8.67948009950545,8.82017896241519,6.08746284125034,5,7.18982455888002,11.3597495603223,2.58496250072116,10.5641494899857,2.58496250072116,13.8612808035887,11.9520131648895,9.04984854945056,1,2.58496250072116,1,7.14974711950468,13.0272148851598,7.95419631038687,11.6715410667119,1,11.6456584324087,1,12.5769566647061,5.75488750216347,1,3.58496250072116,7.32192809488736,1,5.95419631038687,7.70043971814109,4.32192809488736,12.4377520723236,11.631177055704,6.61470984411521,3,7.49185309632967,2,5,11.2143191208008,4,1,1,2,2,3.32192809488736,4.16992500144231,6.39231742277876,4.70043971814109,1,1,8.74819284958946,3.58496250072116,8.6582114827518,4.16992500144231,3,3.32192809488736,11.3420746679991,3.58496250072116,11.6147098441152,1,6.28540221886225,6.28540221886225,12.8265484872909,2,2.58496250072116,3.8073549220576,8.65105169117893,11.9322147519684,11.6348110501717,14.2459982804727,11.4157417682901,8.876516946565,7.49185309632967,14.3982092614669,9.67948009950545,9.57742882803575,8.22881869049588,12.9173720794768,12.3128829552844,14.1652210682209,8.33091687811462,8.03342300153745,1,5.4594316186373,1,4.16992500144231,8.58496250072116,9.93957921431469,7.18982455888002,3.58496250072116,1,6.16992500144231,10.3398500028846,12.0188956211216,1,4.58496250072116,3.32192809488736,8.04439411935845,6.78135971352466,6.12928301694497,13.5790801838348,6.8073549220576,9.65463602852797,1,"1"
"TCGA.18.3408.01A",4.8073549220576,15.37170859108,9.61838550225861,12.3442959079158,5.95419631038687,2.58496250072116,6.04439411935845,11.120237877342,4,3.8073549220576,4.32192809488736,16.7982439571815,6,1,7.10852445677817,3,3,12.5186531556734,5.4594316186373,12.2449583931511,7.91886323727459,7.22881869049588,3,4.58496250072116,10.8902642770211,5.4594316186373,5.16992500144231,7.02236781302845,10.7159619902551,2,9.2240016741981,3,13.2467405984931,6.55458885167764,9.11374216604919,1,2,1,3.32192809488736,12.2395985292491,1,8.8008998999203,1,8.69348695749932,1,10.2312211807112,3.58496250072116,1,1,7.58496250072116,1,5.8073549220576,6.04439411935845,5.16992500144231,11.0056245491939,14.7209923501067,3.8073549220576,1,5,5.64385618977472,3.32192809488736,10.7431513941125,2,2,1,2,2,1,6.88264304936184,4.70043971814109,1,1,1,2.58496250072116,4.90689059560852,11.2900188469326,3.8073549220576,1,2,10.6474584264549,1,12.635718120331,3.8073549220576,4.32192809488736,7.79441586635011,11.7210991887072,5.85798099512757,3.8073549220576,8.19967234483637,10.7615512324445,9.70043971814109,9.37503943134693,14.5835529304665,11.468624042918,8.59991284218713,4.70043971814109,17.4903338350876,9.98299357469431,12.0620461377205,6.35755200461808,10.3619437737352,11.6183855022586,12.4963544885646,3.8073549220576,5.32192809488736,1,1,2,1,4,10.7414669864011,6.04439411935845,2.58496250072116,1,6.16992500144231,8.62935662007961,11.3476213685681,1,4.58496250072116,5.58496250072116,9.49185309632967,2,3,13.6691065113363,4.4594316186373,10.9971794809376,1,"1"
"TCGA.51.6867.01A",6.35755200461808,14.5343028824546,10.90989308377,7.14974711950468,7.7279204545632,3,5,10.9395792143147,2,8.39231742277876,3.8073549220576,17.7363094343496,1,8.25738784269265,12.3387363825739,5.58496250072116,6.16992500144231,13.1642784383012,4.58496250072116,14.036860446673,7.8703647195834,9.64745842645492,3.58496250072116,6.08746284125034,10.1548181090521,6.12928301694497,2,7.4262647547021,12.3241805466187,3.58496250072116,11.6821167649501,4.58496250072116,14.5773108016896,10.6492561775173,10.0953970227926,2,1,1,6.70043971814109,13.0684424160258,6.90689059560852,9.15987133677839,2,11.3342732853072,1,13.272921326867,1,1,3.32192809488736,6.4594316186373,1,9.10852445677817,9.54689445988764,1,11.9657842846621,6.97727992349992,2,1,8.08746284125034,3,4.32192809488736,11.0741414627525,3,4,1,3.32192809488736,1,2.58496250072116,5.85798099512757,1,3.58496250072116,1,1,3.8073549220576,4.32192809488736,10.5313814605163,6.95419631038687,3.58496250072116,1,11.7142455176661,6.75488750216347,12.9932922414885,5,8.19967234483637,9.40514146313634,12.6211361132746,3.58496250072116,2,8.32192809488736,8.37503943134692,10.8902642770211,11.0195907283579,16.0124063025143,12.8676648483807,11.3026389237876,4.70043971814109,13.3162815317462,9.93957921431469,9.5352753766208,5.90689059560852,11.2467405984931,12.6733090755617,14.3300765547975,6.75488750216347,6.08746284125034,2.58496250072116,3.32192809488736,2,2.58496250072116,7.3037807481771,9.14465824283188,3.8073549220576,3.58496250072116,1,4.70043971814109,10.4777582664439,10.5698556083309,1,6.24792751344359,3.58496250072116,9.29920801838728,10.0714623625566,6.75488750216347,13.3387363825739,7.37503943134692,11.7657004876511,2.58496250072116,"1"
"TCGA.77.7140.01A",6.97727992349992,15.6088323389148,10.0633950812885,11.7347096202258,9.84235034341381,4.16992500144231,4.90689059560852,7.64385618977472,2,11.7673568541257,3,16.2681398960965,6.90689059560852,4.70043971814109,11.9693865213423,5.08746284125034,1,12.7743752728021,4,14.0547738772299,6.88264304936184,10.467605550083,8.876516946565,1,9.2807707701306,6.93073733756289,1,4.90689059560852,11.1636496760158,1,10.6882503091332,5.08746284125034,15.0113146252971,10.9395792143147,8.60733031374961,9.23840473932508,1,1,5.64385618977472,12.9162526988122,2.58496250072116,11.8392037880969,1,10.2784494582205,4.32192809488736,13.0623834918763,1,1,1,4,1,5.16992500144231,10.6724253419715,4.16992500144231,12.9621730311097,8.16992500144231,2,1,9.42206476617281,1,1,8.17990909001493,3.32192809488736,2,1,4.8073549220576,1,2,7.28540221886225,1,1,4.4594316186373,1,7.98868468677217,3.58496250072116,7.35755200461808,5.39231742277876,7.4093909361377,1,11.5924570372681,2,15.1621552664082,6.08746284125034,8.78790255939143,11.2772874001304,12.2354159356025,10.3509391815464,6.70043971814109,10.2667865406949,2,11.007027266894,10.103287808412,14.1830150008828,11.2106713437856,13.4123052049553,1,5.90689059560852,9.49984588708321,7.55458885167764,8.44294349584873,12.4019461239765,12.2609195336629,13.8239642584867,9.4797802640291,6.88264304936184,1,1,1,1,10.467605550083,12.0947375050481,6.78135971352466,3.58496250072116,1,1,11.2784494582205,9.50382573799575,1,4.16992500144231,9.3037807481771,11.5008418795569,8.98868468677217,6.83289001416474,12.179287104646,4.32192809488736,6.61470984411521,4.70043971814109,"1"
"TCGA.56.7730.01A",8.07681559705083,16.3293759112788,11.5401280385821,12.0613711926598,7.85798099512757,3.58496250072116,5.70043971814109,11.286557761608,4.16992500144231,11.8225708309502,6.20945336562895,17.7439008495138,7.32192809488736,5.75488750216347,12.6465587101545,4.90689059560852,10.2969162068793,12.9494619793602,5,14.7260052311286,8.8008998999203,9.96866679319521,7.8073549220576,7.71424551766612,11.7895336449704,6.88264304936184,4.32192809488736,5.90689059560852,12.7308946465417,4.70043971814109,8.90689059560852,8.60733031374961,11.3014961949825,12.5943246039248,10.8780509127285,2,2.58496250072116,1,9.4757334309664,13.7737573721398,7.74146698640115,10.5698556083309,2,12.2413873639989,1,13.5605716712366,2.58496250072116,1,5.32192809488736,9.49585502688717,1,10.283088353024,2,4.8073549220576,12.429406741514,14.11731842601,1,1,8.4178525148859,6.20945336562895,4.8073549220576,13.5218457751619,3.32192809488736,7.32192809488736,1,1,2,4.32192809488736,7.14974711950468,3.32192809488736,3.58496250072116,1,3.32192809488736,4.70043971814109,7.3037807481771,10.4958550268872,5,7.68650052718322,2,11.7262181593322,3,13.5282098966227,7.39231742277876,6.83289001416474,12.6759570329417,11.5859014496908,8.38370429247405,4.32192809488736,11.3630396302565,11.0781508077346,11.4522412404308,12.1446582428319,15.0864679934641,13.6893428461342,8.85798099512757,6.70043971814109,17.7299791424775,9.65463602852797,12.1312139050863,8.8073549220576,13.1873520732005,12.8324944843361,14.0342831309619,8.876516946565,6.85798099512757,5.4594316186373,3,1,7.39231742277876,7.82017896241519,13.135388651579,5.52356195605701,2.58496250072116,4.16992500144231,8.96578428466209,11.5526690975143,10.4878400338231,1,4.32192809488736,8.8703647195834,10.6969675262343,9.72109918870719,10.8313072438021,14.6754057758028,7.65821148275179,12.845097960973,3.32192809488736,"1"
"TCGA.94.7557.01A",7.28540221886225,13.9055750395627,11.3750394313469,1,8.33985000288462,3.32192809488736,4.70043971814109,10.2946207488916,2.58496250072116,1,4.90689059560852,17.3339414887594,1,7.5077946401987,11.9151324489507,4.70043971814109,1,13.5333297323058,5,13.6359447987887,7.32192809488736,10.0687782779854,7,1,9.90388184573618,5.24792751344359,5.4594316186373,8.36632221424582,12.0491678723722,2,9.58120058192496,4.70043971814109,14.53843146295,6.83289001416474,10.7665289085989,3,1,1,7.8073549220576,14.7511255833673,3.32192809488736,6.20945336562895,1,11.1761731491075,2.58496250072116,13.6880317024139,3.32192809488736,1,4.58496250072116,7.89481776330794,1,6.90689059560852,3,3,8.70043971814109,6.32192809488736,3.8073549220576,1,8.10852445677817,2.58496250072116,4.58496250072116,9.10852445677817,3.8073549220576,3.8073549220576,6.35755200461808,4,1,6.20945336562895,6.16992500144231,4.58496250072116,1,1,3.8073549220576,6,1,9.40514146313634,6.4594316186373,4,3,11.2395985292491,3.32192809488736,12.1363503414542,3.58496250072116,9.22881869049588,6.55458885167764,12.775198728898,1,2.58496250072116,6.75488750216347,10.958552715431,11.1623913287569,10.1497471195047,11.3275526440812,13.0798180852124,11.2155329997457,11.5698556083309,12.9918760990034,9.80413102118332,9.66888498426625,3.8073549220576,12.4782640315817,13.252369767926,13.8378250091967,9.62570884306447,4.16992500144231,2,1,2,1,4,10.1724275086455,2,1,1,3.32192809488736,10.5137275959524,8.20945336562895,7.39231742277876,5.58496250072116,7.2667865406949,6.70043971814109,7.2667865406949,3.8073549220576,12.4938554492408,5.85798099512757,6.24792751344359,2,"1"
"TCGA.33.4538.01A",6.93073733756289,15.8590494063556,10.4757334309664,12.602698865018,6.04439411935845,2,5.90689059560852,11.9858419370033,3.58496250072116,9.0389189892923,3.58496250072116,17.2325333522719,3.8073549220576,2,11.8564255286255,4.58496250072116,1,12.0084286220706,4.58496250072116,13.745884369142,3.58496250072116,6.95419631038687,5.64385618977472,7.14974711950468,12.1324997296285,6.20945336562895,2.58496250072116,7.44294349584873,12.2149261879424,2,7.32192809488736,6.8073549220576,12.1904420187828,9.27612440527424,8.48381577726426,2,1,1,7.49185309632967,13.0778171208959,6.16992500144231,9.56985560833095,1,10.8121773055144,2.58496250072116,13.2425786894513,7.83289001416474,1,1,3.58496250072116,1,5.52356195605701,2.58496250072116,5.16992500144231,13.1664769508168,13.9067027324608,12.1279943209764,3,6.08746284125034,2,6.49185309632967,7.16992500144231,3,2.58496250072116,1,3,2,6.88264304936184,6.49185309632967,3.58496250072116,1,1,1,8.78135971352466,6.08746284125034,7.14974711950468,1,6.4262647547021,2,11.5107641679179,1,13.5179153929159,9.97441458980553,8.34872815423108,11.4083297407674,12.3701424794954,9.2807707701306,5.32192809488736,8.39231742277876,7.8073549220576,10.631177055704,11.7287708495427,13.9012440324674,11.9964734887332,10.4635243732712,3.32192809488736,9.17492568250068,9.79116288855502,6.08746284125034,8.19967234483637,11.5216004397237,12.9726208620587,13.6209070958853,6.28540221886225,6.20945336562895,1,2.58496250072116,2,1,2,9.55074678538324,7.4594316186373,1,2,3,10.4898479604393,8.39231742277876,1,5,8.49984588708321,9.17990909001493,10.1163439612375,4.58496250072116,13.0714623625566,6.64385618977472,9.02790599656988,5.39231742277876,"1"
"TCGA.85.A4CL.01A",6.85798099512757,15.8988847595935,5.8073549220576,9.55842071326866,7.90689059560852,2,4.4594316186373,8.83289001416474,1,7.85798099512757,3,15.7032547337481,1,8.67948009950545,12.3072008091408,3,3.32192809488736,12.1522848423066,6.32192809488736,13.2963426846929,7.04439411935845,9.12412131182919,7.08746284125034,4,11.2842457498297,6.52356195605701,3,5.24792751344359,11.5304063370991,1,8.72109918870719,2.58496250072116,13.7279204545632,10.5961897561444,10.590587049915,1,3.32192809488736,1,6.04439411935845,15.0022876184011,6.90689059560852,5,1,10.5830827675029,1,12.0265234425198,1,1,2.58496250072116,5.08746284125034,1,8.11894107272351,5.52356195605701,2,8.61470984411521,8.12928301694497,2,1,6.4262647547021,2.58496250072116,3.8073549220576,6.64385618977472,1,4.32192809488736,1,3.58496250072116,1,6.61470984411521,5.70043971814109,1,2.58496250072116,1,2,2,3.32192809488736,5.85798099512757,6.28540221886225,4.58496250072116,2,10.7125270004398,2.58496250072116,12.1953722074027,7.56985560833095,6.64385618977472,11.8742129348309,11.2819300269554,8.79441586635011,6.08746284125034,8.49185309632967,3,10.9381093262192,10.868822554775,13.0751448440663,11.298062567719,12.0484868739923,4,7.4093909361377,9.15987133677839,4.8073549220576,6.20945336562895,12.0841440106151,12.2306209331299,13.109504215757,6.8073549220576,3.32192809488736,1,8.3037807481771,1,3.8073549220576,7.35755200461808,12.0667619323869,7.2667865406949,5.95419631038687,1,2,8.78135971352466,8.60733031374961,1,5.16992500144231,8.10852445677817,5.90689059560852,7.74146698640115,4.8073549220576,11.9061389961954,8.17990909001493,12.3668685861671,2.58496250072116,"1"
"TCGA.66.2727.01A",6,14.4496645384762,10.5468944598876,9.4797802640291,8.56224242422107,2,5,9.82654848729091,5,4.32192809488736,5.24792751344359,16.9027754934801,2.58496250072116,6.75488750216347,12.5357613779867,2.58496250072116,1,12.6270778405174,5,13.626849764469,9.64745842645492,7.4757334309664,7.62935662007961,4.8073549220576,8.56985560833095,4.90689059560852,6.49185309632967,6.52356195605701,11.0953970227926,2,9.70390357344466,2,14.008253527096,7.37503943134692,7.79441586635011,6.85798099512757,1,1,5.52356195605701,13.1996723448364,5.08746284125034,9.65105169117893,1,10.7665289085989,1,13.2030420555625,1,1,4,5,1,7.3037807481771,12.2076244682268,2,11.1433832139898,12.1324997296285,2.58496250072116,1,3,7.28540221886225,2.58496250072116,8.98299357469431,3,2,2,3,1,4.70043971814109,5.90689059560852,2,2.58496250072116,2,2,6.83289001416474,1,11.4542992936199,2.58496250072116,2.58496250072116,2,11.5068034377956,1,13.5102696708982,4.8073549220576,9.26209484537018,7.6724253419715,11.6917435191713,6.49185309632967,4.32192809488736,3.58496250072116,12.9266666293473,11.7073591320809,10.6899979714194,14.0239275771744,12.0633950812885,8.83920378809694,6.28540221886225,17.1875453888074,9.45532722030456,13.3624918060461,5.75488750216347,11.9447120610435,12.6339034093485,12.656871725614,6.88264304936184,4.16992500144231,1,1,1,3,7.5077946401987,7.78135971352466,2,2,1,7.5077946401987,10.6724253419715,10.7615512324445,1,4.32192809488736,1,8.91886323727459,6.20945336562895,5.16992500144231,14.2492616265998,6.20945336562895,7.52356195605701,1,"1"
"TCGA.22.5479.01A",7.56985560833095,14.4108488064055,6.75488750216347,10.3353903546939,8.88874324889826,2.58496250072116,6.08746284125034,10.2070143201775,2.58496250072116,10.1344263202209,1,16.5165926237206,4.32192809488736,1,12.4589192069676,3.58496250072116,1,12.9936460600166,3.32192809488736,12.6013065261218,6.32192809488736,8.67948009950545,8.21916852046216,7.79441586635011,9.96866679319521,5.24792751344359,4.32192809488736,8.68650052718322,11.9469062744564,1,7.83289001416474,5.32192809488736,15.1636496760158,10.1241213118292,8.98299357469431,1,1,1,6.4594316186373,13.2603315185576,1,8.6582114827518,1,10.5717526435035,1,12.7490313820402,8.65105169117893,1,3,6.12928301694497,1,6.49185309632967,5,2.58496250072116,11.8841705191084,13.0423433797937,11.2877123795494,4.16992500144231,8.27612440527424,3,4.16992500144231,8.07681559705083,2,5,1,2,2,4,6.04439411935845,3.32192809488736,1,1,1,8.4757334309664,8.70735913208088,7.3037807481771,6.64385618977472,7.04439411935845,3,10.1649069266757,1,13.894059846274,10.0223678130285,9.07681559705083,11.6174674652942,11.9943534368589,11.871135184243,7.39231742277876,8,4.90689059560852,10.7262181593322,10.6882503091332,15.2453298675309,11.9166259222112,10.7397806097733,5.52356195605701,4.90689059560852,9.51569983828404,4.8073549220576,3.58496250072116,11.2082343583398,12.6555307231556,12.5240519187178,3.8073549220576,8.59245703726808,2.58496250072116,3.58496250072116,1,1,2,8.71424551766612,7.98868468677217,2,1,1,10.2215871212648,9.38801728534514,1,3.58496250072116,6.58496250072116,11.523561956057,9.88569637333939,5.24792751344359,13.2106713437856,8.28540221886225,6.4262647547021,1,"1"
"TCGA.56.1622.01A",4.8073549220576,15.5032667344211,7.44294349584873,13.1595560280588,7.4093909361377,2.58496250072116,3,9.467605550083,1,4.8073549220576,3.58496250072116,17.6269780616829,5.16992500144231,9.3264294871223,11.9715435539508,10.7665289085989,2,14.1565571532,3.8073549220576,12.6443069615456,6.70043971814109,8.96000193206808,4.32192809488736,2.58496250072116,10.9957671508778,3.8073549220576,1,6.24792751344359,11.8368393597487,3.58496250072116,5.70043971814109,4,17.2366308839821,4,7.32192809488736,1,3,1,7.94251450533924,11.5545888516776,6.39231742277876,4.58496250072116,1,9.78463484555752,1,12.5347892114803,7.8073549220576,1,2,2,1,8.4594316186373,2,1,11.410451351504,7.52356195605701,8.12928301694497,2.58496250072116,9.19475685442225,3.32192809488736,4.16992500144231,9.52356195605701,2,1,2.58496250072116,1,3,4.70043971814109,7.10852445677817,3.32192809488736,2,1,1,5.4594316186373,2.58496250072116,8.876516946565,4.32192809488736,6.64385618977472,1,11.7673568541257,1,13.5565060546719,4,7.08746284125034,6.6724253419715,11.7465143211385,5.70043971814109,3.32192809488736,5.64385618977472,9.48381577726426,10.2240016741981,11.0237543532994,16.4942618378099,11.8703647195834,11.0848083878044,4.16992500144231,12.5788443915582,9.03342300153745,10.0848083878044,5.95419631038687,11.8742129348309,12.0801513096141,14.4956052311908,2,3.32192809488736,3.32192809488736,1,1,1,1,11.769011321097,5,1,1,4.16992500144231,10.7021726853655,6.6724253419715,1,3.58496250072116,6.32192809488736,8.3037807481771,6.35755200461808,6.88264304936184,12.1749256825007,5.32192809488736,8.97727992349992,4.16992500144231,"1"
"TCGA.22.4591.01A",6.39231742277876,16.6503786353977,12.5357613779867,3,5.58496250072116,3.8073549220576,6.12928301694497,11.0168082876866,3,1,6,16.7188539149106,2,5.58496250072116,12.7368246990989,3.32192809488736,2.58496250072116,14.0601892784634,3.58496250072116,13.6429542234803,9.60733031374961,10.6706562491184,8.70043971814109,9.75822321472672,8.69348695749932,7.22881869049588,6.4262647547021,5.90689059560852,12.2514824106202,1,8.4594316186373,3,12.4067364826917,8.15987133677839,10.539158811108,13.399010832952,1,1,6.12928301694497,13.1221809012598,6.20945336562895,10.5830827675029,2,10.5565060546719,1,11.5545888516776,4.16992500144231,1,4,4.8073549220576,1,8.99435343685886,1,1,12.0396045179538,8,4.32192809488736,2,9.20945336562895,5.75488750216347,3.58496250072116,6.61470984411521,3,2,2,2,1,3,7.20945336562895,1,2,1,1,6.24792751344359,2.58496250072116,11.2888660741658,8.04439411935845,3.32192809488736,2,11.2562086885274,6.93073733756289,11.7082217300384,1,4.70043971814109,3.8073549220576,11.8818787076004,2,1,3,12.4737057496194,11.9829935746943,10.8233672400462,11.6082548219779,12.8085620299575,11.6064052126978,7,16.7131716843148,9.65463602852797,13.3179778224071,5.16992500144231,13.1478408936723,13.399010832952,13.1085244567782,1,6.4594316186373,4.32192809488736,1,1,4.16992500144231,4.16992500144231,7.06608919045777,4,1,6.32192809488736,7.95419631038687,10.631177055704,7.52356195605701,1,5,9.9915218460757,9.18982455888002,6.20945336562895,3,14.554109152574,6.04439411935845,10.612868497291,3.8073549220576,"1"
"TCGA.77.6844.01A",7.75488750216347,16.0621304836553,10.0660891904578,13.3328757311527,4.8073549220576,2,6.78135971352466,12.8672787397097,2.58496250072116,3,6.55458885167764,17.3078233850107,2,6.20945336562895,11.7047682393626,8.38370429247405,1,15.2149261879424,5.32192809488736,13.1059085085712,8.03342300153745,9.92481250360578,8.79441586635011,4.16992500144231,5.52356195605701,2,3.8073549220576,5.39231742277876,12.6559778624869,1,10.5176693881338,1,14.7796167707909,9.97154355395077,11.1935253605012,1,1,1,6.4262647547021,15.2895146221834,6.35755200461808,4.8073549220576,1,12.1541852092653,2,12.0907740546408,3.32192809488736,1,4.4594316186373,4.58496250072116,1,5.64385618977472,12.8427431807317,3.58496250072116,13.4767462039395,7.93073733756289,9.63662462054365,1,7.37503943134692,4.8073549220576,3.58496250072116,8.44294349584873,1,1,2.58496250072116,5.32192809488736,1,2,8.81378119121704,7.3037807481771,2,1,2.58496250072116,5.39231742277876,7.59991284218713,9.92481250360578,5.08746284125034,3.58496250072116,2,10.7397806097733,1,14.8543814304623,4.70043971814109,9.2807707701306,5.70043971814109,12.3869402453243,3.58496250072116,4.4594316186373,6.32192809488736,10.9943534368589,10.3706874068072,11.2021238238305,15.8305647220195,12.4655664048094,14.093417564388,5.95419631038687,16.28116936974,10.0901124196643,11.2057932493972,8.52356195605701,12.3761253892762,12.5201275503249,14.2357150947619,5.16992500144231,6.4262647547021,5.16992500144231,2,1,4,2,6.52356195605701,4.32192809488736,1,1,5.95419631038687,10.7125270004398,7.79441586635011,1,6.7279204545632,3,9.93663793900257,10.2021238238305,3.58496250072116,14.4047424325596,6,7.16992500144231,4.8073549220576,"1"
"TCGA.22.5477.01A",7.35755200461808,15.4786432391121,12.5328429109613,7.04439411935845,6.39231742277876,2.58496250072116,7.3037807481771,8.67948009950545,2,3.32192809488736,5.16992500144231,18.6791570513974,9.16490692667569,7.44294349584873,12.9851303734669,5,5.95419631038687,13.6646694940272,3.8073549220576,14.2369111114446,8.4594316186373,9.5077946401987,10.0334230015375,11.0168082876866,12.116993677547,7.20945336562895,5.70043971814109,7.2667865406949,12.298062567719,4.32192809488736,10.5018371849023,3,13.8231681789847,12.2691266791494,10.8328900141647,13.333434915284,1,1,6.6724253419715,12.6882503091332,8.35755200461808,12.8929222236306,1,12.1823943534045,2,11.6829945836817,5.85798099512757,1,2.58496250072116,4.70043971814109,1,6.12928301694497,1,1,13.4971033570169,8.78135971352466,7.10852445677817,3.8073549220576,7.62935662007961,5.08746284125034,5.8073549220576,10.9188632372746,3.32192809488736,1,2,2,1,2,5,5.08746284125034,3,1,2,5.24792751344359,3.32192809488736,10.8780509127285,3.58496250072116,6.4262647547021,1,11.2479275134436,2.58496250072116,11.8241632097442,2,5.24792751344359,4.4594316186373,12.72366094441,5.08746284125034,1,6,10.7004397181411,11.6384359139905,11.4157417682901,15.4653113088772,12.4757334309664,7.08746284125034,7.64385618977472,16.1438216322666,10.1598713367784,11.7364019313183,4.58496250072116,13.4704046770656,12.7553048882624,15.1824719489426,5.16992500144231,8.82654848729091,3.32192809488736,1,1,1,8.27612440527424,9.62205181945638,6.20945336562895,2,3,7.4757334309664,11.8169836232554,11.9943534368589,3.32192809488736,3.8073549220576,6,12.5835529304665,5.24792751344359,5.75488750216347,14.1389117181427,8.2667865406949,11.6829945836817,4.16992500144231,"1"
"TCGA.NC.A5HL.01A",4.90689059560852,9.45532722030456,9.29920801838728,3.58496250072116,4.4594316186373,1,3,8.49185309632967,5.39231742277876,2.58496250072116,7.94251450533924,17.0950260811599,6.12928301694497,1,10.6017707884077,4.4594316186373,1,11.6917435191713,3,12.5483402876761,6.85798099512757,7.97727992349992,6.58496250072116,4.4594316186373,9.58496250072116,6.93073733756289,5.52356195605701,6.04439411935845,12.4398308839814,1,10.1823943534045,3.32192809488736,11.6293566200796,10.8826430493618,11.6626683755175,7.20945336562895,2.58496250072116,1,6.6724253419715,15.1915219381281,2,2,1,11.5028318040667,1,11.5304063370991,2,1,3.58496250072116,2,1,6.28540221886225,2,3.8073549220576,11.8841705191084,8.40087943628219,3.8073549220576,1,6.04439411935845,4,4.70043971814109,12.4833119549994,3,1,3,2.58496250072116,1,3.58496250072116,6.4594316186373,3.32192809488736,3,1,2,3.8073549220576,3.58496250072116,7.70043971814109,3,1,3,10.6147098441152,1,13.3920490393642,1,6.95419631038687,6.85798099512757,10.7448338374995,5.52356195605701,1,5.16992500144231,10.1922928144708,11.2215871212648,11.2106713437856,11.7515440590891,12.3123157466901,6.04439411935845,4.4594316186373,14.4759866908707,8.73470962022584,9.43462822763673,7.91886323727459,12.5957236941016,13.801304186049,12.6506030222153,7.16992500144231,5.08746284125034,1,4.70043971814109,1,2,6.95419631038687,7.6724253419715,5.32192809488736,3.32192809488736,1,4.90689059560852,10.3597495603223,5.70043971814109,2,6.35755200461808,5.52356195605701,8.91288933622996,5.8073549220576,5.32192809488736,11.0182001788132,6.70043971814109,13.9140113285413,1,"1"
"TCGA.L3.A524.01A",7.08746284125034,15.3813401593313,9.05528243550119,9.7176764230664,6.70043971814109,3.8073549220576,4.70043971814109,12.7039035734447,3.58496250072116,4.32192809488736,3,17.5327820467412,2,1,12.0251395622785,5.58496250072116,2,13.9858419370033,2,13.2273150999055,5,9.55842071326866,6.24792751344359,7.33985000288462,11.5555477716471,4.8073549220576,1,3.58496250072116,10.8917837032183,1,10,4.32192809488736,13.7456743240021,12.2246046815385,10.2215871212648,4.16992500144231,1,1,4.32192809488736,12.5211096436513,5.16992500144231,8.12928301694497,1,10.9701058906122,1,13.3012103712984,3.32192809488736,1,2.58496250072116,2,1,10.5449644327892,1,7.74146698640115,11.5877775163282,13.7202442582876,1,1,3.32192809488736,1,6.70043971814109,6.85798099512757,3,1,1,1,1,4.32192809488736,5.16992500144231,1,4.32192809488736,3,1,5.90689059560852,6.7279204545632,7.49185309632967,1,1,1,11.958552715431,1,12.2526654324502,6.16992500144231,5.39231742277876,7.78135971352466,11.5166849493096,5.70043971814109,4,9.30833903013941,4,10.1472049249422,11.4594316186373,11.0552824355012,11.2348174311173,5.64385618977472,3,4.90689059560852,8.4093909361377,3,10.2644426002266,11.9053870050181,11.5107641679179,12.4903495057393,3,6.32192809488736,3.32192809488736,2.58496250072116,1,3.8073549220576,5.58496250072116,10.2021238238305,4.16992500144231,3,2,3,9.98299357469431,8.13955135239879,1,2,4.70043971814109,9.6582114827518,8.61470984411521,7.76818432477693,12.1163439612375,6.70043971814109,11.6952282914958,1,"1"
"TCGA.77.8128.01A",6.49185309632967,13.7938064914558,9.07681559705083,11.9121408562957,10.2877123795494,3.32192809488736,6.83289001416474,9.34429590791582,1,6.8073549220576,3,18.0005612421901,6.16992500144231,2.58496250072116,12.6156296369681,8.12928301694497,1,13.7385145324293,4,12.8575922856975,5.90689059560852,9.78463484555752,8.38370429247405,9.08746284125034,11.5077946401987,5.39231742277876,3,7.08746284125034,12.5493033685136,1,8.59991284218713,2,14.697076158819,8.18982455888002,10.1059085085712,4.70043971814109,1,1,7.96578428466209,12.5211096436513,3.32192809488736,10.2336196767597,1,9.85486838326024,1,13.2131042196419,3.32192809488736,1,3,1,1,7.56985560833095,2,4.70043971814109,12.103287808412,12.179287104646,1,1,6.39231742277876,2,4.4594316186373,6.97727992349992,4.90689059560852,3.32192809488736,2.58496250072116,1,1,7.32192809488736,7.06608919045777,1,4.4594316186373,1,1,7.32192809488736,4.16992500144231,8.7279204545632,3.32192809488736,7.85798099512757,2,11.1279943209764,2,13.6382096266336,4.90689059560852,7.37503943134692,11.677719641641,11.4062050054189,11.981567281903,5.32192809488736,8.88264304936184,3.32192809488736,11.2008986050384,10.9410476063406,14.9414144709429,12.4393114618188,7.82017896241519,2,8.60733031374961,9.33091687811462,5.24792751344359,9.87958324961278,12.5745935273376,12.8707500033461,13.3227731764546,3.58496250072116,9.33539035469392,1,3,1,1,3,10.6759570329417,8.58496250072116,1,3.8073549220576,2,9.85798099512757,9.20945336562895,1,4.32192809488736,7.08746284125034,10.8517490414161,9.33091687811462,7.44294349584873,12.1598713367784,5.24792751344359,10.7210991887072,6.32192809488736,"1"
