"","TNS4","LY6D","LINC00887","MTRF1LP2","ZNF736P9Y","IGF2BP3","CRNN","MYEOV","KRT37","IQCM","CLCA4","IRS1","LINC01583","WSCD2","MRAP2","LINC02605","SMILR","PITX1","CST1","SPDYC","LRRK2","LSG1","SLC5A12","CAV1","LINC01910","SIM2","CAMK2B","HOXC8","GJB6","C7","AKR1C7P","CEL","APC","MAGI2","LINC02301","KRT17P3","KLF2","LINC01967","LAMA1","AFP","LINC01615","SLC51B","TRPC4AP","SLCO1B1","STRA6","MIR2052HG","PPFIA4","ELANE","PCAT7","C14orf39","DIRC3","OR5T1","BCAR1","MLNR","LINC01748","SLC25A24P1","PCNPP3","GPIHBP1","CNTNAP4","IGSF1","LOXHD1","MESTP1","MRC1","PDE10A","GABRP","DIPK1C","FAM83A","LINC02167","H2AC14","CSAG3","LARGE2","CENPIP1","LINC02360","MMP20","PITX2","C7orf33","ALDH3B1","UQCRBP2","MAGEA10","RBMY1KP","TLX3","BOLL","GPRC5A","GTSF1","LINC02315","EPHA6","LINC00942","APLN","BAIAP2L2","RFPL4AP6","H2BC9","ZIC3","AK4","CASC19","EPHA7","COL9A3","CSN1S1","BTNL9","CLPSL1","CA4","GJB2","CLCA2","LINC01698","INA","GRIN2D","TRIO","FBN2","LINC02763","EVX2","ALG1L","PARPBP","FOSB","LINC00488","LINP1","IL19","CNFN","ALG1L3P","KREMEN2","CRYBA2","ABCC5","ABCC2","A2ML1","ABCA3","KCNV1","GNG4","OTOP2","SLC6A5","LINC01639","GKN2","CENPI","DSEL","PRORY","RPL26P13","KLK12","DMRT3","status"
"TCGA.77.7142.11A",7.44294349584873,3,2,1,1,5.95419631038687,2,3.8073549220576,1,1,3,11.7540523675289,1,6.58496250072116,7.33985000288462,7.24792751344359,1,3.32192809488736,2.58496250072116,1,15.6108518295732,11.7355560239115,4.16992500144231,17.6987453559258,2,7.68650052718322,3.8073549220576,5.8073549220576,3,15.4630772933249,4,5.32192809488736,12.7052003780631,10.3706874068072,1,1,12.1730524577741,1,7.8703647195834,2,2,8.84549005094437,13.2395985292491,1,4.4594316186373,2.58496250072116,6.4262647547021,4,1,2.58496250072116,5.70043971814109,1,11.8603110549195,2,2.58496250072116,1,2,11.5859014496908,2.58496250072116,4.70043971814109,7.8073549220576,2,15.3431163000443,9.73809225962049,7.02236781302845,1,6.35755200461808,1,1,1,8.59991284218713,1,6.88264304936184,1,1,1,14.0496784102864,2,1,1,1,1,17.4401229767863,5.95419631038687,5.08746284125034,5.24792751344359,2,10.8795832496128,5.52356195605701,1,2,1,10.4817994316658,1,6.16992500144231,6.12928301694497,1,13.1503819688178,1,12,8.58496250072116,4.4594316186373,1,2.58496250072116,6.93073733756289,13.3049216695817,6.32192809488736,2.58496250072116,1,3.58496250072116,7.52356195605701,14.173208652766,1,4.4594316186373,2.58496250072116,5.64385618977472,1,3.8073549220576,1,11.2632692003727,6.35755200461808,3.58496250072116,15.9481846928306,3.58496250072116,4.90689059560852,1,1,1,11.9607259948391,6.20945336562895,11.0848083878044,1,2,2,2,"0"
"TCGA.85.8049.01A",13.3017819620511,12.1305705628054,4.8073549220576,2.58496250072116,5.52356195605701,10.3398500028846,3.8073549220576,11.57931593758,2,3,6.64385618977472,12.4742129371939,3.58496250072116,7.89481776330794,10.7944158663501,5.24792751344359,4,11.5449644327892,9.21431912080077,3,9.90086680798075,12.4898479604393,5.24792751344359,12.2562086885274,3.58496250072116,9.11374216604919,5.39231742277876,6.88264304936184,12.3331553503106,12.8029201985853,7.49185309632967,9.43879185257826,11.5555477716471,9.2240016741981,5.52356195605701,7.12928301694497,11.7397806097733,3,14.5605716712366,2.58496250072116,6.64385618977472,5.90689059560852,13.1563991448716,1,12.61194694182,3.58496250072116,8.78135971352466,4.70043971814109,6.52356195605701,4,6.55458885167764,1,12.7862696276485,3,6.16992500144231,1,1,7.39231742277876,4.16992500144231,6.6724253419715,5.85798099512757,2.58496250072116,11.8634119589416,8.76818432477693,10.7927902943011,6.28540221886225,11.7673568541257,1,2,5.39231742277876,12.3799198176465,1,1,2.58496250072116,4.58496250072116,1,12.0396045179538,2,2.58496250072116,1,4.90689059560852,2,12.3426302986784,5.32192809488736,5.58496250072116,2.58496250072116,12.9004894848346,8.61470984411521,7.24792751344359,1,4.4594316186373,1,11.2021238238305,5.32192809488736,6.97727992349992,9.2240016741981,2,8.62935662007961,1,3.32192809488736,14.5148373139994,13.2752515434703,1,5.32192809488736,8.98299357469431,13.3949985145017,9.60362634498619,1,1,9.57742882803575,9.55074678538324,14.8438229321309,1,5.4594316186373,4.90689059560852,11.0914353863236,3,8.4594316186373,1,14.1972166931101,9.36632221424582,14.0665937763123,10.9483672315847,2,12.2015113445001,2.58496250072116,2,3.8073549220576,2,9.04439411935845,8.36632221424582,1,3,8.11894107272351,6.04439411935845,"0"
"TCGA.34.8454.11A",7.08746284125034,5.70043971814109,3.32192809488736,1,1,5.8073549220576,2.58496250072116,5,2,1,6.85798099512757,12.2479275134436,2.58496250072116,7.82017896241519,7.55458885167764,5.8073549220576,2.58496250072116,5.08746284125034,3,2,14.5070513022479,11.4553272203046,4,17.102631888855,1,6.7279204545632,6.08746284125034,5.64385618977472,6.61470984411521,13.7064960180612,3,4.32192809488736,12.0402897210257,10.5372184005386,1,1,13.2653220242349,1,6.28540221886225,1,4,9.1548181090521,13.0199381564248,1,8.62205181945638,1,7.12928301694497,5.90689059560852,4.4594316186373,3,5.24792751344359,1,13.0707918094231,2,3.32192809488736,2.58496250072116,2,12.5328429109613,5.70043971814109,6.04439411935845,8.03342300153745,2,13.9070784342965,8.58496250072116,6.24792751344359,3.32192809488736,4.70043971814109,1,1,2.58496250072116,9.24317398347295,1,2,1,2,1,13.7982692749497,1,3.32192809488736,1,2,2,16.4352470256772,8.44294349584873,4.16992500144231,4,3.32192809488736,12.7992816215219,5.95419631038687,1,2.58496250072116,1,10.0606959316876,1,7.62935662007961,8.88264304936184,1,12.344850683943,1,12.5844927969759,8.61470984411521,7.82017896241519,1,3,7.12928301694497,13.2775780024157,8.61470984411521,2.58496250072116,1,4.8073549220576,7.12928301694497,14.3797844740524,1,2.58496250072116,2.58496250072116,4.4594316186373,2,3.58496250072116,1,11.5840229402575,6.16992500144231,4,15.8197799318385,2.58496250072116,7.14974711950468,1,2,1,12.1465686757408,6.61470984411521,10.2946207488916,1,1,3.8073549220576,2.58496250072116,"0"
"TCGA.66.2785.01A",14.1703945523141,16.4744981518676,7.4093909361377,4.8073549220576,1,10.8641861446543,1,7.53915881110803,1,3,6.20945336562895,9.3037807481771,1,3.8073549220576,4.16992500144231,6.85798099512757,1,12.6882503091332,8.03342300153745,10.4532706340106,10.3987436919382,12.6470086384416,8.38370429247405,11.5038257379958,3.8073549220576,9.08214904135387,8.70735913208088,8.24792751344359,8.8073549220576,10.2714630279044,3.32192809488736,10.6635581042173,10.6564248632778,7.32192809488736,3.58496250072116,9.59245703726808,10.8233672400462,2.58496250072116,9.467605550083,1,5.08746284125034,5.39231742277876,14.292321632802,6.7279204545632,11.2562086885274,5,9.34429590791582,5.08746284125034,4.16992500144231,3.32192809488736,6.39231742277876,1,12.4645457503339,4.58496250072116,8.83920378809694,7.88264304936184,1,5.70043971814109,3,9.64024493622235,4.32192809488736,3.58496250072116,10.5018371849023,10.667111542075,9.5352753766208,3,13.3539738218182,2,4,7.35755200461808,12.1124395067816,1,1,3.58496250072116,3.32192809488736,2.58496250072116,12.7013064619586,7.78135971352466,11.3083390301394,1,1,3,13.5030803517529,10.7210991887072,8.24792751344359,3.32192809488736,5.32192809488736,8.6582114827518,9.63662462054365,1,9,1,10.5980525001616,2,1,6.88264304936184,1,10.2667865406949,7.65821148275179,4.32192809488736,13.1777309670333,9.5352753766208,4.90689059560852,5.58496250072116,8.44294349584873,12.3420746679991,6.88264304936184,1,3,9.66177809777199,10.6917435191713,12.1724275086455,2.58496250072116,3.58496250072116,4.16992500144231,9.92184093707449,5.52356195605701,10.3106127816595,2,11.7355560239115,6.39231742277876,15.6540765624951,13.6467836918378,2,8.35755200461808,2,1,1,6.32192809488736,9.12928301694497,7.4262647547021,1,3,1,1,"0"
"TCGA.43.6143.11A",8.11894107272351,5.58496250072116,3.58496250072116,1,3,6.24792751344359,4,5.90689059560852,1,1,6.24792751344359,12.0647427647503,3.32192809488736,7.74146698640115,6.95419631038687,5.4594316186373,1,5.85798099512757,4.90689059560852,2,15.9743697737814,12.1667907507182,2.58496250072116,16.2905588922483,2.58496250072116,7.08746284125034,6.12928301694497,6.8073549220576,6.28540221886225,17.6082692627192,3.32192809488736,5.32192809488736,12.5008418795569,10.8872206154684,2,1,13.527965641134,1,8.34872815423108,4,3.32192809488736,8.73470962022584,13.9149456560403,1,7.58496250072116,1,7.12928301694497,7.08746284125034,3.58496250072116,2.58496250072116,6.28540221886225,1,13.1617617433047,4,2,2.58496250072116,1,12.0251395622785,3.58496250072116,6.88264304936184,7.08746284125034,2,16.2203783276952,10.0168082876866,7.39231742277876,3.58496250072116,7.3037807481771,1,2,1,9.98013957763916,1,5.8073549220576,1,1,1,14.2360141919001,1,3,3.58496250072116,1,2,16.6358881325132,7.49185309632967,5.4594316186373,4.58496250072116,3.32192809488736,10.8641861446543,5.85798099512757,1,2,2.58496250072116,10.3106127816595,1,6.52356195605701,8.3037807481771,1,11.0028150156071,2,10.9643408677924,8.91288933622996,6.49185309632967,1,4.16992500144231,8.08746284125034,13.6724253419715,7.8703647195834,1,1,6.4262647547021,7.83289001416474,15.1045168543823,1,5.16992500144231,3.32192809488736,6.04439411935845,2,4.32192809488736,2,12.0606959316876,6.85798099512757,4.70043971814109,16.8937992203062,3,7.39231742277876,2,1,1,12.357002092265,6.28540221886225,10.5641494899857,1,1,2.58496250072116,2.58496250072116,"0"
"TCGA.56.A4ZJ.01A",13.2839564876651,10.6293566200796,5.08746284125034,3.32192809488736,1,8.39231742277876,1,7.2667865406949,5.08746284125034,1,10.5641494899857,13.8077574035893,3,6.49185309632967,7.76818432477693,5.95419631038687,2.58496250072116,12.3049216695817,12.7586396370246,1,14.3226323638986,12.7004397181411,4,14.3770749323772,2,9.49185309632967,5.52356195605701,8.11894107272351,11.3264294871223,13.2732128098543,3.32192809488736,6.70043971814109,11.0874628412503,10.9008668079807,3.32192809488736,7.4594316186373,11.9822806045583,1,11.3185428097027,3,5.8073549220576,6.35755200461808,13.8107724413447,1,10.7927902943011,5.58496250072116,8.65105169117893,5.39231742277876,3.8073549220576,3.8073549220576,8.84549005094437,1,13.7817695118631,2,3.58496250072116,1,2.58496250072116,9.81378119121704,4.8073549220576,7.4757334309664,6.64385618977472,2,13.8207773014191,7.68650052718322,7.4757334309664,3,13.3320365483617,1,2,1,12.2761244052742,1,1,1,4,1,12.1554507313121,1,3.58496250072116,1,1,3.32192809488736,14.7178905839873,7.22881869049588,2,3,5.39231742277876,9.2336196767597,8.33985000288462,2,5.52356195605701,1,11.3026389237876,3.32192809488736,5.32192809488736,6.24792751344359,2,10.467605550083,2.58496250072116,8.71424551766612,13.7590559391602,15.6807441030124,1,6.64385618977472,8.32192809488736,15.2850409218628,9,3.58496250072116,2.58496250072116,7.68650052718322,8.66533591718518,13.2446611447642,1,8.24792751344359,3,7.4093909361377,1,10.1623913287569,2,14.102631888855,5.95419631038687,7.94251450533924,15.8361983263098,3.32192809488736,5.85798099512757,1,3.32192809488736,1,9.62935662007961,8.48381577726426,9.24317398347295,1,6.08746284125034,4.16992500144231,6.4262647547021,"0"
"TCGA.70.6722.01A",15.970285676897,15.6021768953888,6.32192809488736,3,5.24792751344359,13.5394011790281,4.32192809488736,11.963618617444,1,2,9.76818432477693,13.43410692861,3,4.70043971814109,5.16992500144231,7.12928301694497,3,11.8217739819706,11.2008986050384,1,12.6591039634737,13.424953571261,3.32192809488736,16.3555575742594,3.32192809488736,7.95419631038687,13.3987436919382,7.08746284125034,12.3880172853451,11.8407779235951,5.24792751344359,10.3487281542311,12.4812949046311,9.40087943628218,3.32192809488736,5.8073549220576,10.2526654324502,1,9.86727873970966,3.8073549220576,6.93073733756289,5.90689059560852,13.9470889750254,3.8073549220576,10.6794800995054,3.58496250072116,7.28540221886225,4,6.4594316186373,3.32192809488736,6.6724253419715,1,15.01733040424,3,7.62935662007961,3.58496250072116,3.8073549220576,6.85798099512757,6.32192809488736,8,6.58496250072116,3.58496250072116,13.6227382178711,12.1440208692669,15.0175044011094,1,14.5268659793938,1,3.58496250072116,7.52356195605701,13.0515488384404,3,1,3.32192809488736,4.32192809488736,3.32192809488736,12.0967151544885,2.58496250072116,2,2,1,3,15.7995851870235,11.6564248632778,9.02236781302845,4.70043971814109,7.62935662007961,11.7108064336994,6.90689059560852,1,4.16992500144231,1,14.9762956067956,2,5.95419631038687,13.8011020571463,1,5.58496250072116,2,5.70043971814109,15.6540765624951,16.5844634354136,2,4.32192809488736,9.46352437327118,14.8843613391657,13.6965329140783,1,1,9.30833903013941,10.1749256825007,12.9989429514431,1,9.37068740680722,4.16992500144231,6.4262647547021,5.4594316186373,13.3947306294316,1,12.3331553503106,5.39231742277876,14.3154326379054,13.8982234712156,4,9.69696752623429,2,2,1,5.52356195605701,10.3509391815464,9.43879185257826,1,3,2.58496250072116,2,"0"
"TCGA.22.5471.11A",9.46352437327118,3.32192809488736,2,1,1,5.24792751344359,1,3,1,1,4.58496250072116,11.7039035734447,1,7.55458885167764,8.29462074889163,6.93073733756289,1,7.52356195605701,6,2.58496250072116,15.2830159848847,11.9578275608337,2,17.0145218034409,2,7.18982455888002,3.8073549220576,2,1,14.2854022188622,4.90689059560852,6.97727992349992,12.1823943534045,10.8978454560055,1,1,14.2409403632081,1,7.7279204545632,1,3,9.4757334309664,13.635718120331,1,5.39231742277876,2,6.20945336562895,6.35755200461808,4.32192809488736,3.32192809488736,5.08746284125034,1,13.2682495719945,2.58496250072116,1,2,1,13.6906527993485,2.58496250072116,5.58496250072116,8.31288295528435,1,15.8939176924919,7.98868468677217,8.02236781302845,3,6.8073549220576,1,2,1,9.94836723158468,1,2,1,2.58496250072116,1,15.0844762374539,1,1,3,1,2,17.6890015171902,7.35755200461808,4.4594316186373,2,3.32192809488736,11.3987436919382,4.8073549220576,1,2,1,8.99435343685886,1,7.18982455888002,4.8073549220576,1,12.5636729598275,1,11.9901039638575,7.04439411935845,8.78135971352466,1,3.8073549220576,7.56985560833095,13.4655664048094,5.39231742277876,1,1,7.49185309632967,6.75488750216347,18.0204916970333,1,3.58496250072116,1,5.64385618977472,2,4.58496250072116,1,11.1560830762887,6.08746284125034,4.32192809488736,17.164474870331,3,5.16992500144231,1,1,1,12.655083445198,5.90689059560852,10.1724275086455,1,1,4.58496250072116,5,"0"
"TCGA.60.2720.01A",13.8227699744443,10.868822554775,5.39231742277876,2,1,7.96578428466209,3.32192809488736,6.8073549220576,2,4.70043971814109,9.54303182025524,10.6688849842662,2,7.52356195605701,10.243173983473,5.58496250072116,4,11.1761731491075,13.3379006028609,3.58496250072116,10.7364019313183,11.9483672315847,9.27612440527424,13.1727400170494,3,9.54689445988764,9.25266543245025,8.54689445988764,12.2191685204622,12.2467405984931,2,10.1674181458317,9.55458885167764,8.35755200461808,1,5.95419631038687,9.63299519714296,1,11.4491486453754,1,7.52356195605701,5.4594316186373,13.2740869056344,3,11.8641861446543,2.58496250072116,8.27612440527424,4,5.90689059560852,7.22881869049588,7.22881869049588,1,13.2772874001304,3.32192809488736,7.8703647195834,4.58496250072116,3,7.91886323727459,4.58496250072116,8.11894107272351,3.8073549220576,2.58496250072116,10.4346282276367,9.31741261376487,7.71424551766612,7.14974711950468,13.4668412083216,3.58496250072116,2.58496250072116,2.58496250072116,13.4642904738508,1,1,3.8073549220576,6.35755200461808,3,10.1573469353628,1,1,1,8.69348695749932,1,14.3987436919382,4.32192809488736,1,1,5.16992500144231,10.0901124196643,10.4655664048094,1,7.37503943134692,1,11.7673568541257,2.58496250072116,5.39231742277876,10.7465143211385,1,8.11894107272351,6,5.24792751344359,15.215912127554,15.6729225087242,3,9.31288295528435,9.95128471496697,12.6591039634737,8.70735913208088,4,1,9.86418614465428,8.8008998999203,12.8233672400462,1,6.16992500144231,5.4594316186373,9.81698362325538,2,10.7021726853655,5.52356195605701,11.8209766926212,4.58496250072116,9.6724253419715,12.5593770905267,3.58496250072116,11.3531468254981,3,2.58496250072116,1,6.75488750216347,8.17990909001493,7.5077946401987,1,4.16992500144231,4.58496250072116,4,"0"
"TCGA.77.8130.01A",14.8469594400114,11.8057438721516,4.8073549220576,2,7.10852445677817,8.69348695749932,4,4.90689059560852,3,1,9.14465824283188,12.7719020806977,2.58496250072116,7.78135971352466,5.16992500144231,4,5.16992500144231,11.4439795426013,9.92184093707449,1,9.50382573799575,11.5764843467969,3.58496250072116,16.3058480043149,1,9.53915881110803,4.8073549220576,6.4594316186373,12.6411485974112,12.3559016383284,2.58496250072116,4.58496250072116,10.3128829552844,8.23840473932508,2,8.21916852046216,8.22881869049588,2,11.7515440590891,1,9,4,12.929258408637,1,8.10852445677817,3.8073549220576,8.14974711950468,2,5,1,6.78135971352466,1,13.1124395067816,1,3,1,1,3,3,6.6724253419715,2,1,8.77478705960117,7.56985560833095,7.12928301694497,8.85174904141606,13.5555477716471,6.6724253419715,2,2,12.1228279948077,1,2,4.32192809488736,3,1,10.2360141919001,1,2,1,1,2,13.2398968224459,3,7.32192809488736,1,4.32192809488736,11.4655664048094,10.5622424242211,1,7.32192809488736,1,12.4868350215631,2,2.58496250072116,9.55074678538324,1,4.90689059560852,1,2.58496250072116,15.4692602360054,15.8798225302995,4.4594316186373,3.32192809488736,9.85486838326024,14.1557669384457,9.74146698640115,1,1,8.48381577726426,7.56985560833095,11.7304701371842,1,5.08746284125034,3.32192809488736,13.0157634873699,2.58496250072116,7.8703647195834,2.58496250072116,11.1823943534045,4.32192809488736,14.3484515374071,11.5430318202552,2.58496250072116,7.91886323727459,7.16992500144231,1,1,3.58496250072116,7.49185309632967,8.49984588708321,1,3.58496250072116,8.48381577726426,2.58496250072116,"0"
"TCGA.77.A5G1.01A",14.1037795524516,8.43462822763673,5.85798099512757,2.58496250072116,7.2667865406949,7.74146698640115,1,5.70043971814109,1,1,3.8073549220576,12.5323559252888,3.8073549220576,7.82017896241519,9.48784003382305,5.95419631038687,5.08746284125034,10.9395792143147,6.35755200461808,1,12.2008986050384,13.6763978870448,8.39231742277876,16.1820063130996,5.85798099512757,8.52356195605701,9.04439411935845,9.02790599656988,12.075479149488,12.6515002206527,3.8073549220576,4.32192809488736,11.5708044377245,8.45121111183233,3,7.4594316186373,9.467605550083,1,11.2348174311173,1,8.62935662007961,6.49185309632967,13.7494504655699,2.58496250072116,10.3750394313469,4.4594316186373,7.75488750216347,2.58496250072116,2.58496250072116,1,5.24792751344359,1,13.5198819224974,2.58496250072116,7.5077946401987,1,1,6.52356195605701,1,8.65105169117893,3.8073549220576,3.32192809488736,10.8265484872909,6,6.97727992349992,2.58496250072116,13.1777309670333,2,3.32192809488736,5.58496250072116,14.3931222735895,1,1,4.58496250072116,2.58496250072116,2,10.4512111118323,1,6.08746284125034,1,1,1,15.0983611273321,11.9950604670327,8.33985000288462,1,6.70043971814109,9.29462074889163,9.22881869049588,1,7.78135971352466,1,13.4512111118323,3.58496250072116,4.32192809488736,9.12928301694497,1,7.4594316186373,2,5.75488750216347,15.1638068922794,16.2998876996698,1,3.58496250072116,12.0140204703149,14.8396958899678,7.37503943134692,1,1,9.2336196767597,9.00562454919388,12.0091287895393,1,5.16992500144231,2.58496250072116,10.8734441125154,2,9.17990909001493,3,12.7817695118631,6,10.3597495603223,13.1567151442247,1,9.58496250072116,2,2,1,6.78135971352466,9.78463484555752,7.6724253419715,1,3.58496250072116,2.58496250072116,1,"0"
"TCGA.56.7823.11A",9.43462822763673,4.16992500144231,3,1,1,8.12928301694497,1,4.32192809488736,1,1,2,11.4635243732712,2,5.90689059560852,7.52356195605701,8.45121111183233,1,7.22881869049588,4.4594316186373,2.58496250072116,16.0464845802096,12.1318569606088,3.58496250072116,17.1948145549152,2,6.55458885167764,4,5,4,13.8488185203172,4.4594316186373,5.70043971814109,12.3111806600534,10.2667865406949,1,2,11.7657004876511,1,9.49585502688717,1,4.16992500144231,8.467605550083,13.5882461520448,1,5.90689059560852,1,6.95419631038687,5.08746284125034,4,3.8073549220576,5,1,13.678820179524,3,2.58496250072116,1,1,12.8008998999203,1,4.58496250072116,10.2691266791494,3.32192809488736,16.4403501192006,9.01680828768655,8.12928301694497,2,6.61470984411521,1,2,2.58496250072116,9.48381577726426,1,3.32192809488736,2,3.32192809488736,1,14.1820839295107,2,2,1,1,2,16.9371209033683,6.04439411935845,5,3.32192809488736,4,16.2362758510395,6.58496250072116,1,3.8073549220576,1,8.4178525148859,2,4.32192809488736,7.14974711950468,1,10.9351650496037,1,11.1873520732005,7.90689059560852,8.4262647547021,1,3.58496250072116,8.06608919045777,13.6783800651091,7.7279204545632,1,1,7.82017896241519,8.58496250072116,15.7164443804429,1,1,1,4.4594316186373,3,5.4594316186373,1,12.0953970227926,6.93073733756289,5.16992500144231,16.9926507241523,2.58496250072116,5.75488750216347,2,1,2,11.7557221536423,7.68650052718322,10.1674181458317,1,1,3.32192809488736,4.4594316186373,"0"
"TCGA.21.1076.01A",13.0344550953272,10.4797802640291,5.39231742277876,4.32192809488736,1,13.0630579636235,4.4594316186373,8.6582114827518,1,2.58496250072116,7.53915881110803,11.2620948453702,5.39231742277876,9.01680828768655,10.6384359139905,5.70043971814109,4.8073549220576,12.2905948880826,12.7163907894977,1,13.2188659100697,13.7702509273949,7.37503943134692,13.5859014496908,3.8073549220576,7.22881869049588,6.49185309632967,8.23840473932508,13.1876613657391,13.0944076330812,8.15987133677839,8.15987133677839,11.8948177633079,10.2900188469326,6.93073733756289,6.97727992349992,11.7473538294781,3.32192809488736,10.1267044728432,2,5.95419631038687,6.49185309632967,13.8910241901495,4.70043971814109,9.97727992349992,5.58496250072116,9.93369065495223,4,6.16992500144231,4.16992500144231,8.19967234483637,1,12.5483402876761,2.58496250072116,7.3037807481771,1,2.58496250072116,9.15987133677839,3.8073549220576,7.06608919045777,6.4262647547021,2.58496250072116,12.940313597146,10.9715435539508,7.98868468677217,4.32192809488736,9.64024493622235,1,4.8073549220576,2.58496250072116,11.2276159434142,1,2,3,6.90689059560852,1,12.1163439612375,1,9.70735913208088,1,7.56985560833095,3,13.9567391450591,7.10852445677817,7.18982455888002,4.70043971814109,10.2384047393251,10.5137275959524,10.1137421660492,2.58496250072116,9.7714894695006,4.32192809488736,12.595257481449,7.76818432477693,9.14465824283188,6.58496250072116,1,9.74483383749955,1,7.06608919045777,13.791366414695,15.0622148246591,3.58496250072116,10.0579917227592,11.5708044377245,13.4080643199147,12.429406741514,3,2.58496250072116,10.6366246205436,10.7665289085989,12.496853777388,1,4.8073549220576,3,13.5755392468345,2.58496250072116,6.6724253419715,2.58496250072116,14.9988548290938,6.75488750216347,13.2505945071923,13.5584207132687,4.32192809488736,10.3331553503106,4.70043971814109,2.58496250072116,1,8.4594316186373,9.88264304936184,8.876516946565,1,5,10.677719641641,6.70043971814109,"0"
"TCGA.66.2765.01A",16.6591597251914,15.6564807286398,6.95419631038687,3.58496250072116,9.02790599656988,5.08746284125034,1,10.0687782779854,2.58496250072116,4.16992500144231,11.8225708309502,13.2989217409698,2.58496250072116,4.16992500144231,7.4262647547021,5.64385618977472,5.32192809488736,12.5745935273376,8.467605550083,1,11.4115109880121,13.0063260785249,9.876516946565,15.7854013803191,1,5.32192809488736,4.8073549220576,2,14.3387363825739,9.98868468677217,5.90689059560852,8.75488750216347,10.5255208090951,7.52356195605701,2,6.4594316186373,9.24317398347295,1,8.13955135239879,3.32192809488736,11.2573878426927,5.32192809488736,14.0617087046606,1,10.1749256825007,1,8.79441586635011,3,5.52356195605701,1,6.12928301694497,1,13.7797193551434,1,8.65105169117893,3.32192809488736,3.58496250072116,7.18982455888002,3,8.20945336562895,3,3.32192809488736,11.8233672400462,7.98868468677217,10.0794847838268,2.58496250072116,14.6308358989513,3,4.90689059560852,1,13.4642904738508,1,1,5,1,1,10.5755392468345,1,1,1,1,1,13.739569674026,5.32192809488736,2.58496250072116,2.58496250072116,5.32192809488736,11.813781191217,9.17492568250068,1,6.12928301694497,1,13.2659080092311,2.58496250072116,2.58496250072116,7.08746284125034,1,5.52356195605701,2,6.78135971352466,16.1039434298916,17.3054917921107,4.16992500144231,5.90689059560852,8.40087943628219,13.2997804028585,7.6724253419715,1,2,10.4696418172395,10.5196362528432,10.4817994316658,1,8.88264304936184,5.8073549220576,7.5077946401987,5,8.39231742277876,2.58496250072116,12.8626373575588,6.52356195605701,7.61470984411521,12.4933551214949,2,7.71424551766612,2.58496250072116,3.58496250072116,1,7.61470984411521,9.91587937883577,7.2667865406949,1,4,3,1,"0"
"TCGA.85.8351.01A",15.036774610288,8.72109918870719,5.24792751344359,2,6.28540221886225,10.7632123668144,1,3.58496250072116,3.58496250072116,1,11.3880172853451,13.6325408765469,2.58496250072116,4,8.71424551766612,6.20945336562895,2.58496250072116,11.5603328342124,5.58496250072116,5.39231742277876,13.4395711962765,13.2940463132715,8.21916852046216,13.3023533264312,4.16992500144231,10.1163439612375,8.63662462054365,3.32192809488736,8.14974711950468,11.8225708309502,3.58496250072116,6.97727992349992,11.6193029554157,7.37503943134692,1,5.32192809488736,10.1369911120802,4.4594316186373,8.09803208296053,4.90689059560852,6.55458885167764,5.16992500144231,13.6854058347861,4.16992500144231,8.67948009950545,4.90689059560852,9.61838550225861,2,5.85798099512757,2,3.32192809488736,1,14.8268463698841,3,11.1972166931101,1,2,8.49984588708321,5.24792751344359,6.55458885167764,4.90689059560852,3,11.4878400338231,11.8462739113499,6.08746284125034,6.39231742277876,10.9886846867722,1,3.32192809488736,9.04439411935845,14.2030420555625,1,3,1,1,1,10.958552715431,4,5.24792751344359,1,2,1,14.7448338374995,4.16992500144231,6.04439411935845,8.38370429247405,5.4594316186373,12.2726297849764,8.12928301694497,1,8,1,16.1830150008828,2.58496250072116,11.0484868739923,8.96000193206808,1,8.68650052718322,4.16992500144231,7.32192809488736,10.0927571409199,16.5522187853653,1,4.32192809488736,9.26209484537018,14.926759273113,11.769011321097,1,1,9.11894107272351,9.97154355395077,14.9453523847573,1,4.70043971814109,1,5.75488750216347,2.58496250072116,9.45121111183233,1,12.9665054519057,7.5077946401987,6.85798099512757,14.1820839295107,3,10.3858624006415,2.58496250072116,1,1,8.4178525148859,9.66533591718518,10.0953970227926,1,4.58496250072116,3,3,"0"
"TCGA.66.2756.01A",8.70043971814109,6.4594316186373,4.4594316186373,1,2.58496250072116,5.08746284125034,1,4.4594316186373,1,3.32192809488736,2.58496250072116,10.3174126137649,3,3.8073549220576,6.88264304936184,3,2,5.70043971814109,8.94251450533924,2.58496250072116,8.21916852046216,13.7685978821944,7.61470984411521,10.7262181593322,1,6.85798099512757,7.4757334309664,7.06608919045777,4.58496250072116,7.8703647195834,6.08746284125034,14.8620561334695,10.3531468254981,7.22881869049588,5.4594316186373,1,8.22881869049588,3.58496250072116,7.33985000288462,2.58496250072116,5.32192809488736,5.95419631038687,14.4877144455713,1,8.70735913208088,8.4093909361377,9.64024493622235,2,7,9.2240016741981,7,1,13.8503822056522,5.4594316186373,2.58496250072116,2,1,6.52356195605701,8.54689445988764,13.347898144596,3.58496250072116,3.58496250072116,9.70043971814109,6.7279204545632,3.8073549220576,3.58496250072116,11.2819300269554,2.58496250072116,2,9.80413102118332,13.6298119443822,1,1,2,10.5117526537674,4.32192809488736,11.6257088430645,2.58496250072116,12.1247675358225,1,2.58496250072116,2,10.8548683832602,10.876516946565,7.88264304936184,8.11894107272351,9.90689059560852,11.3575520046181,8.13955135239879,2,5.16992500144231,1,10.5980525001616,1,12.8336807486547,6.90689059560852,1,5.24792751344359,3.8073549220576,4.58496250072116,8.98868468677217,2,1,5.64385618977472,12.5565060546719,14.0546043179607,11.0687782779854,2,1,9.61838550225861,11.2455527062557,9.21916852046216,1,5.70043971814109,3.32192809488736,9.3264294871223,8.88874324889826,6.85798099512757,6.28540221886225,13.2097579565814,5.64385618977472,4,12.199058823653,7.28540221886225,13.95474158096,3.8073549220576,2,1,2,9.48784003382305,8.467605550083,7.4594316186373,1,15.9884627985481,2,"0"
"TCGA.43.2581.01A",6.97727992349992,4.16992500144231,4.58496250072116,3.32192809488736,1,7.39231742277876,1,6.8073549220576,1,2,2.58496250072116,13.5555477716471,2.58496250072116,5.32192809488736,3,6.88264304936184,1,9.69696752623429,8.70043971814109,1,14.0576533399639,12.1376315982354,3.32192809488736,11.4146852358072,1,3.58496250072116,3,2,12.567480801143,11.1674181458317,3.8073549220576,4.8073549220576,11.8265484872909,8.53915881110803,1,1,11.319672120947,1,10.1848753429083,1,5.52356195605701,7.18982455888002,14.3426302986784,4.4594316186373,9.74819284958946,1,8.69348695749932,2,5.16992500144231,1,4.32192809488736,1,13.1254134704833,1,2.58496250072116,1,3,5.95419631038687,4.8073549220576,3.32192809488736,3.32192809488736,2,13.0697853949833,8.4594316186373,4.90689059560852,3.58496250072116,11.9865531497567,1,3.58496250072116,1,12.7540523675289,1,1,1,1,1,12.2185632361903,1,2,1,1,3.32192809488736,15.867954362086,6.6724253419715,1,1,4.16992500144231,9.07146236255662,8.77478705960117,2,5.4594316186373,1,11.1522848423066,1,3.32192809488736,5.16992500144231,1,7.12928301694497,4.16992500144231,6.75488750216347,12.9947069952581,5.16992500144231,1,10.3837042924741,8.91886323727459,13.9192357860283,9.28540221886225,2,1,8.8008998999203,9.52356195605701,13.7260052311286,1,1,1,6.93073733756289,1,6.49185309632967,2.58496250072116,12.7899411283909,6.32192809488736,5.8073549220576,14.7620705424248,1,8.74146698640115,1,2,1,3.32192809488736,10.3944626946103,11.2336196767597,1,2,3.32192809488736,2,"0"
"TCGA.60.2714.01A",11.2888660741658,14.360984215974,4.70043971814109,1,1,13.2688343693438,1,12.2591547688668,3.32192809488736,2,4,12.4630134134497,3.32192809488736,3.8073549220576,3.8073549220576,4.8073549220576,2,11.7870863245516,7.4757334309664,4.8073549220576,11.8610869059954,12.8053408284164,3.58496250072116,12.2366122002158,1,5.85798099512757,4.32192809488736,6.52356195605701,4,11.5574637015978,2,6.04439411935845,10.590587049915,8.97727992349992,2,4.8073549220576,9.57742882803575,1,7.32192809488736,1,4.4594316186373,7.75488750216347,14.133623886783,1,9.79116288855502,1,10.3575520046181,1,6.8073549220576,1,3.8073549220576,1,13.4540421974701,1,1,1,2,6.35755200461808,3.8073549220576,1,4.70043971814109,2.58496250072116,12.3624918060461,6.78135971352466,8.21916852046216,2,15.4799696810898,1,1,2,13.1510165388922,1,1,3.58496250072116,1,4.16992500144231,13.8730595476615,1,1,1,1,1,15.5168080409048,4.90689059560852,1,2.58496250072116,4.4594316186373,9.77478705960117,10.0633950812885,1,4.4594316186373,1,13.2054878201506,1,3,8.01122725542325,1,6.75488750216347,5.4594316186373,7.64385618977472,11.6238814900135,5.95419631038687,1,11.8533095554037,9.90989308377004,14.761655109396,8.53915881110803,1,1,8.09803208296053,10.1548181090521,10.6036263449862,1,1,2.58496250072116,8.56224242422107,8.67948009950545,10.1996723448364,4.16992500144231,11.8610869059954,5.8073549220576,3,14.1919845133603,2,12.9469062744564,3.32192809488736,3,1,7.02236781302845,10.0714623625566,7.2667865406949,1,1,8.40087943628219,3.32192809488736,"0"
"TCGA.85.A513.01A",11.403012023575,8.85174904141606,5.24792751344359,4,1,8.56224242422107,2,6.61470984411521,1,1,1,10.6564248632778,2,5.39231742277876,4.16992500144231,5.4594316186373,1,9.86418614465428,9.43879185257826,3.58496250072116,13.8413677818823,11.467605550083,1,13.2868465027359,1,8.35755200461808,7,2,5.32192809488736,11.8217739819706,2.58496250072116,6.64385618977472,10.813781191217,7.91886323727459,1,2,12.706064267335,1,7.96578428466209,2,4.32192809488736,5.64385618977472,13.1761731491075,4.90689059560852,8,2.58496250072116,7.35755200461808,4.4594316186373,6.12928301694497,3.32192809488736,5.24792751344359,1,12.5352753766208,2,2,1,1,8.70043971814109,2.58496250072116,3.58496250072116,4.8073549220576,1,11.6339034093485,7.12928301694497,5.95419631038687,1,12.1286388128526,2,2,3,11.7515440590891,1,2,3.58496250072116,8.34872815423108,1,11.5565060546719,1,2,1,1,1,15.2350418993968,6.55458885167764,4,1,4.58496250072116,8.14974711950468,7.61470984411521,1,4.32192809488736,4.58496250072116,10.9772799234999,2.58496250072116,2,9.40087943628218,1,10.9571020415623,2.58496250072116,9.33985000288462,10.1267044728432,6.83289001416474,1,4.4594316186373,7.4093909361377,12.1472049249422,6.4262647547021,2,1,4.58496250072116,8.31288295528435,14.5866052606036,1,2,1,8.75488750216347,1,6.49185309632967,4.32192809488736,12.5646258627954,6.97727992349992,4.16992500144231,14.7241940714405,5.16992500144231,5.90689059560852,2,1,1,9.24792751344359,7.53915881110803,8.876516946565,1,1,5,6,"0"
"TCGA.51.4081.11A",10.4470832262097,8.27612440527424,3.8073549220576,2,2.58496250072116,7.75488750216347,7.89481776330794,6.58496250072116,1,1,6.28540221886225,13.017852331906,3.8073549220576,8.70043971814109,8.59245703726808,10.1446582428319,1,8.6582114827518,9.01122725542325,4.90689059560852,16.3032099489448,13.2839564876651,3.58496250072116,17.0300204681068,2.58496250072116,7.58496250072116,6.88264304936184,6.28540221886225,8.4093909361377,16.6490035040967,6.39231742277876,7.4262647547021,12.8807314351417,10.9915218460757,2.58496250072116,6.4594316186373,14.4979765458625,2,10.590587049915,4.90689059560852,5.08746284125034,9.59991284218713,14.9882408761922,1,8.02236781302845,3,9.13955135239879,7.84549005094437,3.58496250072116,2.58496250072116,6.52356195605701,1,14.7011981474542,3.32192809488736,4.90689059560852,1,2,13.8181827049486,2.58496250072116,5.70043971814109,8.63662462054365,4.16992500144231,16.9223288796124,9.46352437327118,7.96578428466209,5.58496250072116,8.82654848729091,1,3,2,10.7927902943011,1,2.58496250072116,1,2.58496250072116,1,14.704984324893,2,3.58496250072116,4.8073549220576,2,1,17.9023044478337,7.24792751344359,4.16992500144231,4.16992500144231,4.90689059560852,10.5545888516776,8.49185309632967,1,5.70043971814109,2.58496250072116,10.2784494582205,2,7.55458885167764,8.4594316186373,1,14.0194169829442,1,13.1286388128526,10.8281364841941,9.3037807481771,1,4.90689059560852,9.4093909361377,14.6622233053178,9.37068740680722,2.58496250072116,1,6.85798099512757,8.52356195605701,18.8628370992709,2,2.58496250072116,3,7.02236781302845,2,6.8073549220576,1,13.3936585914548,8.07681559705083,8.24792751344359,18.0990498210204,2.58496250072116,7.68650052718322,4.16992500144231,2,1,11.5333297323058,7.82017896241519,11.1267044728432,1,2,6.58496250072116,4.4594316186373,"0"
"TCGA.66.2734.01A",13.9452609273392,10.2240016741981,6.49185309632967,3.8073549220576,2.58496250072116,6.8073549220576,4.90689059560852,11.6393407086522,3.32192809488736,1,12.4252159032994,13.2957689344205,3,3.32192809488736,9.33091687811462,5.16992500144231,3.32192809488736,14.0185479418717,7.6724253419715,4,13.1617617433047,13.6622233053178,8.05528243550119,14.4156097440355,5.32192809488736,7.85798099512757,5.70043971814109,4.58496250072116,14.7948219733312,12.2455527062557,6.58496250072116,6.97727992349992,11.8289298276515,8.51569983828404,1,7.89481776330794,9.33985000288462,2,12.8730595476615,3.58496250072116,8.76155123244448,5.39231742277876,14.2874238116835,1,13.2398968224459,4.16992500144231,9.97441458980553,2.58496250072116,5.75488750216347,3.32192809488736,5.52356195605701,1,13.5369756656106,2.58496250072116,4.32192809488736,2,4.58496250072116,5.58496250072116,5.70043971814109,5.32192809488736,4.90689059560852,3.58496250072116,14.0568070355806,10.8948177633079,10.733015321686,2.58496250072116,15.3650237510343,4.70043971814109,4.90689059560852,1,13.733015321686,1,1,2,8.59245703726808,2.58496250072116,10.9571020415623,1,2,1,1,1,15.2127243531238,7.4093909361377,7.90689059560852,2,6.24792751344359,10.7582232147267,9.75488750216347,1,9.09803208296053,2,13.3236177632916,4.70043971814109,2,8.48381577726426,1,6.64385618977472,4.32192809488736,7.33985000288462,16.6425876385359,17.3493676275719,4.16992500144231,4.16992500144231,7.85798099512757,14.2398968224459,7.02236781302845,2,2,10.9113919878435,10.6510516911789,9.83289001416474,1,6.32192809488736,3,8.36632221424582,3.32192809488736,6.90689059560852,1,14.5079184926296,7.04439411935845,15.2620214164331,13.357002092265,2.58496250072116,10.9233274854192,2,3.32192809488736,1,8.81378119121704,10.654636028528,8.467605550083,1,5.4594316186373,8.8008998999203,4.4594316186373,"0"
"TCGA.85.8072.01A",12.5425482623352,8.3037807481771,5.85798099512757,1,1,7.5077946401987,1,11.2502984179063,1,2.58496250072116,4,10.7797193551434,2.58496250072116,3.32192809488736,10.7279204545632,3.8073549220576,4.4594316186373,10.581200581925,4.58496250072116,1,11.2215871212648,12.4868350215631,7.53915881110803,12.3896313392605,1,9.58871463558226,7.58496250072116,4.90689059560852,8.82017896241519,11.8780509127285,10.57931593758,11.7821791938312,9.98868468677217,8.6724253419715,2,3.8073549220576,8.74146698640115,2,12.3799198176465,9.40087943628218,6.70043971814109,6.52356195605701,12.8443134612033,1,7.08746284125034,4.58496250072116,10.3442959079158,4.58496250072116,4,2,4.58496250072116,1,13.1497471195047,3.32192809488736,6.78135971352466,1,1,8.4594316186373,2,6.70043971814109,5.24792751344359,3.8073549220576,10.8672787397097,6.04439411935845,12.1823943534045,3,8.39231742277876,1,2,5.32192809488736,12.18982455888,1,1,1,8.32192809488736,1,11.0168082876866,4.90689059560852,3,1,2,1,13.3390148682501,4.4594316186373,5.58496250072116,1,12.6873756834375,8.8073549220576,7.89481776330794,1,5.58496250072116,1,10.5468944598876,1,3.32192809488736,14.1902876785804,1,8.18982455888002,2.58496250072116,6.08746284125034,10.283088353024,13.3295160672065,2.58496250072116,3.8073549220576,6.85798099512757,13.44759985828,5.75488750216347,2,1,10.4093909361377,9.7279204545632,8.54689445988764,1,9.11374216604919,1,7.18982455888002,4.32192809488736,6.61470984411521,1,14.9637992139318,14.8704610501708,7.5077946401987,13.8653466448168,1,5.90689059560852,3,5.70043971814109,1,7.74146698640115,9.30833903013941,7.64385618977472,1,5,2.58496250072116,6.58496250072116,"0"
"TCGA.58.8393.01A",13.8663130157022,7.06608919045777,6.24792751344359,4.16992500144231,1,9.4797802640291,2,10.6847486204216,3.8073549220576,1,11.6393407086522,12.8423503434138,3.32192809488736,4.70043971814109,5.70043971814109,5.85798099512757,4.4594316186373,12.2221911384563,3.58496250072116,1,13.0774833568595,13.3080545590666,4.4594316186373,13.0508689632907,3,9.52356195605701,5.4594316186373,7.61470984411521,9.4797802640291,11.0140204703149,7.4594316186373,12.6943578872215,11.6697708885255,8.02236781302845,1,3.58496250072116,10,1,12.1465686757408,7.2667865406949,5.16992500144231,6.04439411935845,13.9249980234467,1,10.3575520046181,2,10.7108064336994,3.32192809488736,5.75488750216347,3,5.24792751344359,1,12.7498694273968,1,6.12928301694497,2,1,9.08214904135387,4,5.24792751344359,6.12928301694497,3.32192809488736,12.9964734887332,7.4093909361377,8.3037807481771,1,14.5724633890837,1,2.58496250072116,3.58496250072116,11.1910592145317,1,1,1,7.62935662007961,1,11.5430318202552,2,4,1,1,2,15.5693216174397,5.39231742277876,6.49185309632967,4,11.595257481449,9.95128471496697,7.83289001416474,1,3.58496250072116,2,11.1535520317081,3,3.32192809488736,5.32192809488736,1,9.79116288855502,2.58496250072116,8.34872815423108,12.5289424150649,14.9055750395627,3,3.58496250072116,7.49185309632967,13.9190495236769,9.73809225962049,2.58496250072116,1,10.8281364841941,10.1472049249422,13.4843194236443,1,8.79441586635011,7.8073549220576,8.02236781302845,1,5.16992500144231,3,14.8414660681542,14.693922488081,13.9112047099772,13.7136013135738,2.58496250072116,6.70043971814109,1,4.16992500144231,1,8.4757334309664,10.2761244052742,7.90689059560852,1,5.39231742277876,3,6.6724253419715,"0"
"TCGA.98.A53H.01A",13.1620765703743,13.3782948559119,4.32192809488736,3.58496250072116,1,10.2550285698187,1,8.74819284958946,2.58496250072116,2,8.62205181945638,11.9076418036655,3.58496250072116,7.78135971352466,10.2761244052742,7.02236781302845,4.58496250072116,11.1344263202209,7.14974711950468,2.58496250072116,13.4522412404308,12.7511255833673,3.8073549220576,14.3390148682501,1,6.90689059560852,6.04439411935845,7.61470984411521,10.1059085085712,15.5740021376835,7.4093909361377,8.4178525148859,11.7515440590891,10.3487281542311,1,8.99435343685886,12.1823943534045,2,10.3944626946103,3,6.32192809488736,7.94251450533924,13.4714211964249,2,12.4178525148859,4,8.13955135239879,6.55458885167764,4.8073549220576,6.28540221886225,6.88264304936184,1,13.3083390301394,2.58496250072116,5.85798099512757,4,3,9.16992500144231,5.24792751344359,7.12928301694497,8.2667865406949,3,12.9266666293473,9.31288295528435,13.0433691139577,2,11.3060616894283,1,1,3.58496250072116,11.3782948559119,1,1,3,6.04439411935845,1,13.9521952199141,2,1,1,5.24792751344359,2,14.5417016457802,6.08746284125034,3,4.70043971814109,3.58496250072116,10.283088353024,7.8073549220576,1,6,1,10.3465137331656,5.08746284125034,8.13955135239879,8.53138146051631,2.58496250072116,11.4008794362822,1,8.62205181945638,12.581200581925,13.5367328898354,3.32192809488736,8.24792751344359,9.96866679319521,13.1842554954053,9.19475685442225,3,1,8.38370429247405,9.29462074889163,13.6193029554157,2.58496250072116,4.4594316186373,5.39231742277876,11.0674343607565,2,7.90689059560852,1,13.7270695580237,8.53915881110803,12.3325960577892,14.9417812422785,2.58496250072116,12.4283601727043,6.70043971814109,1,1,7.4594316186373,9.26209484537018,10.0821490413539,1,4,6.6724253419715,8.4093909361377,"0"
"TCGA.37.4135.01A",7.2667865406949,7.3037807481771,5.8073549220576,1,9.40087943628218,10.9744145898055,2,12.9188632372746,2,1,2,9.02236781302845,3,4.32192809488736,10.3106127816595,2.58496250072116,3,10.8626373575588,7.37503943134692,6.08746284125034,10.2691266791494,12.4958550268872,6.49185309632967,11.2336196767597,7.96578428466209,5.39231742277876,5.4594316186373,7.24792751344359,8.68650052718322,9.12928301694497,6.16992500144231,6.24792751344359,9.12412131182919,8.98299357469431,1,4.32192809488736,8.93073733756289,3.58496250072116,5.8073549220576,1,6.52356195605701,5.24792751344359,14.0072025107497,1,9.73809225962049,6.24792751344359,10.8841705191084,5.16992500144231,7.64385618977472,3,7.14974711950468,1,11.7030383889864,3.58496250072116,2.58496250072116,2,2,5,3.32192809488736,8.25738784269265,4.4594316186373,5.52356195605701,9.67595703294175,5,12.1885888457073,4.58496250072116,8.44294349584873,1,5.16992500144231,11.0940776856719,12.1039434298916,1,1,8.22881869049588,4,1,9.64024493622235,1,12.9527412471865,1,1,4.16992500144231,11.1241213118292,6.55458885167764,6.61470984411521,3.58496250072116,7.3037807481771,10.4115109880121,8.17990909001493,1,8.5077946401987,1,12.5132341138061,2,6.04439411935845,11.3520434257954,2,5.08746284125034,9.38801728534514,9.61838550225861,11.0112272554233,9.38801728534514,3.8073549220576,4.32192809488736,5.52356195605701,10.8121773055144,6.32192809488736,2,1,10.2167458581953,12.9318455401837,9.2336196767597,2,4.16992500144231,4.58496250072116,10.0028150156071,5.52356195605701,8.19967234483637,1,12.7469341363723,8.51569983828404,6.75488750216347,8.65105169117893,6,11.211888294546,1,1,1,7.04439411935845,10.5526690975143,8.8703647195834,6.49185309632967,4.16992500144231,7.4093909361377,6.95419631038687,"0"
"TCGA.37.3792.01A",13.9091430473399,11.4817994316658,3.8073549220576,1,5.16992500144231,12.0402897210257,5.4594316186373,12.9417812422785,1,1,2.58496250072116,10.6474584264549,4.4594316186373,2,6.08746284125034,6.61470984411521,4.16992500144231,11.4262647547021,8.53138146051631,4.32192809488736,10.609178738142,13.508042334429,2,14.4704046770656,5,8.71424551766612,7.18982455888002,6,10.0821490413539,7.5077946401987,6.04439411935845,5.8073549220576,11.3409627642517,8.20945336562895,1,3.8073549220576,11.5018371849023,1,9.5352753766208,3.32192809488736,5.95419631038687,5.32192809488736,14.2071668813833,8.35755200461808,10.729620743553,1,8.02236781302845,2,6.20945336562895,9.11894107272351,5.4594316186373,1,12.7427304765192,5.32192809488736,6.83289001416474,3.58496250072116,4.16992500144231,6.12928301694497,2,3.58496250072116,5.39231742277876,3.32192809488736,13.941231050303,8.4594316186373,5.85798099512757,3.58496250072116,13.0630579636235,6.12928301694497,6.08746284125034,3.8073549220576,12.0674343607565,1,1,2,4.4594316186373,3,12.3608470841797,3,2,1,6,2.58496250072116,14.6340168956841,7.33985000288462,7.32192809488736,1,5.70043971814109,10.5545888516776,7.33985000288462,1,7.33985000288462,1,13.5790801838348,5.8073549220576,5.70043971814109,9.6582114827518,9.33539035469392,6.88264304936184,4.70043971814109,5.08746284125034,11.8041310211833,9.79116288855502,1,7.78135971352466,8.78790255939143,13.2258099406235,9.07681559705083,1,1,5.58496250072116,11.7598881832218,12.7334390828994,5.70043971814109,7.70043971814109,3.8073549220576,7.95419631038687,1,8.51569983828404,6.08746284125034,12.6772791913122,7.20945336562895,11.0443941193585,9.51569983828404,1,10.0953970227926,4,1,1,2,10.0251395622785,9.45121111183233,1,2,1,6.61470984411521,"0"
"TCGA.56.8622.01A",14.4112461518404,14.920073669146,7.4093909361377,1,1,5.24792751344359,4.70043971814109,9.36194377373524,3.58496250072116,5.24792751344359,12.7056323873614,11.1176431013891,4.8073549220576,5.08746284125034,4.16992500144231,4,6.08746284125034,12.6320864128352,11.1885888457073,7.59991284218713,11.3509391815464,12.8403845507117,11.0794847838268,14.635718120331,4.8073549220576,7.16992500144231,4.58496250072116,5.85798099512757,13.9518310868882,12.2940463132715,4.4594316186373,5.85798099512757,11.0112272554233,8.96000193206808,1,7.10852445677817,9.8073549220576,6.20945336562895,11.3685064615077,1,6.7279204545632,4.90689059560852,13.3168471836025,2,9.39660478118186,5.52356195605701,9.49585502688717,3,4,2,5.64385618977472,1,12.8073549220576,1,9.15987133677839,1,1,7.83289001416474,6.35755200461808,8.68650052718322,5,3,10.9038818457362,6.20945336562895,7.75488750216347,8.14974711950468,13.4125698468052,4.32192809488736,1,7.53915881110803,12.1331422124006,1,1,10.4429434958487,5.64385618977472,3.8073549220576,10.3750394313469,1,3.8073549220576,1,1,1,14.3454052467178,5.4594316186373,3,2,6.04439411935845,8.57742882803575,8.8073549220576,1,4.32192809488736,1,12.7980667203631,5.8073549220576,4.8073549220576,7.91886323727459,1,7.08746284125034,1,5.24792751344359,15.8143321153684,17.0428990763245,6.16992500144231,5.16992500144231,10.515699838284,14.8394006489884,6.97727992349992,2.58496250072116,1,10.5660540381711,8.03342300153745,10.0927571409199,1,4.16992500144231,2,11.7731392067197,2.58496250072116,9.43879185257826,4,12.5975870395862,6.49185309632967,13.7515440590891,13.3633134643735,2.58496250072116,6.49185309632967,2,1,2.58496250072116,6.28540221886225,7.10852445677817,8.06608919045777,1,5.39231742277876,6.88264304936184,8.09803208296053,"0"
"TCGA.56.6545.01A",13.7142455176661,9.49984588708321,6.58496250072116,2,1,11.5877775163282,7.02236781302845,6.58496250072116,2.58496250072116,5.16992500144231,11.1369911120802,14.2498541700072,6.7279204545632,8.15987133677839,6.7279204545632,7.2667865406949,2.58496250072116,11.9893944998447,13.4903495057393,1,12.7511255833673,13.7036873259675,10.3987436919382,16.0282082537365,1,11.5468944598876,6.61470984411521,9.54689445988764,12.7142455176661,13.8378250091967,4,5.70043971814109,12.748612176737,9.58496250072116,1,8.16992500144231,11.0861362250273,6.85798099512757,14.2240016741981,4,8.70735913208088,6.70043971814109,14.8479382019491,4.32192809488736,11.5651020783603,7.55458885167764,10.2264121927888,3.32192809488736,8.38370429247405,3.58496250072116,9.09275714091985,1,14.6548597542074,3.32192809488736,8.62205181945638,1,4.58496250072116,9.21916852046216,6,9.00562454919388,5.8073549220576,3.32192809488736,13.3157156580222,10.6865005271832,6.93073733756289,8.21916852046216,9.7279204545632,1,2.58496250072116,8.83920378809694,11.6339034093485,1,1,9.77807712953536,3.8073549220576,1,11.6483575820097,2,13.2966294742855,1,3,3,14.4373619614444,8.3037807481771,8.4757334309664,4.4594316186373,5.8073549220576,12.0801513096141,8.11894107272351,2,7.96578428466209,4.32192809488736,12.6755160440828,7.53915881110803,8.54689445988764,10.2737955992143,2,11.8097681287104,4.8073549220576,7.8073549220576,15.7239808442688,15.1617617433047,4.70043971814109,8.27612440527424,10.6653359171852,15.9051049072416,11.5764843467969,3.58496250072116,2.58496250072116,6.6724253419715,10.3575520046181,12.5097750043269,1,6.7279204545632,3.32192809488736,8.28540221886225,2,10.1522848423066,5.8073549220576,13.7968507952672,6.90689059560852,9.87344411251538,14.5386739530827,2.58496250072116,12.1799090900149,2,1,1,8.71424551766612,10.6865005271832,9.96578428466209,1,5.64385618977472,5.52356195605701,6.39231742277876,"0"
"TCGA.60.2695.01A",11.8849336479498,7.93073733756289,7.32192809488736,2,1,11.1535520317081,1,7.78135971352466,1,2.58496250072116,3,11.9196082386033,4.16992500144231,6.39231742277876,8.23840473932508,4,2,11.7228075311695,8.19967234483637,3.32192809488736,12.2264121927888,14.2678108183672,5.16992500144231,12.9046346216682,4.58496250072116,10.9351650496037,10.8025163651212,11.9076418036655,3,12.5938579388582,4.58496250072116,12.5760118742068,11.7714894695006,9.55842071326866,7.3037807481771,4.16992500144231,9.70043971814109,2,7.2667865406949,4.70043971814109,5.24792751344359,6.52356195605701,14.3349715550275,2,12.5038257379958,1,10.3728650601126,3.8073549220576,5.24792751344359,3,5.32192809488736,1,12.8556471660273,3.32192809488736,9.72451385311995,1,1,7.49185309632967,2.58496250072116,7.18982455888002,5.52356195605701,3,12.5830827675029,11.7632123668144,11.0714623625566,4.8073549220576,8.73470962022584,1,4.4594316186373,2.58496250072116,11.8297227350861,1,2,3,8.4178525148859,1,10.6969675262343,2,2.58496250072116,1,6.08746284125034,2,14.5431526844149,7.85798099512757,4.70043971814109,6.4594316186373,6,11.0781508077346,8,1,8.86418614465428,4,12.2300204357056,1,11.075479149488,11.5176693881338,2,8.66533591718518,1,7.71424551766612,9.2240016741981,4.58496250072116,4.8073549220576,9.79766152585376,7.24792751344359,15.2538474849874,10.3597495603223,3.58496250072116,2.58496250072116,11.1510165388922,11.5372184005386,12.2508905357233,1,5.64385618977472,10.3837042924741,8.74146698640115,2,8.3037807481771,5.16992500144231,12.8356556908398,8.02236781302845,7.44294349584873,12.6492561775173,4.32192809488736,14.5092801680879,2.58496250072116,3,1,7.82017896241519,10.3772105303886,9.8073549220576,1,1,4.16992500144231,11.4408691676109,"0"
"TCGA.37.4141.01A",7.39231742277876,3.32192809488736,5.64385618977472,2,1,6.39231742277876,1,9.74819284958946,4,1,5.24792751344359,12.7262181593322,4.4594316186373,5.32192809488736,5.16992500144231,3.8073549220576,2.58496250072116,12.0828143376723,16.2508905357233,10.3663222142458,10.9657842846621,13.5070513022479,3.32192809488736,12.4782640315817,2.58496250072116,6.4262647547021,6.24792751344359,9.48784003382305,5.4594316186373,12.0546043179607,2.58496250072116,7.93073733756289,10.9600019320681,9.4178525148859,1,1,10.5313814605163,1,5.90689059560852,1,6.55458885167764,5.85798099512757,13.9516489859046,2,13.2387032794277,6.08746284125034,10.2620948453702,3.58496250072116,6.16992500144231,2,4.32192809488736,1,12.8707500033461,7.24792751344359,1,5.75488750216347,3,7.91886323727459,6.28540221886225,3,4.70043971814109,4.32192809488736,10.7021726853655,7.2667865406949,5.24792751344359,3,6.12928301694497,3,4.58496250072116,2.58496250072116,12.2685420003001,4.8073549220576,1,6.35755200461808,8.2667865406949,2.58496250072116,10.0251395622785,2,10.667111542075,1,2,2.58496250072116,12.0161118382205,5.32192809488736,2,11.9417812422785,4.70043971814109,11.4918530963297,7.14974711950468,1,7.61470984411521,2.58496250072116,11.3037807481771,1,11.9534689622288,12.9552866455245,3,7.08746284125034,8.56985560833095,7.39231742277876,9.10852445677817,6.52356195605701,4.8073549220576,11.2336196767597,7.22881869049588,13.1443395912478,10.2021238238305,1,1,5.39231742277876,11.7397806097733,13.0583300262057,1,2.58496250072116,1,7.98868468677217,1,7.37503943134692,5,12.6361714416359,12.4325419003883,5.4594316186373,12.2714630279044,3,12.4878400338231,4.70043971814109,1,1,6.8073549220576,11.2644426002266,11.4777582664439,1,2,4.16992500144231,2,"0"
"TCGA.66.2753.01A",13.097044499323,6.32192809488736,5.08746284125034,2,3.58496250072116,8.19967234483637,4,9.29462074889163,7.44294349584873,5,9.96578428466209,13.6304946615056,4,3.8073549220576,9.49984588708321,5.16992500144231,4.32192809488736,14.1746136472359,8.53915881110803,2.58496250072116,13.1472049249422,13.5485811181651,10.8297227350861,14.3412408205387,2,11.4062050054189,4.8073549220576,5.8073549220576,10.7073591320809,13.4630134134497,4.70043971814109,9.04984854945056,11.5352753766208,9.63299519714296,1,10.3531468254981,9.71080643369935,3.58496250072116,12.5727002264873,3.32192809488736,5.64385618977472,5.52356195605701,14.3431857154479,1,9.59991284218713,7.52356195605701,9.58120058192496,2,6.24792751344359,3.32192809488736,8.20945336562895,1,12.9603640088778,3,8.36632221424582,1,3,7.4093909361377,3.32192809488736,9.58496250072116,4.90689059560852,3.8073549220576,12.9031286768123,12.7262181593322,6.93073733756289,4.32192809488736,13.4299297413533,5.32192809488736,2.58496250072116,2,13.3278332967503,1,1,6.04439411935845,4,1,10.2992080183873,1,2,1,2,3,14.8383175815122,5.24792751344359,6.8073549220576,4.70043971814109,4.58496250072116,10.4696418172395,5.58496250072116,1,6.58496250072116,1,13.831109275357,8.45121111183233,6.85798099512757,6.90689059560852,1,9.06608919045777,6,6.04439411935845,12.4573808790725,15.7809497987497,8.25738784269265,7.8073549220576,7.35755200461808,15.314724844612,6.90689059560852,2,1,10.1369911120802,10.7465143211385,10.9410476063406,1,4.32192809488736,2,7.7279204545632,1,8.96000193206808,2,13.3782948559119,7.24792751344359,6.7279204545632,13.6238814900135,2,6.04439411935845,3.8073549220576,2,1,7.39231742277876,11.5933911227917,9.70043971814109,1,3.32192809488736,4.90689059560852,7.91886323727459,"0"
"TCGA.63.A5MT.01A",14.6655579898464,11.9650627567446,5.64385618977472,3.58496250072116,1,9.70735913208088,1,7.64385618977472,2.58496250072116,1,3,10.6492561775173,1,3.58496250072116,8.35755200461808,6.6724253419715,4,8.22881869049588,7.08746284125034,9.74819284958946,9.27612440527424,11.6017707884077,9.63662462054365,12.9057630496028,2.58496250072116,9.38801728534514,6.97727992349992,4.70043971814109,9.81057163474115,10.4387918525783,3,7.64385618977472,9.29001884693262,6.88264304936184,1,7.16992500144231,9.38801728534514,2,12.8795832496128,1,5.58496250072116,4.32192809488736,12.4817994316658,1,8.65105169117893,4.4594316186373,7.5077946401987,3.32192809488736,8.06608919045777,3.58496250072116,4,1,12.9804966361835,2,7.90689059560852,1,1,5.16992500144231,4.32192809488736,7.22881869049588,3.58496250072116,2.58496250072116,11.6008421143873,9.61102479730735,10.0687782779854,1,10.9307373375629,4.16992500144231,1,8.28540221886225,10.2992080183873,1,1,2,1,1,10.0443941193585,3.58496250072116,10.4998458870832,2,1,4.58496250072116,14.166320025267,7.76818432477693,6.75488750216347,1,5.08746284125034,6.28540221886225,9.55842071326866,1,6.83289001416474,1,10.4958550268872,4.4594316186373,2,8.14974711950468,1,6,1,4.16992500144231,12.5038257379958,8.67948009950545,5.52356195605701,2,11.4470832262097,12.334831928118,5.8073549220576,1,1,8.57742882803575,9,11.4460494067166,1,7.33985000288462,5.24792751344359,6.85798099512757,2.58496250072116,11.4604558963096,1,12.2064039139738,7.94251450533924,8.03342300153745,10.5999128421871,1,4.58496250072116,2,1,1,2,8.90086680798075,6.16992500144231,1,4.16992500144231,1,2.58496250072116,"0"
"TCGA.66.2786.01A",14.3908406957667,14.103287808412,6.24792751344359,2,1,11.3772105303886,1,9.56605403817109,1,2,9.23840473932508,13.1526017440192,3,7.4262647547021,8.09803208296053,3.8073549220576,3.32192809488736,12.3542493819452,9.19475685442225,2,14.0028150156071,12.8427431807317,8.467605550083,14.4600718773976,4.32192809488736,9.40514146313634,10.9439799143437,5.90689059560852,4.58496250072116,13.0630579636235,6.4594316186373,11.780539767472,10.8501868376458,10.0927571409199,1,10.7380922596205,9.8703647195834,5.64385618977472,9.88569637333939,5,5.16992500144231,5.64385618977472,14.0380616201336,2,11.6147098441152,3.8073549220576,9.76487159073609,4.8073549220576,7.64385618977472,5.32192809488736,5.70043971814109,1,13.4757334309664,4.58496250072116,8.3037807481771,1,2,8.56985560833095,3.58496250072116,8.96578428466209,3.8073549220576,3.58496250072116,12.9854861991046,9.55458885167764,8.15987133677839,3.32192809488736,13.3205185246327,1,4,4,12.1344263202209,1,2.58496250072116,1,8.25738784269265,2,12.9347965921784,1,2,1,1,4,15.8308122717449,4.32192809488736,7.68650052718322,5.70043971814109,4.32192809488736,10.2167458581953,11.7168194613299,2.58496250072116,8.07681559705083,1,12.0402897210257,5.75488750216347,7.8703647195834,10.2854022188622,1,10.3128829552844,5.64385618977472,9.32192809488736,9.6724253419715,14.7794115802002,1,7.82017896241519,8.16992500144231,14.1842554954053,9.82972273508606,3,2,10.1649069266757,10.4635243732712,13.2752515434703,1,8.40087943628219,3.8073549220576,7.93073733756289,2.58496250072116,9.31741261376487,5.58496250072116,13.471675214392,7.85798099512757,3.58496250072116,14.8044335681155,3,12.4998458870832,3.8073549220576,3.58496250072116,1,9.14974711950468,10.4072677642447,11.2502984179063,1,4.4594316186373,4.16992500144231,7.53915881110803,"0"
"TCGA.52.7622.01A",13.512493573945,12.9751314569213,5.85798099512757,4.4594316186373,1,12.0654161346765,8.4093909361377,9.27612440527424,3,2.58496250072116,8.21916852046216,12.4573808790725,3.58496250072116,7.95419631038687,11.3049216695817,8.83920378809694,3.8073549220576,11.8185821774809,10.8486229404293,3,14.697076158819,14.1567151442247,8.37503943134692,14.8945335910788,2.58496250072116,8.90689059560852,5.85798099512757,11.1984450414524,12.7915699121269,14.0385761027688,9.32192809488736,9.68999797141945,12.0620461377205,10.7364019313183,1,11.9113919878435,11.0457596613827,4.58496250072116,12.6197614632984,7.68650052718322,6.20945336562895,6.6724253419715,14.2656150464845,3.8073549220576,9.32192809488736,5.95419631038687,8.83920378809694,4.90689059560852,4.32192809488736,5.16992500144231,9.33985000288462,1,13.3901689562002,3,7.3037807481771,2.58496250072116,2,10.0498485494506,5.24792751344359,8.25738784269265,5.39231742277876,2.58496250072116,13.2894425756883,8.67948009950545,9.0389189892923,6.04439411935845,11.5264992391366,2,2.58496250072116,5.64385618977472,13.0220209696464,1,3,5.32192809488736,7.78135971352466,1,11.7780771295354,3,5.16992500144231,1,1,3.58496250072116,15.6696601802386,6.97727992349992,7.96578428466209,4.16992500144231,7.32192809488736,10.9351650496037,7.59991284218713,3.32192809488736,8.45121111183233,1,11.2854022188622,7.82017896241519,8.53138146051631,8.17990909001493,1,10.4408691676109,1,8.5077946401987,13.4328028563519,15.428032964193,3,4.58496250072116,8.59245703726808,14.4663314220828,13.9893944998447,1,1,10.7108064336994,10.7108064336994,14.6831042734777,1,8.38370429247405,3.32192809488736,10.6653359171852,2.58496250072116,7,3,15.7745811808936,8.40087943628219,12.2419831496943,15.7453066714059,8.57742882803575,9.76155123244448,8.2667865406949,4.16992500144231,1,10.5038257379958,10.3966047811819,10.2215871212648,1,4.90689059560852,10.4998458870832,10.1996723448364,"0"
"TCGA.66.2744.01A",13.9971794809376,4,5.64385618977472,2,4.58496250072116,11.4501802471648,1,12.9487322398196,3,3.32192809488736,2,11.9181178510318,2,7.85798099512757,7.53915881110803,4.58496250072116,4.4594316186373,10.5622424242211,5.4594316186373,2,13.7431513941125,12.319107575825,9.2045711442492,14.9393955601816,2,10.1395513523988,5.95419631038687,9.56985560833095,11.5166849493096,12.3208005488816,4.32192809488736,6.78135971352466,11.5176693881338,7.71424551766612,1,5.85798099512757,10.3901689562002,5.24792751344359,13.0768155970508,1,6.64385618977472,5.70043971814109,14.0896159942281,1,10.581200581925,5.58496250072116,9.11894107272351,3,7.7279204545632,5.08746284125034,5.58496250072116,1,13.6286733640683,2.58496250072116,7.90689059560852,1,3.32192809488736,9.68299458368168,4,7.68650052718322,5,5,13.4933551214949,10.6510516911789,10.1189410727235,5.95419631038687,11.8788172846142,1,4.32192809488736,5.8073549220576,13.9726208620587,1,2,3.32192809488736,5.85798099512757,1,11.237209960755,1,2.58496250072116,1,2.58496250072116,1,14.8806357879085,6.6724253419715,7.53915881110803,5,5,11.6474584264549,10.4408691676109,2,7.78135971352466,2,12.1529185761366,5.24792751344359,11.2167458581953,10.6492561775173,2,9.04439411935845,3.32192809488736,8.17990909001493,12.8249587405285,8.5077946401987,3.8073549220576,7.14974711950468,11.3717766443379,14.4424251933316,12.8906442836191,3,2.58496250072116,8.95419631038687,9.99435343685886,12.5053153561362,1,7.70043971814109,3.8073549220576,5.24792751344359,2,11.1699250014423,2.58496250072116,11.4655664048094,6.4594316186373,6.24792751344359,14.4898479604393,4.70043971814109,9.77478705960117,1,1,1,9.02236781302845,9.32192809488736,8.4594316186373,1,2,1,5.90689059560852,"0"
"TCGA.34.5234.01A",12.1667907507182,13.7889222039606,5.32192809488736,2,1,7.7279204545632,7.4093909361377,10.7313190310251,2,3,11.9461752407236,12.4257404243162,3.32192809488736,5.32192809488736,9.78463484555752,5.39231742277876,7.02236781302845,12.5933911227917,11.7270695580237,2.58496250072116,13.1922928144708,12.2173519052703,4.70043971814109,14.5177923957684,2,5.70043971814109,4.4594316186373,5.32192809488736,14.8505775472056,14.1083610989066,8.49984588708321,5.16992500144231,10.3750394313469,9.88874324889826,1,9.58871463558226,11.3106127816595,1,10.0140204703149,5.75488750216347,8.39231742277876,8.22881869049588,13.4767462039395,1,10.5622424242211,3,6.70043971814109,5.32192809488736,6.16992500144231,2.58496250072116,6.83289001416474,1,12.7657004876511,2,3.32192809488736,2,3.8073549220576,7.4093909361377,5.58496250072116,5.52356195605701,4.16992500144231,3,13.3523193548468,9.01122725542325,11.0402897210257,4.32192809488736,13.0844762374539,3,4.70043971814109,4,12.1953722074027,1,3,1,4.58496250072116,1,12.0320457269308,3,4.4594316186373,1,1,1,13.7780771295354,8.08746284125034,4.32192809488736,4.16992500144231,4.16992500144231,10.2167458581953,6.88264304936184,1,6.75488750216347,1,11.0154150523867,4.32192809488736,4.90689059560852,7.74146698640115,2.58496250072116,6.78135971352466,1,8.03342300153745,15.7461993795238,15.3555575742594,2,7.28540221886225,6.12928301694497,12.0640690803855,7.71424551766612,2.58496250072116,2,10.6257088430645,10.8328900141647,10.57931593758,1,8.07681559705083,4.16992500144231,12.2215871212648,3.8073549220576,7.84549005094437,1,12.7077904955288,7.37503943134692,11.1674181458317,13.0161118382205,3.32192809488736,8.27612440527424,2.58496250072116,1,1,9.44708322620965,9.01122725542325,9.83289001416474,1,3.58496250072116,11.4408691676109,6.12928301694497,"0"
"TCGA.85.6560.01A",8.78790255939143,4,3.8073549220576,1,4,13.0310119074377,3,6.7279204545632,2,2,2,10.1873520732005,3.8073549220576,8.48381577726426,5.32192809488736,3.32192809488736,6.12928301694497,10.3060616894283,8.62205181945638,6.28540221886225,10.7021726853655,14.095561855131,1,14.1554507313121,5.52356195605701,8.79441586635011,7.91886323727459,9.60733031374961,6.20945336562895,12.2638560195961,4.8073549220576,5.24792751344359,12.6406968375701,9.21916852046216,2,1,12.1867332891289,2,10.2877123795494,3,6.95419631038687,6,15.1309726853492,1,12.9218409370745,5.08746284125034,10.2667865406949,2.58496250072116,8.04439411935845,1,6.7279204545632,1,14.4598158079896,5.58496250072116,2,7.89481776330794,1,8.27612440527424,1,3.32192809488736,6.4594316186373,4.8073549220576,13.0660891904578,9.61470984411521,5.58496250072116,3,6.85798099512757,2.58496250072116,1,8.76818432477693,12.5698556083309,4.4594316186373,1,2.58496250072116,5.52356195605701,3.58496250072116,11.3387363825739,1,1,1,1,1,13.6991386252759,6.58496250072116,7.58496250072116,11.963618617444,6.95419631038687,10.4696418172395,6.35755200461808,1,6.88264304936184,10.4978518369511,12.1548181090521,2,10.2992080183873,6.75488750216347,1,7.20945336562895,3.58496250072116,4.16992500144231,10.3014961949825,4.32192809488736,1,11.2155329997457,9.4797802640291,16.2317086980481,13.1036156563945,2,4.4594316186373,6.04439411935845,11.6510516911789,14.1837904349465,1,2,1,9.87958324961278,2,8.59991284218713,2.58496250072116,13.9572834555884,6.16992500144231,8.15987133677839,12.9936460600166,2,10.3728650601126,5.32192809488736,1,1,4,12.8025163651212,8.23840473932508,1,2,2,8.38370429247405,"0"
"TCGA.85.7710.11A",7.75488750216347,5.85798099512757,3,1,1,7.95419631038687,1,4.58496250072116,1,1,4.16992500144231,11.1019756709492,4,7.08746284125034,7.28540221886225,6.55458885167764,1,5.75488750216347,3,2.58496250072116,15.6248525595053,12.5745935273376,2,16.0043082615436,2,6.58496250072116,7.4757334309664,5.75488750216347,6.20945336562895,15.6968588854691,5.95419631038687,5.85798099512757,12.4737057496194,9.81698362325538,1,2,12.3847837500934,1,7.02236781302845,2,3.32192809488736,7.89481776330794,13.6508273741388,1,8.4178525148859,3,6.90689059560852,5.52356195605701,3.58496250072116,2,6.58496250072116,1,12.5641494899857,2.58496250072116,4.16992500144231,2,1,12.5112584955023,4.70043971814109,5.24792751344359,7.4262647547021,1,15.3416578045122,9.19967234483636,7.85798099512757,1,6.20945336562895,1,2.58496250072116,1,10.2094533656289,1,2,2.58496250072116,2.58496250072116,1,13.5048189876328,1,1,1,2,2.58496250072116,15.769372982971,8.59245703726808,2,2.58496250072116,4.32192809488736,11.0901124196643,6.85798099512757,1,5.52356195605701,2,9.43045255166553,2,5.95419631038687,7.53915881110803,1,13.3828941688921,1,11.3717766443379,7.10852445677817,6.75488750216347,1,4.32192809488736,7.65821148275179,13.6304946615056,9.67948009950545,1,1,4.70043971814109,9.10852445677817,10.9571020415623,1,3.58496250072116,3.32192809488736,6.24792751344359,2,6.24792751344359,1,12.5367328898354,7.89481776330794,5.4594316186373,16.2534412636583,2.58496250072116,7.61470984411521,2.58496250072116,1,1,11.8749813476538,8.18982455888002,9.86418614465428,1,1,4.70043971814109,3.58496250072116,"0"
"TCGA.60.2710.01A",14.2755425560867,11.8986013874039,4.90689059560852,2,1,13.3114645154484,6.83289001416474,6.8073549220576,4.16992500144231,4.16992500144231,8.5077946401987,11.7788984760084,3,10.3219280948874,11.8548683832602,6.16992500144231,3.58496250072116,13.9414144709429,6.55458885167764,1,13.7782825099957,14.3847837500934,8.02236781302845,13.1487943214243,2.58496250072116,10.9886846867722,6.16992500144231,7.28540221886225,12.9794251953315,13.0423433797937,7.76818432477693,11.9527412471865,12.3586512008929,10.8517490414161,2,9.83920378809694,10.0498485494506,5.64385618977472,10.9643408677924,4.58496250072116,6.16992500144231,5.95419631038687,13.7644569636199,4.16992500144231,9.63299519714296,6.20945336562895,7.94251450533924,4.16992500144231,8.69348695749932,2,9.04984854945056,1,13.1065629404449,2,8.05528243550119,1,1,7.62935662007961,3.32192809488736,7.8073549220576,5.24792751344359,2,12.6952282914958,9.36194377373524,9.37503943134693,4.58496250072116,12.1836353814732,1,4.32192809488736,3.32192809488736,13.2470374187886,2,1,2.58496250072116,10.6917435191713,1,11.581200581925,2,4.32192809488736,1,3,3,14.519021895622,7.4093909361377,7.94251450533924,7.32192809488736,7.44294349584873,10.8933015308606,9.2045711442492,2,8.07681559705083,2.58496250072116,11.6555307231556,5.08746284125034,9.96578428466209,8.29462074889163,1,7.4093909361377,3.32192809488736,7.14974711950468,13.211888294546,16.058879600166,3.58496250072116,4.58496250072116,9.14465824283188,14.0360018529199,11.9679467058127,3.8073549220576,3.32192809488736,11.871135184243,10.91288933623,12.5555477716471,1,5.52356195605701,4.16992500144231,11.6812384117778,1,7.89481776330794,2.58496250072116,16.0157634873699,5.58496250072116,12.3966047811819,15.0741414627525,2,8.02236781302845,3.8073549220576,4,2.58496250072116,8.49984588708321,10.4898479604393,10.1421070573025,1,3.8073549220576,9.56985560833095,7.93073733756289,"0"
"TCGA.98.A539.01A",14.515576652096,9.40087943628218,5.75488750216347,3.32192809488736,7.4757334309664,6.64385618977472,1,8.85798099512757,3.32192809488736,3.8073549220576,6.90689059560852,13.2735042339622,8.05528243550119,4,10.0416591516372,7.10852445677817,4,12.1830150008828,8.05528243550119,1,12.4019461239765,13.0677704574478,6.55458885167764,14.4902241357596,6.61470984411521,9.96578428466209,4.4594316186373,8.76818432477693,12.5788443915582,12.192909219112,8.97154355395077,7.59991284218713,10.5584207132687,9.61838550225861,1,10.3815429511846,10.5430318202552,4.8073549220576,13.5624809453493,2,8.56224242422107,5,14.1062357616157,3.8073549220576,9.77478705960117,6,9.57364718749332,3.32192809488736,3.8073549220576,6.20945336562895,6.88264304936184,1,13.158294103604,2,7.64385618977472,1,3.32192809488736,8.33091687811462,4,7.32192809488736,5.8073549220576,2,12.0701209444768,6.4594316186373,5.52356195605701,3,12.4548133485125,2.58496250072116,3.32192809488736,8.92481250360578,12.8753654006418,1,1,2,5.52356195605701,4.58496250072116,10.243173983473,2,11.2288186904959,1,2.58496250072116,1,13.1601865766007,5.24792751344359,7.8073549220576,2,5.52356195605701,10.539158811108,10.3128829552844,3,8.44294349584873,1,12.3509391815464,4,3.32192809488736,6.35755200461808,5.08746284125034,8.88264304936184,1,6.70043971814109,14.5748300153376,15.182704710519,1,7.24792751344359,7.06608919045777,14.7064960180612,5.90689059560852,5.8073549220576,2,8.64385618977472,10.0552824355012,12.5033288566267,1,8.40087943628219,1,7.84549005094437,2.58496250072116,7.71424551766612,4.32192809488736,14.4815471902033,9.91587937883577,10.6073303137496,13.4888443464573,2,10.6202198255075,6.6724253419715,2,2,6.90689059560852,10.1421070573025,8.28540221886225,1,5.08746284125034,5.75488750216347,4.58496250072116,"0"
"TCGA.39.5035.01A",13.0993478104032,14.5387951828664,6.12928301694497,4,2,9.35314682549808,1,11.5593770905267,4.4594316186373,1,3.8073549220576,11.0056245491939,1,4.32192809488736,9.56605403817109,4.16992500144231,2.58496250072116,12.9804966361835,9.68299458368168,5.75488750216347,11.5980525001616,12.7202442582876,7.55458885167764,13.1506992887445,3.32192809488736,7.4093909361377,9.16992500144231,11.311748315005,11.9166259222112,10.8978454560055,3,8.12928301694497,11.2395985292491,8.36632221424582,2,6.24792751344359,9.51963625284321,6.64385618977472,6.39231742277876,4,6.04439411935845,4.8073549220576,12.9218409370745,1,9.13442632022093,3.58496250072116,7.74146698640115,1,3,2,3.58496250072116,1,12.590587049915,2,8.17990909001493,1,1,6.75488750216347,2.58496250072116,7.18982455888002,3,3.32192809488736,10.612868497291,5.90689059560852,9.14974711950468,7.02236781302845,10.9715435539508,1,3.32192809488736,3.32192809488736,12.9008668079807,1,1,2.58496250072116,2.58496250072116,7.22881869049588,9.66888498426625,2.58496250072116,6.08746284125034,1,1,2.58496250072116,11.6393407086522,5.16992500144231,1,1,6.35755200461808,8.78135971352466,6.28540221886225,2,3.58496250072116,1,12.0175044011094,3,3,7.12928301694497,1,7.04439411935845,7.4262647547021,6.64385618977472,14.1419474583156,10.0660891904578,3.32192809488736,1,6,13.5600939576425,5.90689059560852,3,1,8.97154355395077,9.94544383637791,11.237209960755,1,3.32192809488736,7.95419631038687,7.7279204545632,2,7.85798099512757,2,13.1225044843139,6.4594316186373,8.4757334309664,12.1811522568656,1,12.7021726853655,2,1,1,6.08746284125034,8.31288295528435,12.9469062744564,1,3.32192809488736,6.6724253419715,1,"0"
"TCGA.98.A53C.01A",9.5274770060604,3,3.32192809488736,2.58496250072116,1,8.59245703726808,1,5.95419631038687,1,1,3.58496250072116,11.8501868376458,3.32192809488736,6.16992500144231,6,7.61470984411521,3.8073549220576,7.10852445677817,4.16992500144231,1,15.0179393014958,12.9181178510318,5.24792751344359,16.1662807912123,1,7.14974711950468,5,6.04439411935845,7.55458885167764,15.9826816936139,5.08746284125034,6.6724253419715,11.7287708495427,9.94836723158468,2.58496250072116,3,12.5877775163282,1,11.1497471195047,2,4.58496250072116,7.4594316186373,13.4951055100078,2,9.49984588708321,3.32192809488736,7.39231742277876,6.83289001416474,4.70043971814109,3.58496250072116,6.12928301694497,1,12.9031286768123,1,3,4.32192809488736,1,12.0056245491939,6.28540221886225,5.70043971814109,7.24792751344359,2.58496250072116,14.2354159356025,9.71080643369935,8.39231742277876,3,5.8073549220576,1,1,5.85798099512757,10.7004397181411,2.58496250072116,3.32192809488736,2,7.18982455888002,1,12.7883105037009,1,9.49185309632967,1,3.58496250072116,1,16.3240047004109,9.64024493622235,5.70043971814109,1,3.8073549220576,10.1774195379892,7.33985000288462,1,4.8073549220576,1,9.82336724004623,2,8.01122725542325,8.53915881110803,2,13.4157417682901,3,11.2679570844028,10.3487281542311,10.4008794362822,1,4.70043971814109,7.32192809488736,13.5964227307175,7.6724253419715,2,3,7.06608919045777,8.53138146051631,14.5579422867874,1,4.4594316186373,3,6.28540221886225,2,8.43462822763673,2,12.3874788658424,7.10852445677817,6.28540221886225,16.2600374211066,4.8073549220576,7,1,1,2.58496250072116,10.4450148458684,7.5077946401987,9.85798099512757,1,3.58496250072116,2.58496250072116,4.90689059560852,"0"
"TCGA.66.2754.01A",6.4594316186373,4,5.64385618977472,1,1,12.6059424396254,1,6.97727992349992,1,3,3,10.2620948453702,3.8073549220576,3,6,4.32192809488736,1,12.0667619323869,8.83289001416474,1,10.3465137331656,12.9080172610628,7.95419631038687,11.2143191208008,2,6.24792751344359,10.0633950812885,6.78135971352466,3,9.42206476617281,6.08746284125034,8.74146698640115,12.0154150523867,8.4178525148859,4.8073549220576,2,10.3083390301394,5.16992500144231,13.18146288127,3,3.32192809488736,6.04439411935845,13.9001120629775,6.90689059560852,6.12928301694497,6.88264304936184,7.94251450533924,3.8073549220576,5.58496250072116,7.68650052718322,6.95419631038687,1,13.1538686552232,2.58496250072116,8.85174904141606,8.4093909361377,1,6.32192809488736,5.24792751344359,6.58496250072116,2.58496250072116,4.4594316186373,11.5708044377245,7.24792751344359,3.58496250072116,2,7.12928301694497,1,4.90689059560852,8.99435343685886,13.664447284548,1,3,1,10.1774195379892,6.12928301694497,9.25266543245025,1,11.8313072438021,1,1,5,10.7731392067197,13.0904432750816,6.90689059560852,2,12.5731737846865,9.02236781302845,8.37503943134692,1,7.65821148275179,9.11374216604919,14.7273887030401,6.83289001416474,10.8517490414161,7.35755200461808,1,7.32192809488736,1,8.15987133677839,7.2667865406949,5.70043971814109,1,14.3880172853451,10.5255208090951,12.8579809951276,7.06608919045777,3.32192809488736,3,9.61102479730735,11.9686667931952,12.3831642606351,3.58496250072116,2,1,7.3037807481771,6.16992500144231,5.32192809488736,8.73470962022584,12.871135184243,13.4369717450491,2.58496250072116,13.1237980912519,5.52356195605701,14.9355334129507,1,4.32192809488736,4.16992500144231,6.52356195605701,10.1522848423066,8.29462074889163,7.58496250072116,1,12.7427304765192,2.58496250072116,"0"
"TCGA.85.A510.01A",5.58496250072116,2.58496250072116,4.32192809488736,1,1,10.8872206154684,1,4.32192809488736,1,3.32192809488736,1,9.24317398347295,3,2,5.52356195605701,3,1,8.40087943628219,3.58496250072116,6.78135971352466,11.8336807486547,13.2206806210522,5.4594316186373,11.8305152069768,1,5.75488750216347,5.4594316186373,2,4,12.2911706993219,3,10.4512111118323,11.0402897210257,8.55458885167764,5.4594316186373,1,10.7279204545632,1,11.1560830762887,2,3.58496250072116,3.8073549220576,13.2517782570359,3.58496250072116,7.59991284218713,6.64385618977472,9.37937836707126,2,5.24792751344359,7.7279204545632,6.4262647547021,1,11.9505558970475,2,2.58496250072116,4.4594316186373,1,8.02236781302845,5.95419631038687,8.03342300153745,7.70043971814109,3.58496250072116,10.1059085085712,9.60733031374961,6.7279204545632,1,8.52356195605701,1,5.08746284125034,8.76818432477693,11.5603328342124,1,2,1,5.58496250072116,1,9.79766152585376,1,3,1,2,5.64385618977472,13.2200759709843,8.4093909361377,9.19967234483636,9.04984854945056,6.85798099512757,9.79766152585376,7.56985560833095,1,9.68650052718322,10.9498267107591,9.49185309632967,1,9.43462822763673,4.58496250072116,1,7.16992500144231,4,6.85798099512757,6.28540221886225,4.8073549220576,1,4.32192809488736,9.01680828768655,13.7313190310251,8.55458885167764,2.58496250072116,4.16992500144231,7.10852445677817,10.8672787397097,14.2673719312653,1,2,3,8.83920378809694,3.32192809488736,6.70043971814109,5.58496250072116,12.2992080183873,5.85798099512757,3.8073549220576,12.7008731551403,7.65821148275179,12.9939997917925,3,1,3,7.8073549220576,9.63299519714296,8.4594316186373,1,1,15.4088604360248,2.58496250072116,"0"
"TCGA.63.6202.01A",10.1699250014423,7.55458885167764,2,2.58496250072116,1,9.51175265376738,1,11.3685064615077,2,1,2,13.0778171208959,3.58496250072116,5.75488750216347,1,4.16992500144231,1,11.9038818457362,9.5352753766208,2,11.5943246039248,12.4853261892405,2,12.5082899861403,1,6.08746284125034,5.08746284125034,2,10.9454438363779,10.0552824355012,1,6.08746284125034,11.1382718001722,8.25738784269265,1,1,11.3793783670713,1,8.94836723158468,2.58496250072116,5.16992500144231,5.85798099512757,13.5945578798637,1,8.74819284958946,1,7.24792751344359,4.58496250072116,3.8073549220576,2,4.16992500144231,1,13.4359306517036,2.58496250072116,2,1,2,7.68650052718322,3,3,6.39231742277876,2,14.1879705919842,7.3037807481771,3.8073549220576,1,16.4180172869821,2,5.08746284125034,1,12.2360141919001,1,1,2.58496250072116,2,1,12.3387363825739,1,2.58496250072116,1,1,2,15.886125229233,5.64385618977472,2.58496250072116,6.24792751344359,6.28540221886225,11.0525680508042,7.02236781302845,1,3.32192809488736,1,11.3320365483617,1,3,6.8073549220576,1,6.16992500144231,1,7.55458885167764,12.5750664645787,5.70043971814109,1,4.58496250072116,9.05528243550119,14.5500252574658,8.29462074889163,2,2,6,10.1267044728432,10.958552715431,1,1,1,7.64385618977472,6.08746284125034,6.8073549220576,2,11.3342732853072,6.93073733756289,4.4594316186373,14.7900429812655,7.59991284218713,9.34872815423108,1,1,1,7.12928301694497,10,9.70043971814109,1,2,1,2,"0"
"TCGA.43.5670.11A",10.5641494899857,7.22881869049588,1,1,1,7.37503943134692,3,6.32192809488736,2.58496250072116,1,7.04439411935845,11.9344280406268,1,8.05528243550119,9.14465824283188,8.45121111183233,3.8073549220576,9.88264304936184,4.8073549220576,4.58496250072116,15.2545119641767,12.6781599575428,3.8073549220576,17.2210961710217,2,7.4757334309664,5.95419631038687,1,4.4594316186373,16.096509275781,5.52356195605701,9.56224242422107,12.7393587074334,11.0781508077346,1,4,12.9740560226256,1,8.74819284958946,1,2.58496250072116,9.29001884693262,13.6849677251439,1,9.74819284958946,2,7.52356195605701,6.24792751344359,3.32192809488736,5.95419631038687,5.70043971814109,1,12.9155059622319,2,3.58496250072116,1,1,13.7513348364013,2.58496250072116,5.85798099512757,9.67595703294175,2.58496250072116,16.460263899631,9.14465824283188,11.5755392468345,2.58496250072116,7.88264304936184,1,2,2,9.73131903102506,1,2,1,1,1,15.3892952269088,1,1,4.8073549220576,1,1,17.0091944128212,6.58496250072116,3.32192809488736,4,4.4594316186373,13.6821167649501,6.64385618977472,1,3.32192809488736,1,9.60362634498619,2.58496250072116,8.33985000288462,6.52356195605701,1,13.6388883822523,1,11.8097681287104,8.23840473932508,13.1446582428319,1,5.90689059560852,7,13.9287034191934,6.83289001416474,1,1,8.64385618977472,7.78135971352466,15.5488219084588,1,2.58496250072116,2.58496250072116,6.7279204545632,2.58496250072116,4.32192809488736,1,12.8332854355845,8.09803208296053,4.90689059560852,17.0565318797289,3.32192809488736,5.85798099512757,1,4.16992500144231,1,12.3009244909763,6.85798099512757,10.5584207132687,1,1,4.70043971814109,8.94251450533924,"0"
"TCGA.37.4132.01A",11.7270695580237,4.58496250072116,9.3037807481771,1,1,7.12928301694497,2,6.8073549220576,1,1,2.58496250072116,9.92481250360578,6.24792751344359,3.58496250072116,9.45121111183233,4.58496250072116,7.5077946401987,11.4450148458684,18.4662198823266,3.32192809488736,9.876516946565,13.1315354686763,2.58496250072116,11.9592775057205,1,13.1166688559671,3.58496250072116,9.68650052718322,4.8073549220576,12.0028150156071,7.5077946401987,9.5274770060604,10.5943246039248,8.49984588708321,7.32192809488736,2,10.4512111118323,4,5.32192809488736,1,5.08746284125034,5.58496250072116,13.2149261879424,3.58496250072116,10.8313072438021,7.95419631038687,10.7210991887072,2.58496250072116,5.85798099512757,3.58496250072116,4.70043971814109,1,11.8025163651212,8.94251450533924,8.64385618977472,1,2.58496250072116,6.4594316186373,2,1,3,7.91886323727459,10.9498267107591,7.55458885167764,3.8073549220576,2.58496250072116,4.32192809488736,7.71424551766612,2.58496250072116,6,12.9347965921784,1,1,1,4.32192809488736,1,10.8887432488983,1,1,1,1,2,11.2656150464845,7.39231742277876,2.58496250072116,2,13.3034953767904,10.2573878426927,6.16992500144231,1,7.18982455888002,1,12.7469341363723,2.58496250072116,12.5171772526895,10.2070143201775,1,8.02236781302845,2,7.71424551766612,6.90689059560852,3.58496250072116,1,7.62935662007961,6.88264304936184,12.6622233053178,11.567005370247,2,2,4.70043971814109,12.7393587074334,14.6226238408115,3,2.58496250072116,1,5.70043971814109,2.58496250072116,6.7279204545632,3,13.1385917946375,12.6402449362223,3.32192809488736,11.7159619902551,2,14.3255865452106,2.58496250072116,2.58496250072116,1,7.49185309632967,9.70390357344466,9.02790599656988,1,2,7.95419631038687,3.32192809488736,"0"
"TCGA.37.5819.01A",6.4594316186373,5.08746284125034,7.5077946401987,1,1,9.90086680798075,1,5.70043971814109,2,5,3.32192809488736,10.1823943534045,3,4.16992500144231,5.08746284125034,5.64385618977472,1,12.3309168781146,9.61102479730735,11.3286749273279,8.01122725542325,13.8045344029952,7.7279204545632,11.3331553503106,2,7.62935662007961,12.5439984501345,7.02236781302845,6.52356195605701,10.4199601778479,5.64385618977472,12.7862696276485,11.4460494067166,9.2667865406949,7.2667865406949,3,10.9744145898055,4.70043971814109,12.115693952197,6.12928301694497,5.4594316186373,10.7142455176661,14.1411491984375,6.16992500144231,8.96000193206808,7.04439411935845,8.98299357469431,3.32192809488736,7.55458885167764,8.24792751344359,6.28540221886225,1,13.8045344029952,2,8.16992500144231,8.02236781302845,2,7.22881869049588,6.28540221886225,7.56985560833095,5,4,10.2714630279044,8.36632221424582,5.85798099512757,2.58496250072116,9.08746284125034,1,4.70043971814109,10.4115109880121,13.6204489520133,1,1,1,11.0347989625773,5.85798099512757,11.0874628412503,1,11.595257481449,1,1,3.58496250072116,9.84549005094438,14.0907740546408,8.95419631038687,6.75488750216347,13.7834075421735,9.52356195605701,10.4594316186373,1,7.4594316186373,11.800090987625,12.3353903546939,5.4594316186373,12.1503819688178,7.59991284218713,3.32192809488736,7.53915881110803,3.58496250072116,6.55458885167764,10.4918530963297,6.52356195605701,1,9.94251450533924,12.6339034093485,12.3487281542311,5.4594316186373,3.32192809488736,6,11.5507467853832,11.4325419003883,10.8564255286255,4.16992500144231,1,1,9.63662462054365,6.7279204545632,8.01122725542325,10.8233672400462,12.8868397058844,11.8415643477306,4.70043971814109,12.1111356702347,7.84549005094437,14.2424298275577,3.58496250072116,4.4594316186373,3.32192809488736,8.6724253419715,10.2288186904959,9.4797802640291,1,2,16.6919343103882,4.32192809488736,"0"
"TCGA.56.7582.11A",9.68299458368168,4,3.32192809488736,1,1,6.58496250072116,1,3.32192809488736,1,1,3,12.577900836887,2,6.61470984411521,7.16992500144231,7.5077946401987,3.58496250072116,6.08746284125034,5.85798099512757,1,14.4492776359465,12.4903495057393,4.16992500144231,17.2741233148015,2,7.75488750216347,5.39231742277876,4,4,15.4496645384762,5.39231742277876,5.85798099512757,13.0195907283579,10.4157417682901,1,2.58496250072116,12.4236411950759,1,8.78135971352466,1,5.4594316186373,8.98868468677217,13.9123280126871,1,6.64385618977472,2.58496250072116,8.15987133677839,5.52356195605701,3,4.90689059560852,5.85798099512757,1,13.5137275959524,1,7.02236781302845,1,1,14.7215264640075,1,4,11.5018371849023,4.8073549220576,14.7337568221455,8.88874324889826,8.35755200461808,4.4594316186373,7.96578428466209,1,2,2,9.74819284958946,1,1,3,2,1,14.1623913287569,1,1,3.8073549220576,1,1,17.1800839750958,6.08746284125034,3.8073549220576,4,5.39231742277876,16.0106592222356,6.61470984411521,1,2.58496250072116,1,8.70735913208088,2,5.95419631038687,6.61470984411521,2,12.467605550083,1,9.55458885167764,7.02236781302845,7.33985000288462,1,5.24792751344359,7.2667865406949,14.1283166029035,8.31288295528435,2.58496250072116,1,6.28540221886225,8.34872815423108,14.7894317561295,1,3.8073549220576,2,5.58496250072116,1,4.4594316186373,1,13.0140204703149,7.12928301694497,5.32192809488736,16.3733409839269,2,4.90689059560852,1,1,1,11.8509681509824,7.7279204545632,10.9943534368589,1,2,6.16992500144231,4.8073549220576,"0"
"TCGA.21.1070.01A",13.1315354686763,14.5002194648439,6.4262647547021,4.4594316186373,1,8.94836723158468,8.84549005094437,11.4868350215631,2,4.58496250072116,9.20945336562895,10.8501868376458,3.32192809488736,3.32192809488736,6.49185309632967,7.4093909361377,4,12.4299297413533,7.3037807481771,1,11.8826430493618,11.90989308377,3.58496250072116,14.2403441466314,2,9.33985000288462,7.24792751344359,8.48381577726426,12.7788984760084,11.5176693881338,7,8.59245703726808,10.8121773055144,8.43462822763673,1,10.3553510964248,9.6582114827518,1,11.8910241901495,1,5.24792751344359,5.16992500144231,13.3224915375975,2,9.22881869049588,2,8.55458885167764,1,5.70043971814109,4.58496250072116,3.8073549220576,1,12.1947568544222,1,7.4757334309664,1,3.32192809488736,4.8073549220576,1,3.8073549220576,3.58496250072116,2.58496250072116,11.4532706340106,7.94251450533924,8.49984588708321,1,13.8925428166486,1,3,4.16992500144231,12.6077926419192,1,1,4,6.52356195605701,1,10.1623913287569,1,2,1,6.64385618977472,3,14.7594721212028,6.49185309632967,6.88264304936184,2.58496250072116,4.16992500144231,8.63662462054365,10.3837042924741,3.32192809488736,7.95419631038687,2,11.5206186805563,4.8073549220576,6.52356195605701,9.00562454919388,1,9.03342300153745,1,4.70043971814109,14.340823716009,14.3174126137649,5.70043971814109,8.69348695749932,11.311748315005,13.6225094546833,7.65821148275179,5,1,10.1369911120802,9.98013957763916,11.2191685204622,1,8.32192809488736,5.39231742277876,10.3398500028846,2,9.46352437327118,3.8073549220576,17.1865978947277,7.53915881110803,11.8169836232554,12.4109812670438,3,12.6174674652942,6.78135971352466,2,1,6.39231742277876,10.3309168781146,7.94251450533924,1,4.90689059560852,7.97727992349992,5.4594316186373,"0"
"TCGA.46.3769.01A",10.6183855022586,10.3487281542311,6.8073549220576,2.58496250072116,8.34872815423108,13.4833119549994,6.75488750216347,10.8564255286255,1,1,4.16992500144231,11.410451351504,3,2.58496250072116,7.4757334309664,5,3.58496250072116,10.8841705191084,4.90689059560852,2.58496250072116,8.78135971352466,12.859146495426,2.58496250072116,15.1177242588184,4.90689059560852,8.94251450533924,4.32192809488736,6.32192809488736,11.3695973462787,8.92481250360578,6.49185309632967,7.06608919045777,10.5058115539196,9.04439411935845,2.58496250072116,3.8073549220576,9.64024493622235,1,9.10852445677817,4.16992500144231,8.44294349584873,5,14.6919615642168,5.90689059560852,11.0794847838268,7.52356195605701,4.58496250072116,2,8.56985560833095,6.4594316186373,4.70043971814109,1,14.0028150156071,1,8.6724253419715,4,5.70043971814109,5.90689059560852,8.58496250072116,7.08746284125034,3.32192809488736,3.8073549220576,13.5802585674998,7.65821148275179,5.52356195605701,1,14.7016313566883,6.6724253419715,2.58496250072116,9.06069593168755,8.45121111183233,4,2,5,6.7279204545632,5.85798099512757,14.8700756892226,2.58496250072116,14.2144709115359,1,2.58496250072116,3.32192809488736,15.039176100715,14.298062567719,4.90689059560852,3.58496250072116,12.7899411283909,9.46352437327118,5,2,5.08746284125034,1,7.8073549220576,4.32192809488736,4,9.13955135239879,2.58496250072116,5.70043971814109,3.58496250072116,5.24792751344359,12.5211096436513,10.7895336449704,3,8.12928301694497,11.4491486453754,13.8801574566018,7.71424551766612,4,1,9.95128471496697,9.28540221886225,8.19967234483637,1,7.78135971352466,1,7.39231742277876,9.08214904135387,6,3.58496250072116,11.8249587405285,5.90689059560852,7.22881869049588,12.6943578872215,1,10.2191685204622,2,1,1,1,10.2167458581953,9.11894107272351,2,2,5.58496250072116,1,"0"
"TCGA.85.8048.01A",13.3633134643735,10.4777582664439,3.8073549220576,2.58496250072116,5.85798099512757,10.6812384117778,2,9.95710204156229,3.58496250072116,4.16992500144231,3.8073549220576,11.3253054550897,2,5.85798099512757,8.33091687811462,6.52356195605701,2.58496250072116,9.80413102118332,7.35755200461808,2,13.5497846679479,12.1830150008828,8.69348695749932,13.1981380524011,2.58496250072116,9.12928301694497,6.83289001416474,8.64385618977472,7.8703647195834,12.7439928610602,5.58496250072116,10.2312211807112,10.9943534368589,8.88264304936184,3,4.32192809488736,10.8454900509444,1,10.6812384117778,4.58496250072116,6,6.12928301694497,13.1551344548578,3.8073549220576,12.4157417682901,5.08746284125034,9.39660478118186,4.90689059560852,3.58496250072116,4.70043971814109,6.8073549220576,1,12.6234242898699,2,7.20945336562895,1,1,9.31741261376487,4.32192809488736,7.02236781302845,6.52356195605701,3,11.7347096202258,10.3901689562002,15.9218409370745,3.32192809488736,8.61470984411521,1,1,7.18982455888002,9.78135971352466,1,1,7.3037807481771,7.96578428466209,1,10.7879025593914,1,6.24792751344359,1,2,2.58496250072116,14.4156097440355,6.4594316186373,3.8073549220576,3.58496250072116,5.4594316186373,10.7090838125503,6.4594316186373,1,7.16992500144231,8.89481776330794,10.3837042924741,2.58496250072116,3.32192809488736,7.65821148275179,4,11.6952282914958,3,7.20945336562895,11.8970891283128,10.7465143211385,7.4757334309664,7.18982455888002,7.88264304936184,14.2784494582205,9.35314682549808,2.58496250072116,4,9.79766152585376,9.73470962022584,15.0153279304904,7.22881869049588,5.16992500144231,4.16992500144231,8.83920378809694,3.8073549220576,9.73131903102506,3.32192809488736,14.1598713367784,9.2336196767597,12.8368393597487,15.081733075304,2.58496250072116,10.1749256825007,2,1,1,8.14974711950468,9.13442632022093,8.53138146051631,4,3.32192809488736,4.16992500144231,5.24792751344359,"0"
"TCGA.43.2576.01A",13.6082548219779,9.92777796208234,5.16992500144231,1,1,8.53138146051631,1,10.5313814605163,1,1,1,10.3219280948874,3.32192809488736,5.64385618977472,5.24792751344359,3.58496250072116,1,10.5830827675029,8.08746284125034,11.4797802640291,8.76818432477693,11.9936460600166,10.5255208090951,12.0828143376723,1,8.97727992349992,3.8073549220576,6.83289001416474,7.76818432477693,10.3901689562002,3.8073549220576,4.58496250072116,10.2502984179063,8.99435343685886,1,3,11.8726748802706,1,8.52356195605701,2.58496250072116,6.32192809488736,5.70043971814109,13.2514824106202,1,12.6825557410803,4.16992500144231,7.4262647547021,1,3.8073549220576,4,5.52356195605701,1,13.6279897843157,2,2.58496250072116,2,1,7.91886323727459,5.16992500144231,6.83289001416474,5.24792751344359,2,10.9381093262192,8.19967234483637,8.58496250072116,2,14.6598844314618,2.58496250072116,3.32192809488736,8.94251450533924,10.0768155970508,1,1,3,5.64385618977472,2,13.32108251801,3,9.13955135239879,1,2,1,16.1655351413779,11.3387363825739,6.39231742277876,5.39231742277876,4.4594316186373,9.86108690599539,7.37503943134692,1,6.39231742277876,1,9.2336196767597,1,8.16992500144231,7.24792751344359,2,6.32192809488736,3.58496250072116,2.58496250072116,12.4868350215631,8.65105169117893,1,6.6724253419715,11.7944158663501,13.0028150156071,7.37503943134692,2.58496250072116,3.32192809488736,8.56224242422107,8.77478705960117,11.1761731491075,1,1,1,9.81378119121704,6.70043971814109,7.56985560833095,1,10.9038818457362,9.56224242422107,8.73470962022584,9.4262647547021,5.32192809488736,9.59618975614441,5.24792751344359,1,1,2,8.33985000288462,8.31288295528435,1,1,1,5.95419631038687,"0"
"TCGA.56.8503.01A",13.1516508299734,16.0920964149908,4.58496250072116,4.32192809488736,1,10.4797802640291,8.10852445677817,9.18487534290828,2.58496250072116,2.58496250072116,9.31741261376487,11.8925428166486,3.32192809488736,8.91886323727459,6.83289001416474,7.12928301694497,3,11.8517490414161,10.3174126137649,5.8073549220576,10.1996723448364,12.6706562491184,5.95419631038687,12.1904420187828,2.58496250072116,7.70043971814109,6.24792751344359,9.18982455888002,13.0697853949833,11.2143191208008,3.8073549220576,8.06608919045777,10.9829935746943,8.34872815423108,3.8073549220576,11.1510165388922,9.98299357469431,4.4594316186373,10.8826430493618,2,7.18982455888002,6,12.7565563225241,3.8073549220576,12.3094763538411,4.16992500144231,9.2807707701306,3,6,6.08746284125034,8.66533591718518,1,12.930367747439,2,6.97727992349992,5,3,6.08746284125034,4.90689059560852,7.84549005094437,5.64385618977472,2.58496250072116,12.5933911227917,9.57364718749332,10.5565060546719,3,13.0704564159446,1,2,5.39231742277876,10.7927902943011,1,2.58496250072116,4.8073549220576,8.35755200461808,2.58496250072116,10.581200581925,1,1,1,2.58496250072116,1,12.2714630279044,6.75488750216347,4,3.58496250072116,2.58496250072116,8.48381577726426,9.4757334309664,2,7.62935662007961,3.8073549220576,11.1811522568656,3.8073549220576,7.74146698640115,8.52356195605701,1,7.4262647547021,4.4594316186373,3.58496250072116,14.8563282562632,14.3998119593257,4.58496250072116,4.32192809488736,10.9425145053392,13.9666856874036,9.97441458980553,2.58496250072116,1,10.1163439612375,9.36194377373524,13.0552824355012,1,6.97727992349992,5.24792751344359,11.8328900141647,3.58496250072116,10.9307373375629,3.58496250072116,14.1328210067796,6.28540221886225,12.9151324489507,8.75488750216347,4.58496250072116,7.74146698640115,2.58496250072116,1,4.16992500144231,2,9.33091687811462,8.97727992349992,1,4.4594316186373,9.35314682549808,5.70043971814109,"0"
"TCGA.60.2725.01A",12.8853150610494,7.10852445677817,5,1,2.58496250072116,13.0437108633472,1,9.56224242422107,4.32192809488736,4,9.05528243550119,11.1510165388922,3.58496250072116,9.73470962022584,11.1433832139898,6.83289001416474,5.64385618977472,12.3874788658424,8.12928301694497,6.24792751344359,13.3003525603282,13.3412408205387,8.53138146051631,14.1575048399261,3.32192809488736,8.92481250360578,4.32192809488736,10.5216004397237,13.2597432636908,14.6637804506831,4.8073549220576,5.52356195605701,11.1674181458317,10.6238814900135,1,4.8073549220576,10.0901124196643,4.16992500144231,10.3685064615077,2,4.32192809488736,6.4594316186373,13.326710358347,3.32192809488736,11.9173720794768,6.70043971814109,8.13955135239879,5.52356195605701,6.32192809488736,2.58496250072116,7.20945336562895,1,12.6812384117778,2.58496250072116,8.17990909001493,4.58496250072116,2,8.2667865406949,3.32192809488736,8.33985000288462,4.70043971814109,3.32192809488736,13.3758539764185,8.55458885167764,13.6517244331081,4,10.4878400338231,1,2,8.10852445677817,11.7548875021635,1,1,5.24792751344359,10.4093909361377,4.16992500144231,11.7389366816761,2,2.58496250072116,2.58496250072116,2.58496250072116,3,14.2833777892856,12.8273427042341,7.8703647195834,7.94251450533924,5.4594316186373,11.5821419816588,8.31288295528435,2,5.95419631038687,3.32192809488736,10.2502984179063,4,9.59245703726808,7.98868468677217,1,10.2597432636908,3,7.76818432477693,13.6637804506831,12.0007042690112,2.58496250072116,7.7279204545632,9.20945336562895,12.6934869574993,11.3890935219045,5.16992500144231,3,11.1736771363034,11.8305152069768,13.8845521339872,6.08746284125034,2.58496250072116,2,12.2567983860794,3.32192809488736,10.902375114486,3,14.1597136910326,5.75488750216347,15.5584805054249,14.4712941706673,2.58496250072116,8.92481250360578,1,2,2,9.37503943134693,10.1111356702347,9.93957921431469,1,4.32192809488736,9.66533591718518,6.85798099512757,"0"
"TCGA.60.2706.01A",6.12928301694497,2.58496250072116,4.70043971814109,3,2,10.3106127816595,1,8.70043971814109,1,2,2,12.9950604670327,3.32192809488736,5.39231742277876,6.35755200461808,5.52356195605701,2,4.32192809488736,6,10.3465137331656,11.4199601778479,13.693051295397,3.32192809488736,13.0784844174114,1,9.13955135239879,3.58496250072116,3.8073549220576,4.16992500144231,10.8841705191084,7.61470984411521,7.84549005094437,10.4304525516655,9.54689445988764,6.52356195605701,2,9.65105169117893,1,6.88264304936184,8.09803208296053,5.16992500144231,4.16992500144231,13.9665054519057,1,8.75488750216347,4.16992500144231,9.13955135239879,1,5.64385618977472,5.95419631038687,6.04439411935845,1,13.0687782779854,1,1,1,1,7.04439411935845,7.39231742277876,1,3.32192809488736,2.58496250072116,12.5660540381711,7.56985560833095,7.88264304936184,3.58496250072116,9.47167521439204,1,2.58496250072116,8.4178525148859,13.9977087484609,5.58496250072116,1,5.75488750216347,5.16992500144231,1,11.5971214287896,5.32192809488736,9.08214904135387,1,1,2.58496250072116,16.0158070358264,5.70043971814109,7.52356195605701,5.24792751344359,14.7334390828994,8.91886323727459,8.3037807481771,1,7.02236781302845,1,12.7125270004398,2,4.8073549220576,7.16992500144231,1,7.33985000288462,8.2667865406949,7.91886323727459,9.84862294042934,6.88264304936184,3,3.8073549220576,11.9607259948391,13.0157634873699,8.8703647195834,1,1,7.75488750216347,11.1749256825007,9.87958324961278,1,6.4594316186373,7.78135971352466,7.95419631038687,4,7,1,13.8161836814323,13.6891244049133,12.9012440324674,11.8719052376592,8.21916852046216,8.33091687811462,1,3.8073549220576,1,6.55458885167764,10.0606959316876,7.55458885167764,1,1,1,3.32192809488736,"0"
"TCGA.46.3766.01A",12.8719052376592,8.78790255939143,4,2.58496250072116,1,6.61470984411521,1,6.85798099512757,1,1,10.3442959079158,12.2888660741658,2,6.04439411935845,7.53915881110803,4.32192809488736,4.4594316186373,9.84235034341381,8.58496250072116,1,13.1401907031918,11.9751314569213,7.61470984411521,14.6000290339514,3.58496250072116,6.08746284125034,7.65821148275179,4.90689059560852,11.4828079567267,13.9050108623903,5.8073549220576,7.35755200461808,10.8517490414161,9.79116288855502,3.58496250072116,6.24792751344359,10.5137275959524,1,9.70043971814109,2.58496250072116,7.70043971814109,6.4594316186373,13.1055811812774,1,10.8185821774809,2,6.55458885167764,4.32192809488736,3,3.58496250072116,7.52356195605701,1,12.1000052244227,2,3,3,3,8.84549005094437,3.32192809488736,7.68650052718322,5.32192809488736,3.32192809488736,13.7829982089204,9.3037807481771,11.468624042918,4.70043971814109,8.95419631038687,2,2,1,11.3890935219045,1,2.58496250072116,4.16992500144231,4.70043971814109,1,11.0140204703149,1,2,1,1,1,13.9323993224338,6.35755200461808,4,2.58496250072116,6.20945336562895,10.2479275134436,6.04439411935845,1,4.32192809488736,1,10.5333297323058,3.8073549220576,4,6.28540221886225,1,7.95419631038687,1,7.93073733756289,14.075479149488,14.4897225468659,2,4.4594316186373,7.53915881110803,12.9392118826664,8.3037807481771,3.32192809488736,1,8.22881869049588,8.81378119121704,8.467605550083,1,5.70043971814109,3.58496250072116,6.90689059560852,3.32192809488736,5.75488750216347,1,11.9255544398736,4.90689059560852,7.4093909361377,14.3671416945524,2,8.43462822763673,1,1,1,7.78135971352466,7.70043971814109,9.81378119121704,1,3.58496250072116,6.32192809488736,6.24792751344359,"0"
"TCGA.85.A4PA.01A",7.16992500144231,2,2.58496250072116,2,1,8.98868468677217,4,5.32192809488736,1,1,3,10.3487281542311,1,5,6.4594316186373,6.52356195605701,1,6.04439411935845,2,3.32192809488736,12.2894425756883,11.9351650496037,2.58496250072116,13.1777309670333,1,5.95419631038687,10.8185821774809,6.04439411935845,6.83289001416474,13.9082049531259,4.4594316186373,5.95419631038687,11.6064052126978,8.04439411935845,1,2.58496250072116,13.5738838306565,1,4.16992500144231,2,2.58496250072116,4.8073549220576,13.3103287586168,1,9.62205181945638,1,6.75488750216347,2.58496250072116,4.4594316186373,1,6.35755200461808,1,11.2737955992143,2,1,2,1,9.06608919045777,2.58496250072116,6.28540221886225,6.24792751344359,1,11.240791332162,8.5077946401987,6,3,4.4594316186373,3,4.32192809488736,3,11.1947568544222,1,1,4.58496250072116,3.58496250072116,1,11.1686721181322,1,1,1,1,1,13.1068900450922,8.63662462054365,2.58496250072116,2.58496250072116,5.70043971814109,7,8.13955135239879,1,5.90689059560852,1,8.06608919045777,1,5.08746284125034,8.2667865406949,2.58496250072116,12.496853777388,1,7.65821148275179,7.33985000288462,4.90689059560852,1,5,6.93073733756289,12.7228075311695,8.68650052718322,2.58496250072116,1,2.58496250072116,9.29001884693262,13.9939997917925,1,2,3,6.95419631038687,2,8.4262647547021,1,11.6555307231556,7.91886323727459,5.85798099512757,13.4782640315817,1,10.4429434958487,1,2,1,8.68650052718322,9.38801728534514,6.88264304936184,1,1,2,1,"0"
"TCGA.96.8169.01A",15.2083867905911,10.5077946401987,5.70043971814109,3.32192809488736,1,8.27612440527424,6.4594316186373,7.78135971352466,3.32192809488736,3.32192809488736,9.33539035469392,14.0493380717519,2.58496250072116,4.16992500144231,7.98868468677217,6.83289001416474,4.16992500144231,11.1649069266757,12.4262647547021,3.32192809488736,11.6174674652942,13.3176952457652,9.70390357344466,13.6231956354529,2.58496250072116,10.90989308377,6.24792751344359,9.01680828768655,11.5018371849023,10.9886846867722,5.52356195605701,9.82336724004623,11.1861142395416,8.78790255939143,5.32192809488736,10.2167458581953,9.83289001416474,1,12.2917462808339,6.7279204545632,5.52356195605701,5.70043971814109,13.7917733808587,2.58496250072116,12.680799034573,6.20945336562895,9.15987133677839,5,7.33985000288462,4.90689059560852,5.64385618977472,1,14.1152062531532,3.32192809488736,8.27612440527424,1,2,7.14974711950468,3.8073549220576,7.12928301694497,5.08746284125034,3.58496250072116,11.1699250014423,6.7279204545632,10.7764330324447,3.58496250072116,14.2557662571288,1,3.58496250072116,5.4594316186373,14.7450440050345,1,1,3.32192809488736,5.16992500144231,1,11.8811139606751,3,5.16992500144231,1,1,3.8073549220576,13.9854861991046,6.70043971814109,8.51569983828404,2.58496250072116,5,8.83920378809694,9.4797802640291,1,9.21431912080077,1,12.0306671362469,7.2667865406949,5.16992500144231,8.28540221886225,1,7.68650052718322,6.39231742277876,5.58496250072116,13.4681148863781,14.867471806962,3,3,10.4220647661728,15.2933279469564,7.65821148275179,3.58496250072116,1,10.7142455176661,9.45121111183233,9.85174904141606,1,7.16992500144231,6,8.39231742277876,1,11.1736771363034,1,14.2803358085553,8.52356195605701,8.91886323727459,13.4400905249505,3.32192809488736,4.70043971814109,3.8073549220576,2.58496250072116,1,4.70043971814109,9.43879185257826,8.74819284958946,1,5.32192809488736,5.4594316186373,5.90689059560852,"0"
"TCGA.98.7454.01A",15.1041072887186,7.90689059560852,4.32192809488736,4.32192809488736,2.58496250072116,11.967226258836,1,8.4093909361377,1,1,2,11.2443638351205,5.39231742277876,5.8073549220576,5.32192809488736,7.4757334309664,2,11.642051692928,6.83289001416474,2,14.7955323855918,13.2336196767597,3.58496250072116,14.2319711391628,1,9.43879185257826,4.32192809488736,6.93073733756289,5.58496250072116,15.3239695285972,4,5.4594316186373,12.4204866128258,10.4072677642447,1,6.64385618977472,10.8749813476538,3,9.69696752623429,1,6.39231742277876,6.04439411935845,13.856814552503,4,8.03342300153745,3,7.82017896241519,3.58496250072116,2.58496250072116,1,5.75488750216347,1,12.1736771363034,4,2.58496250072116,2.58496250072116,2,7.5077946401987,6.49185309632967,6.04439411935845,6.93073733756289,4.70043971814109,14.6858438114261,13.1009907840928,7.65821148275179,2,14.4640351521899,2,3,3.32192809488736,11.8193807908646,1,1,1,3.32192809488736,1,12.0848083878044,4.16992500144231,2,2,1,2,15.5600939576425,7.3037807481771,3.58496250072116,2,3.58496250072116,9.79441586635011,5.32192809488736,1,7.37503943134692,1,11.9068905956085,3.32192809488736,4,6.20945336562895,1,9.36194377373524,1,6.58496250072116,11.9136374280491,13.4853261892405,3.32192809488736,4.90689059560852,8.27612440527424,13.5738838306565,10.0687782779854,1,1,8.82654848729091,10.2502984179063,14.523194374831,1,8.10852445677817,3.58496250072116,6.7279204545632,2,6.20945336562895,1,12.4434616122274,10.0552824355012,5.70043971814109,15.170472795937,4.58496250072116,7.3037807481771,2.58496250072116,1,1,8.74819284958946,9.46352437327118,11.0808175276083,2,3,2,3.32192809488736,"0"
"TCGA.39.5011.01A",8.56985560833095,13.0402897210257,3,3,1,11.9665054519057,1,12.5849625007212,1,3,2.58496250072116,12.0953970227926,1,3,8.4262647547021,5.95419631038687,3.58496250072116,11.9307373375629,6.35755200461808,1,11.0195907283579,12.6821167649501,5.08746284125034,15.042086832262,1,4.58496250072116,3.32192809488736,5.08746284125034,6.08746284125034,10.5924570372681,7.33985000288462,5.70043971814109,10.7090838125503,8.34872815423108,4.16992500144231,3,10.4594316186373,1,5.70043971814109,7.93073733756289,2.58496250072116,4.16992500144231,14.120237877342,1,9.63662462054365,1,7.24792751344359,2,6.4262647547021,4.4594316186373,1,1,12.2632692003727,3,1,1,1,7.14974711950468,1,4.58496250072116,3,2.58496250072116,11.0901124196643,6.61470984411521,6.64385618977472,2,13.8745971924016,1,3.58496250072116,2.58496250072116,12.495355392236,1,1,6.95419631038687,2,1,12.7557221536423,2,3.32192809488736,1,2,1,14.0461008450288,6.88264304936184,6.8073549220576,2.58496250072116,10.8564255286255,8.38370429247405,5.39231742277876,2.58496250072116,5.16992500144231,2.58496250072116,13.5880118532151,3,4,5.70043971814109,1,7.20945336562895,6.24792751344359,7.83289001416474,9.76818432477693,6.32192809488736,3.58496250072116,10.5698556083309,8.65105169117893,13.9865531497567,8.876516946565,1,1,9.23840473932508,10.9038818457362,11.1331422124006,1,7.75488750216347,3,7.4093909361377,4.70043971814109,6.49185309632967,2,11.9808536063797,12.4439795426013,4,13.5938579388582,1,9.31288295528435,2,1,1,5,9.92777796208234,6.95419631038687,1,4.16992500144231,9.92777796208234,2.58496250072116,"0"
"TCGA.56.7580.11A",6.88264304936184,3,5.08746284125034,1,7.4093909361377,6.12928301694497,1,2.58496250072116,1,1,1,11.8017083589165,1,7.55458885167764,6.49185309632967,6.16992500144231,1,4,1,1,15.1068900450922,12.1861142395416,3.58496250072116,17.3044939297829,2.58496250072116,7.6724253419715,5.16992500144231,4.90689059560852,4.16992500144231,15.9139178625025,4.58496250072116,5.8073549220576,12.6591039634737,10.3331553503106,1,1,12.5712786185146,1,10.6017707884077,4.4594316186373,4.4594316186373,8.64385618977472,13.7334390828994,1,7.68650052718322,2,8.06608919045777,5.8073549220576,4,1,6.28540221886225,1,12.8967108157261,3.32192809488736,3.8073549220576,2,2.58496250072116,12.0848083878044,2.58496250072116,6.58496250072116,7.68650052718322,4.70043971814109,15.8835024500801,10.4737057496194,7.35755200461808,2,8.70043971814109,2,1,3.8073549220576,8.6582114827518,1,8.49185309632967,1,4.90689059560852,2,14.3882864197626,1,3.32192809488736,3.8073549220576,1,1,16.8781706851744,6.24792751344359,4.32192809488736,5.32192809488736,3.32192809488736,12.1065629404449,7.53915881110803,2,1,1,12.0894504811159,1,7.49185309632967,5.58496250072116,3,13.1160189933251,4.8073549220576,11.9218409370745,9.53138146051631,8.29462074889163,1,3.32192809488736,7.93073733756289,13.6706562491184,7.08746284125034,3,2,4.70043971814109,8.53915881110803,14.9097056112156,2,6.49185309632967,2,5,1,4.8073549220576,1,12.2784494582205,7.02236781302845,5.64385618977472,16.3927869736506,2.58496250072116,5.4594316186373,1,2.58496250072116,1,11.8360503550581,7.56985560833095,11.3014961949825,1,2,5.58496250072116,1,"0"
"TCGA.37.4130.01A",6.64385618977472,3.32192809488736,4.4594316186373,1,1,9.78463484555752,1,6.88264304936184,1,1,1,11.90989308377,3,3.32192809488736,11.1006623390052,4.4594316186373,2.58496250072116,10.6054795180617,9.86418614465428,4.32192809488736,11.3072008091408,11.8265484872909,8,10.8073549220576,1,8.10852445677817,3.32192809488736,4,8.94251450533924,6.8073549220576,6.16992500144231,3.8073549220576,8.58496250072116,5,1,1,9.49585502688717,4.58496250072116,10.5468944598876,10.6054795180617,3.32192809488736,10.7714894695006,13.770457424932,6.32192809488736,7.10852445677817,8.01122725542325,6.8073549220576,2.58496250072116,7.32192809488736,4.70043971814109,7.06608919045777,1,11.0593444608244,3.32192809488736,7.84549005094437,1,2,4.16992500144231,8.72109918870719,9.29920801838728,3.58496250072116,2.58496250072116,8.93663793900257,6.49185309632967,6.49185309632967,7,4.32192809488736,1,6.16992500144231,9.89481776330794,12.007027266894,4.58496250072116,1,2,1,3.32192809488736,10.8073549220576,1,10.9957671508778,1,1,2.58496250072116,10.6794800995054,12.8189815394324,6.85798099512757,8.97154355395077,2,10.1059085085712,7.65821148275179,1,6.32192809488736,1,12.7764330324447,5.16992500144231,7.74146698640115,14.0573148777827,3.58496250072116,5.70043971814109,1,4.16992500144231,9.82654848729091,5.32192809488736,1,3,8.876516946565,10.9571020415623,7.49185309632967,3,1,10.2191685204622,12.3431857154479,8.34872815423108,2,1,1,6.32192809488736,3,5.58496250072116,1,11.3365065598103,11.612868497291,3.8073549220576,6.55458885167764,5.08746284125034,12.4393114618188,1,3,5.75488750216347,3.58496250072116,8.96578428466209,6.39231742277876,1,3.8073549220576,1,2.58496250072116,"0"
"TCGA.66.2767.01A",13.4599438483749,12.1529185761366,5.8073549220576,3.58496250072116,6.12928301694497,12.726643921484,6.16992500144231,11.7321674256634,4.58496250072116,5.70043971814109,6.55458885167764,10.6073303137496,3.58496250072116,9.75822321472672,11.8572034715082,6.83289001416474,6.08746284125034,14.5600939576425,11.567005370247,2,13.6456584324087,13.5816713585781,8.72109918870719,13.7185328760692,1,8.467605550083,4.8073549220576,7.24792751344359,12.3342732853072,13.2366122002158,6.97727992349992,10.0714623625566,11.5255208090951,10.7193888209421,2,5.39231742277876,11.7082217300384,5.64385618977472,9.56985560833095,2,4.8073549220576,5.85798099512757,13.739569674026,6.7279204545632,12.9087678828492,5.52356195605701,9.6724253419715,5.08746284125034,8.48381577726426,3.58496250072116,8.37503943134692,1,12.5493033685136,1,7.6724253419715,6.93073733756289,1,9.85174904141606,1,9.31741261376487,5.85798099512757,3.32192809488736,13.7376698631775,10.4429434958487,10.2215871212648,4,8.85798099512757,1,5.39231742277876,6.49185309632967,12.1941412388631,1,2,5.90689059560852,4,1,11.8161836814323,1,6.24792751344359,1,1,2.58496250072116,14.281350514981,8.07681559705083,7.8073549220576,4.4594316186373,4.90689059560852,12.1730524577741,9.82654848729091,3.8073549220576,9.2045711442492,1,10.3837042924741,8.34872815423108,10.5717526435035,9.13442632022093,1,12.963618617444,1,7.55458885167764,13.6492561775173,13.4328028563519,3,4,9.83920378809694,12.8564255286255,10.0687782779854,2,1,11.007027266894,11.0781508077346,11.3858624006415,2,3,3.32192809488736,12.6763978870448,2.58496250072116,12.4706588740606,3.58496250072116,15.2367616635716,6.28540221886225,16.0961386200541,14.530772085622,2,11.1254134704833,2.58496250072116,2,2.58496250072116,9.21916852046216,9.89481776330794,8.63662462054365,1,5.08746284125034,10.6402449362223,2,"0"
"TCGA.77.7142.01A",14.786065381164,12.642051692928,4,2,1,11.6375305515253,3,7.04439411935845,3.8073549220576,4.32192809488736,10.3923174227788,11.0389189892923,4.70043971814109,8.6582114827518,10.9351650496037,5.24792751344359,4.16992500144231,11.0606959316876,9.78135971352466,2,13.3131664759772,14.8356556908398,10.1497471195047,15.0280787227049,2,9.49984588708321,6.39231742277876,10.1421070573025,12.733015321686,12.2591547688668,7.5077946401987,10.5545888516776,11.7952279660287,10.5887146355823,4.4594316186373,9.46352437327118,9.60362634498619,6.85798099512757,12.3723209548673,6.20945336562895,5.52356195605701,5.52356195605701,13.256503567433,3.8073549220576,8.3037807481771,5.95419631038687,8.39231742277876,2.58496250072116,4.16992500144231,3.8073549220576,9.40087943628218,1,11.6794800995054,2.58496250072116,8.94251450533924,1,2.58496250072116,9.20945336562895,2.58496250072116,8.94836723158468,5.24792751344359,4.90689059560852,12.8826430493618,10.4304525516655,8.66533591718518,2,8.90689059560852,4.16992500144231,1,1,12.7253662578956,1,1,10.9218409370745,7.85798099512757,3.58496250072116,10.7142455176661,5.64385618977472,2,1,6.55458885167764,4.70043971814109,15.8751253795054,9.72451385311995,8.78790255939143,5.16992500144231,5.39231742277876,10.5755392468345,5.64385618977472,3,5.39231742277876,9.93369065495223,12.7210991887072,7.93073733756289,5.8073549220576,4,1,12.1617617433047,1,8.37503943134692,12.5901191741072,14.7356617894657,5.58496250072116,11.3761253892762,6.75488750216347,14.6618894125393,11.7193888209421,5.75488750216347,4,11.0223678130285,10.876516946565,12.827739648807,1,8.14974711950468,2.58496250072116,9.18982455888002,2.58496250072116,7.35755200461808,1,16.6237386305323,7.93073733756289,13.6070990940936,14.0035179121086,6.16992500144231,11.8672787397097,5.4594316186373,1,1,7.56985560833095,10.6917435191713,9.68999797141945,1,3,3,6.64385618977472,"0"
"TCGA.77.8146.01A",12.2755425560867,9.04984854945056,4.16992500144231,2.58496250072116,2,6.52356195605701,3,5.95419631038687,3,1,8.97154355395077,12.8745971924016,2,1,7.4594316186373,4.16992500144231,2.58496250072116,9.90388184573618,9.32192809488736,2,12.0947375050481,11.7004397181411,1,13.0351427478859,2,5.8073549220576,8.63662462054365,3,9.26209484537018,11.4737057496194,7.04439411935845,8.98868468677217,9.66888498426625,7.89481776330794,5.32192809488736,4,9.71424551766612,1,11.8533095554037,3.8073549220576,3.8073549220576,3.58496250072116,12.3230547603416,1,12.4650561678312,1,9.43045255166553,3.32192809488736,1,4.58496250072116,3,1,12.6054795180617,1,1,1,2,4.8073549220576,2.58496250072116,4.8073549220576,3.8073549220576,2.58496250072116,9.59618975614441,6.32192809488736,5.32192809488736,1,11.3923174227788,2,2,1,13.3772105303886,1,2,1,1,1,10.753216749179,2,1,1,1,1,13.5289424150649,3,1,2,10.5488219084588,7.76818432477693,6.58496250072116,1,6.64385618977472,1,10.7846348455575,1,8.4757334309664,4.90689059560852,1,6.75488750216347,3.8073549220576,4.16992500144231,12.1554507313121,14.6815678568885,1,3,5.70043971814109,13.7605120513573,4.4594316186373,2,1,8.29462074889163,8.88874324889826,10.7846348455575,1,8.2667865406949,2.58496250072116,6.83289001416474,2.58496250072116,8.40087943628219,2,12.9483672315847,11.5166849493096,2.58496250072116,13.199058823653,2.58496250072116,6.08746284125034,4.70043971814109,2.58496250072116,1,6.28540221886225,8.19967234483637,7.53915881110803,1,4.16992500144231,2,7.22881869049588,"0"
"TCGA.NC.A5HJ.01A",8.13955135239879,4.16992500144231,3.32192809488736,1,1,6.28540221886225,1,7.74146698640115,1,1,3.32192809488736,10.1823943534045,2,5,6.4262647547021,5.52356195605701,1,9.3264294871223,4.4594316186373,3.8073549220576,14.2354159356025,12.1130909834424,5.95419631038687,16.1178865599819,4.90689059560852,9.64745842645492,9.34872815423108,8.39231742277876,6.85798099512757,12.8447057644119,3,8.85798099512757,11.211888294546,9.94836723158468,3,2,11.7976615258538,4.70043971814109,7.3037807481771,2,3.32192809488736,7.3037807481771,13.4439795426013,1,9.37068740680722,5.24792751344359,9.96866679319521,3.32192809488736,6.49185309632967,1,5.90689059560852,1,12.0484868739923,3,7.08746284125034,6.90689059560852,2.58496250072116,11.4040771362412,2,5.8073549220576,7.82017896241519,3,13.6199906626064,7.32192809488736,10.0140204703149,8.49185309632967,8.40087943628219,1,1,1,9.96289600533726,1,1,1,5.4594316186373,1,13.1888978732422,2.58496250072116,1,2.58496250072116,6.8073549220576,4.16992500144231,16.0295460605139,6.52356195605701,3,2,4.4594316186373,11.9008668079807,7.20945336562895,1,6.08746284125034,2,12.0223678130285,2,6.78135971352466,10.4797802640291,1,12.0320457269308,2.58496250072116,11.243173983473,8.39231742277876,5.16992500144231,1,6.32192809488736,6.97727992349992,13.7952279660287,7.55458885167764,2.58496250072116,1,8.48381577726426,10.2667865406949,11.7414669864011,1,4.70043971814109,5.90689059560852,5.70043971814109,3.32192809488736,5.95419631038687,3.32192809488736,12.7590559391602,5.85798099512757,5.70043971814109,15.3060616894283,2,12.9915218460757,1,2,2.58496250072116,11.3695973462787,9.30833903013941,8.38370429247405,1,2,10.4817994316658,5.32192809488736,"1"
"TCGA.22.5472.11A",11.0182001788132,8.6724253419715,1,1,1,6.97727992349992,1,5.8073549220576,1,1,5.32192809488736,12.7039035734447,1,8.85798099512757,8.67948009950545,6.64385618977472,1,7.68650052718322,2,3.58496250072116,16.3083745850799,12.7611356498286,4.58496250072116,17.5909670873136,1,7.44294349584873,5.39231742277876,4.16992500144231,6.24792751344359,17.0798597424719,5.08746284125034,6,13.6479080742818,11.298062567719,2.58496250072116,2.58496250072116,12.8749813476538,1,8.44294349584873,4.58496250072116,5.8073549220576,10.0848083878044,14.2397476835569,1,7.32192809488736,1,7.70043971814109,8.49185309632967,4.8073549220576,3.58496250072116,5.75488750216347,1,13.6082548219779,3.58496250072116,1,2,1,12.297489501161,1,7.08746284125034,9.62570884306447,2.58496250072116,17.1084019401087,9.93369065495223,7.37503943134692,4.8073549220576,8.69348695749932,1,1,2,10.2312211807112,1,2.58496250072116,1,1,1,14.8474489039824,1,2.58496250072116,3.8073549220576,1,1,17.8621651308241,8.3037807481771,2.58496250072116,5.64385618977472,4.4594316186373,13.0426853722194,5.58496250072116,1,2,2,10.9381093262192,2,8.40087943628219,5.85798099512757,2.58496250072116,12.3060616894283,1,12.2179576978641,9.23840473932508,9.94251450533924,1,3.58496250072116,7.97727992349992,14.2989217409698,9.10852445677817,2,1,6.70043971814109,8.76155123244448,10.1006623390052,1,4,1,5.90689059560852,2,5.32192809488736,1,12.3949985145017,6.90689059560852,5.64385618977472,17.5853293503976,4.16992500144231,5.75488750216347,2.58496250072116,2,1,13.4252159032994,8.10852445677817,11.3858624006415,1,1,6.4594316186373,4.70043971814109,"1"
"TCGA.34.7107.11A",8.90086680798075,10.65999589243,2.58496250072116,2,2,6.7279204545632,1,5.95419631038687,2,1,6.85798099512757,11.8864586957037,2,8.38370429247405,6.85798099512757,9.40514146313634,3.8073549220576,6.49185309632967,5.52356195605701,2,15.0122753448561,11.6384359139905,3.58496250072116,15.3258675805754,2,7.16992500144231,5.58496250072116,5.64385618977472,5.58496250072116,16.3589945280502,4,6.64385618977472,12.0334230015375,10.5545888516776,1,3.8073549220576,13.7336509168387,1,9.57742882803575,1,5.24792751344359,7.95419631038687,13.5286982835742,1,8.92481250360578,2,6.83289001416474,5.70043971814109,4.16992500144231,2,4.8073549220576,1,13.3392933001801,3,4,1,1,12.4014128787142,3,5.08746284125034,7.37503943134692,2.58496250072116,15.8986486199676,9.37503943134693,7.28540221886225,2,8.83289001416474,1,1,1,9.23840473932508,1,2,2,4,1,13.2425786894513,1,1,2.58496250072116,1,2,16.1608956144507,7,4.16992500144231,3.58496250072116,2.58496250072116,10.7813597135247,6,1,3.32192809488736,1,9.49585502688717,2,7.04439411935845,7.39231742277876,1,11.6293566200796,1,10.4777582664439,11.1150436501617,9.75822321472672,1,3.8073549220576,8.8008998999203,13.6117164609439,8,1,1,6.35755200461808,7.44294349584873,18.6094240539487,1,2.58496250072116,3.32192809488736,5.64385618977472,1,5.90689059560852,1,11.800090987625,5.95419631038687,4.90689059560852,16.5584506096565,2.58496250072116,5.39231742277876,1,1,1,10.9307373375629,7,10.1724275086455,1,1,2.58496250072116,2.58496250072116,"1"
"TCGA.39.5022.01A",12.8225708309502,9.21916852046216,4.70043971814109,2.58496250072116,5.24792751344359,11.0430272835945,4,10.609178738142,2,3,7.79441586635011,12.4152135987653,2.58496250072116,8.15987133677839,9.97727992349992,7,3.32192809488736,12.6595499968799,11.5915223465707,2.58496250072116,11.5971214287896,13.4088604360248,6.90689059560852,13.5940912902604,3.32192809488736,9.95128471496697,7.12928301694497,9.13955135239879,11.5679560754155,15.3079834325332,7.8703647195834,10.539158811108,12.3247431104944,10.1873520732005,2.58496250072116,5.58496250072116,11.1947568544222,4.70043971814109,11.6036263449862,7.53915881110803,6,6.75488750216347,14.2211339423571,3,11.2324209271761,5.24792751344359,9.89178370321831,4.58496250072116,6.8073549220576,2,8.78790255939143,1,13.4067364826917,3.8073549220576,7.78135971352466,5,1,7.58496250072116,6.58496250072116,7.70043971814109,4.58496250072116,3,12.775198728898,10.929258408637,12.1649069266757,5.4594316186373,12.4838157772643,1,1,8.11894107272351,11.1861142395416,1,1,3.32192809488736,4.4594316186373,2,12.9708249013626,1,2.58496250072116,1,3.8073549220576,2,14.7776662808808,8.20945336562895,7.88264304936184,6.12928301694497,12.8205778826558,10.0579917227592,8.98868468677217,3,5.16992500144231,5.52356195605701,12.8368393597487,6.28540221886225,9.37937836707126,11.1598713367784,1,10.0901124196643,5.58496250072116,5.75488750216347,12.8364449113414,14.0886226306078,2,7.8073549220576,10.3575520046181,13.8597288926784,14.1459321458205,3,3.32192809488736,10.9248125036058,10.4429434958487,9.89481776330794,5.70043971814109,8.31288295528435,9.66177809777199,10.3060616894283,2.58496250072116,7.91886323727459,5.39231742277876,15.6489754265403,8.53138146051631,12.6443069615456,11.5176693881338,5.70043971814109,10.7397806097733,4,1,1,5.24792751344359,10.2877123795494,12.1260591160707,3.32192809488736,3.58496250072116,8.25738784269265,8.13955135239879,"1"
"TCGA.77.7338.11A",8.16992500144231,3,3,1,1,5.90689059560852,1,4.70043971814109,1,1,2,11.4210128557792,3,7.04439411935845,7.04439411935845,7.2667865406949,2,4.70043971814109,2,2,15.5557874020838,12.1273495410591,4.70043971814109,18.0984228147978,2.58496250072116,6.70043971814109,4.8073549220576,5.16992500144231,4.8073549220576,15.9351650496037,3,4.16992500144231,12.7334390828994,11.1331422124006,1,1,14.7446236393436,1,7.68650052718322,3.32192809488736,4,9.30833903013941,13.6588808950479,1,2.58496250072116,1,6.4262647547021,6.28540221886225,2,1,5.16992500144231,1,12.6225094546833,1,1,1,1,13.1907506496624,2.58496250072116,4.16992500144231,8.82654848729091,2,13.6456584324087,9.33091687811462,6.97727992349992,2,6.4594316186373,1,1,2.58496250072116,9.44294349584873,1,1,1,2.58496250072116,1,14.4164017083962,1,1,3,1,2,18.0260370734165,6.85798099512757,5.70043971814109,3.8073549220576,2,13.4312364120711,3.58496250072116,1,1,1,8.60733031374961,1,7.58496250072116,4.70043971814109,1,12.5999128421871,1,12.4501802471648,7,5.52356195605701,1,3.8073549220576,6.28540221886225,12.952377251968,6.04439411935845,1,1,6.55458885167764,7.14974711950468,17.8150079621437,1,3.32192809488736,1,5.24792751344359,2,3,1,10.9366379390026,5.32192809488736,5,16.3951993956662,2.58496250072116,5.39231742277876,1,1,1,12.9233274854192,6.08746284125034,10.9643408677924,1,2,3,2.58496250072116,"1"
"TCGA.77.7138.11A",8.01122725542325,7.96578428466209,3.32192809488736,1,1,5.95419631038687,1,4.32192809488736,1,1,3,11.8008998999203,2,7.75488750216347,8.13955135239879,6.20945336562895,2.58496250072116,5.70043971814109,2.58496250072116,3,15.5823184257415,12.0986900966736,4.16992500144231,17.8224339038505,1,7.56985560833095,5.39231742277876,2,5.39231742277876,15.866168101329,5.08746284125034,6.35755200461808,12.6608872703026,10.9158793788358,1,2,13.1683587272239,1,7.68650052718322,1,4,9.7176764230664,13.7172480058276,1,5.39231742277876,3.8073549220576,8.27612440527424,5.16992500144231,3.8073549220576,1,4.70043971814109,1,12.8486229404293,1,2,1,1,13.0216740428584,1,4.70043971814109,7.37503943134692,2,15.7315842079472,9.56224242422107,6.95419631038687,1,6.90689059560852,1,1,2,9.25266543245025,1,3,1,1,1,14.7987755370319,1,1,4.32192809488736,1,3,17.3065779644906,6.85798099512757,2,4.32192809488736,4.32192809488736,9.91587937883577,6.35755200461808,2,2.58496250072116,1,9.2667865406949,2,6.16992500144231,7.32192809488736,1,13.7372473430277,1,12.8622499008515,7.82017896241519,7.84549005094437,1,1,6.83289001416474,13.7127419270757,6.16992500144231,2,1,6.52356195605701,7.37503943134692,15.6281037367695,1,1,3,5.16992500144231,1,3.32192809488736,1,12.0334230015375,7.32192809488736,4.90689059560852,17.0809007832301,3.32192809488736,4.16992500144231,1,1,1,12.3717766443379,6.04439411935845,10.7829982089204,1,1,4.4594316186373,2.58496250072116,"1"
"TCGA.63.A5MN.01A",13.0808175276083,12.1966021265232,2.58496250072116,3.32192809488736,1,8.14974711950468,1,13.2894425756883,1,2.58496250072116,3.58496250072116,12.471675214392,4.8073549220576,5.24792751344359,6.83289001416474,7.16992500144231,2.58496250072116,11.9329528921947,10.5468944598876,2.58496250072116,11.1111356702347,11.7515440590891,9.64745842645492,14.1119507061532,4,8.20945336562895,4.4594316186373,5.08746284125034,10.5868397879618,11.2300204357056,4.32192809488736,4.8073549220576,11.4573808790725,8.59245703726808,4,4.70043971814109,10.3219280948874,6.4262647547021,7.96578428466209,2,6.4262647547021,4.90689059560852,13.6633357234784,5.75488750216347,10.8780509127285,5.08746284125034,10.0361736125535,3,3.32192809488736,1,6.35755200461808,1,13.0734721539765,1,8.74146698640115,5.52356195605701,1,6.16992500144231,8.62205181945638,8.13955135239879,5,1,14.0647427647503,9.60362634498619,6.7279204545632,2.58496250072116,13.8676648483807,3.58496250072116,1,4,8.93073733756289,1,1,3.32192809488736,3.32192809488736,3,12.3635872465246,1,4.32192809488736,1,2,2.58496250072116,13.9259252649729,8.53915881110803,6.85798099512757,7.82017896241519,6.78135971352466,9.75488750216347,6,1,2,1,12.4923539451599,1,2.58496250072116,7.62935662007961,1,7.76818432477693,2.58496250072116,3.8073549220576,13.3233362892802,6.88264304936184,1,4.16992500144231,7.79441586635011,14.4054074222192,8.39231742277876,2,1,6.83289001416474,8.82654848729091,10.8826430493618,2,5.24792751344359,2,4.58496250072116,2,6.70043971814109,2,11.7159619902551,6.52356195605701,6.78135971352466,11.3003525603282,4.70043971814109,7.08746284125034,1,1,1,2,8.90086680798075,8.4757334309664,1,1,2.58496250072116,2.58496250072116,"1"
"TCGA.77.7337.11A",7.4093909361377,3.58496250072116,3,1,2,5.95419631038687,1,4.32192809488736,1,1,3,11.813781191217,2,5.75488750216347,6.83289001416474,6.55458885167764,1,3.58496250072116,2,1,15.2693458726432,12.0237543532994,4,17.9170223663084,2,6.83289001416474,3.32192809488736,3.32192809488736,4.58496250072116,15.4089930793422,4.4594316186373,4.32192809488736,12.6238814900135,10.7448338374995,2,1,13.0694497674278,1,6.83289001416474,1,3.8073549220576,9.19475685442225,13.3176952457652,1,3.32192809488736,1,7.20945336562895,5.08746284125034,3,2,5.32192809488736,1,12.111787735801,2,2,1,1,12.1780423288648,1,2.58496250072116,7.95419631038687,2.58496250072116,15.8240637375449,9.02790599656988,7.64385618977472,3.32192809488736,5.85798099512757,1,1,3.8073549220576,9.2045711442492,1,1,1,2.58496250072116,1,14.2562086885274,1,1,3.58496250072116,1,2.58496250072116,17.4491163959306,5.85798099512757,1,4.8073549220576,1,11.3253054550897,5.39231742277876,1,3.32192809488736,1,9.15987133677839,2,8,2.58496250072116,2,12.97046544078,1,12.4330637651221,7.08746284125034,5,1,1,6.28540221886225,13.1137421660492,7.12928301694497,1,1,6,7.35755200461808,12.9545598469998,1,1,1,4.16992500144231,1,2.58496250072116,2,11.0874628412503,6.28540221886225,4.16992500144231,16.1342658692347,2,4,2,1,1,12.9410476063406,6.58496250072116,10.7414669864011,1,1,2.58496250072116,2,"1"
"TCGA.22.1005.01A",12.2306209331299,10.5449644327892,4.16992500144231,1,3.32192809488736,8.8008998999203,1,7.7279204545632,1,1,6.32192809488736,11.1786648510065,4.70043971814109,4.90689059560852,6.75488750216347,6.95419631038687,3.32192809488736,9.95128471496697,11.1649069266757,2,12.5240519187178,11.7406240444894,6.64385618977472,13.0940776856719,3.8073549220576,8.54689445988764,5.16992500144231,6.49185309632967,6.08746284125034,13.3901689562002,5,6.4262647547021,10.3793783670713,8.6724253419715,1,4.4594316186373,11.7372473430277,4.16992500144231,7.93073733756289,1,4.4594316186373,6.16992500144231,12.952377251968,4,9.75488750216347,3,6.93073733756289,4.16992500144231,4.16992500144231,3,5.39231742277876,1,11.9218409370745,1,7.18982455888002,2,1,8.09803208296053,3.58496250072116,5.70043971814109,5.16992500144231,3.8073549220576,10.4797802640291,9.43879185257826,10.4470832262097,3.58496250072116,11.4367115421372,1,2.58496250072116,3.58496250072116,9.86108690599539,1,1,1,6.95419631038687,2.58496250072116,12.7056323873614,1,2,1,1,2,14.545326509599,7.28540221886225,3.32192809488736,4.16992500144231,4.32192809488736,8.91288933622996,8.24792751344359,1,5.4594316186373,1,9.97154355395077,2.58496250072116,4.70043971814109,9.00562454919388,1,9.22881869049588,5.32192809488736,6.95419631038687,10.7615512324445,7.59991284218713,1,5.16992500144231,8.93073733756289,12.7854524681585,6,2,2,9.21916852046216,8.25738784269265,10.9248125036058,1,6.32192809488736,2.58496250072116,5.90689059560852,5.32192809488736,6.4262647547021,1,10.8657332708518,8.57742882803575,5.8073549220576,13.4759866908707,1,6.70043971814109,1,1,1,8.29462074889163,7.78135971352466,7.7279204545632,2,2,4.16992500144231,3.32192809488736,"1"
"TCGA.58.8386.11A",8.18982455888002,3.32192809488736,2,1,1,6.04439411935845,1,5.08746284125034,1,1,2.58496250072116,10.5980525001616,2.58496250072116,6.55458885167764,8.2667865406949,7.28540221886225,1,5.32192809488736,3.58496250072116,2.58496250072116,15.5975870395862,11.3476213685681,2.58496250072116,15.5901191741072,1,5.8073549220576,4.32192809488736,4,5.95419631038687,14.5096513111781,3.32192809488736,5.4594316186373,11.311748315005,9.68999797141945,1,2.58496250072116,13.270295326472,1,7.32192809488736,1,4.70043971814109,8.34872815423108,13.1500645790815,2.58496250072116,6.83289001416474,2,6.61470984411521,5.39231742277876,4,3,5.58496250072116,1,12.0667619323869,2,1,2,2,10.791162888555,1,4.8073549220576,6.6724253419715,1,14.9641603391003,8.32192809488736,7.24792751344359,2,6.88264304936184,1,2.58496250072116,2.58496250072116,9.66888498426625,1,2,1,1,1,13.4785168476765,1,1,2.58496250072116,1,2.58496250072116,16.0585414255819,6.75488750216347,3,3.58496250072116,2.58496250072116,9.86418614465428,6.12928301694497,1,3.32192809488736,2,8.33985000288462,1,6.28540221886225,7.61470984411521,1,11.7590559391602,1,10.8564255286255,7.71424551766612,8.01122725542325,1,3.32192809488736,6.52356195605701,12.43410692861,6.93073733756289,2,1,5,7.7279204545632,17.4632369806393,1,4.16992500144231,2.58496250072116,5,2,4.4594316186373,1,11.5708044377245,6.24792751344359,4.4594316186373,15.5712786185146,3.58496250072116,4.90689059560852,2.58496250072116,1,1,12.2726297849764,6.49185309632967,9.64385618977473,1,1,4.58496250072116,1,"1"
"TCGA.22.4594.01A",5.64385618977472,5.08746284125034,5.08746284125034,2,1,11.4838157772643,1,7.08746284125034,1,3,2,11.4093909361377,4.8073549220576,5.75488750216347,4.4594316186373,4.16992500144231,1,11.3847837500934,8.78790255939143,2,9.59618975614441,12.1686721181322,7.82017896241519,11.4252159032994,2,6.78135971352466,11.4594316186373,8.02236781302845,6.04439411935845,12.7090838125503,5.8073549220576,13.8303171298102,10.2644426002266,9.2240016741981,4.4594316186373,3.58496250072116,10.4817994316658,1,7.28540221886225,4.70043971814109,4.90689059560852,5.08746284125034,14.0093037783248,4,9.67595703294175,6.20945336562895,7.7279204545632,3.8073549220576,4.32192809488736,2,5.8073549220576,1,12.0084286220706,4.32192809488736,6,3.8073549220576,2,6.24792751344359,2,8.72109918870719,7.4093909361377,3,10.9886846867722,8.6724253419715,4.70043971814109,3.8073549220576,13.0864679934641,2.58496250072116,1,1,13.3506629883723,1,1,1,9.57364718749332,1,12.1680452682241,1,1,1,1,2,12.6899979714194,7.74146698640115,7.39231742277876,6.55458885167764,14.2336196767597,9.16490692667569,7.22881869049588,2.58496250072116,5.58496250072116,4,11.5555477716471,2,12.9288884393976,7.83289001416474,1,7.20945336562895,2.58496250072116,5.24792751344359,10.1947568544222,4.16992500144231,1,8.61470984411521,7.39231742277876,12.2796105810525,7.06608919045777,2.58496250072116,3.58496250072116,11.0140204703149,10.5333297323058,11.7347096202258,1,6.20945336562895,2,7.78135971352466,1,4.90689059560852,5.08746284125034,12.4356702609366,8,6.12928301694497,11.5245417150358,4.32192809488736,13.5847276679639,1,1,1,6.12928301694497,8.88874324889826,10.0848083878044,1,2,15.2057168981473,4.32192809488736,"1"
"TCGA.22.5483.01A",13.6989216623398,5.39231742277876,4.8073549220576,2,1,11.7287708495427,3.8073549220576,9.20945336562895,1,1,6.28540221886225,13.5196362528432,5.08746284125034,3.8073549220576,7.76818432477693,3.8073549220576,2.58496250072116,7.65821148275179,16.9504875514872,2,10.3987436919382,14.5891829670394,8.8703647195834,12.6586577921261,1,10.5352753766208,6.20945336562895,7.4594316186373,5.4594316186373,10.5887146355823,11.3966047811819,7.04439411935845,12.103287808412,9.6582114827518,3,2.58496250072116,12.1817734388088,2,7.74146698640115,5.70043971814109,7.24792751344359,7.20945336562895,14.7036873259675,2.58496250072116,13.9592775057205,3.32192809488736,9.99435343685886,4.16992500144231,9.52356195605701,4.58496250072116,5,1,13.3890935219045,5.90689059560852,9.39660478118186,2.58496250072116,3,7.08746284125034,4.4594316186373,7.4757334309664,5.58496250072116,6.7279204545632,12.6564248632778,8.48381577726426,10.103287808412,6.70043971814109,7.44294349584873,1,2.58496250072116,1,13.1421070573025,1,1,1,2.58496250072116,1,11.2467405984931,2.58496250072116,2.58496250072116,1,6.16992500144231,3.32192809488736,13.5660540381711,4.4594316186373,1,8.77478705960117,14.6802496248246,11.7108064336994,6.97727992349992,2.58496250072116,8.62935662007961,2,11.843921051289,3.32192809488736,14.3862666867702,8.02236781302845,1,5.95419631038687,1,3.32192809488736,9.32192809488736,7.55458885167764,1,10.2264121927888,9.4757334309664,14.5799051534513,13.5985178106126,3,3,8.18982455888002,13.4450148458684,9.79441586635011,4.16992500144231,7.8073549220576,2,7.94251450533924,6.88264304936184,7.94251450533924,3.32192809488736,14.0119260663068,14.9859308577739,6,11.8289298276515,2.58496250072116,14.1845654524462,2,5.24792751344359,2,2,12.655083445198,10.7582232147267,1,2,4.58496250072116,6.24792751344359,"1"
"TCGA.22.4609.11A",7.71424551766612,6.61470984411521,2.58496250072116,1,2,7.4594316186373,2.58496250072116,5,1,1,4.4594316186373,11.7615512324445,2,7.06608919045777,6.83289001416474,10.0195907283579,1,5.24792751344359,1,2,16.9329298310283,11.9270371687203,3.32192809488736,17.4463240872831,1,6.95419631038687,5,4.32192809488736,5.16992500144231,16.0811089012669,4.70043971814109,5.24792751344359,12.8963324039099,11.3465137331656,3,1,14.3264294871223,1,8.43462822763673,1,3,9.01122725542325,13.6470086384416,2,4.70043971814109,2,5.95419631038687,9.19475685442225,3,1,5.95419631038687,1,12.8049376720519,2.58496250072116,3,1,2.58496250072116,12.6943578872215,1,3.58496250072116,8.4594316186373,2,14.9264813239664,8.4594316186373,7.2667865406949,2.58496250072116,6.52356195605701,1,1,1,9.91587937883577,1,1,2,2,1,14.5696183034466,1,1,4.16992500144231,2,3,17.8891712001668,5,3.8073549220576,3.32192809488736,4.32192809488736,10.902375114486,6,1,3.32192809488736,2.58496250072116,8.24792751344359,1,8.83289001416474,5.16992500144231,1,13.3052067590087,1,12.6631133084558,8.06608919045777,7.4262647547021,1,3.8073549220576,6.58496250072116,13.9106427304696,6.95419631038687,3,1,6.39231742277876,7.04439411935845,18.8232677129488,1,2.58496250072116,1,5.32192809488736,1,4,1,11.6293566200796,6.55458885167764,5.52356195605701,17.977525897778,2.58496250072116,3.8073549220576,1,1,1,12.44759985828,6.8073549220576,10.753216749179,1,1,5.32192809488736,1,"1"
"TCGA.22.4596.01A",10.609178738142,8.35755200461808,6.4594316186373,2,1,8.55458885167764,1,8.48381577726426,1,2.58496250072116,7.08746284125034,12.4681148863781,4.16992500144231,5.85798099512757,6.7279204545632,5.8073549220576,2.58496250072116,11.4335854411505,6.55458885167764,2,13.5861360914805,11.9829935746943,4.58496250072116,14.8298218178814,1,6.49185309632967,5.24792751344359,2,6.64385618977472,13.3674147512468,4.16992500144231,7.93073733756289,11.4460494067166,9.467605550083,1,4.4594316186373,10.8360503550581,5.24792751344359,8.59245703726808,2.58496250072116,6.12928301694497,6.7279204545632,13.8972782474113,1,10.0195907283579,7.37503943134692,8.14974711950468,5.32192809488736,6.55458885167764,4.32192809488736,4.70043971814109,1,12.9270371687203,4.16992500144231,8.5077946401987,1,2,8.81378119121704,3.32192809488736,7.93073733756289,5.64385618977472,3.58496250072116,14.3608470841797,8.51569983828404,9.07681559705083,3.8073549220576,15.0273012921937,2.58496250072116,2.58496250072116,2,11.1699250014423,1,2,2.58496250072116,7.5077946401987,1,13.5442400064417,1,1,1,2,2,14.192601049712,7.08746284125034,5.52356195605701,8.10852445677817,3.32192809488736,10.7813597135247,7.91886323727459,1,5.16992500144231,1,11.780539767472,1,5.16992500144231,6.78135971352466,3.32192809488736,8.98299357469431,1,8.39231742277876,11.5887146355823,8.65105169117893,1,8.33091687811462,11.1111356702347,14.5521887595571,8.38370429247405,2.58496250072116,1,8.98868468677217,9.29001884693262,10.3966047811819,1,3.58496250072116,1,6.28540221886225,2,7.59991284218713,2,11.977995368613,7.4594316186373,4.4594316186373,15.047123912114,2,8.44294349584873,2.58496250072116,4.16992500144231,1,8.72109918870719,8.4178525148859,9.53915881110803,1,1,4.16992500144231,6.12928301694497,"1"
"TCGA.22.5489.11A",10.3465137331656,5.64385618977472,1,1,1,7.04439411935845,1,4.8073549220576,1,1,6.28540221886225,11.9483672315847,2,7.61470984411521,8.37503943134692,6.12928301694497,2,7.37503943134692,4,2.58496250072116,14.9248125036058,12.5372184005386,2,18.1707955060341,1,7.53915881110803,5.4594316186373,2.58496250072116,6.28540221886225,15.4022793022051,2,8.4178525148859,12.6715410667119,10.9858419370033,1,1,13.9915218460757,1,8,4.16992500144231,3.58496250072116,9.76487159073609,14.0518886559054,2,5.52356195605701,1,7.4262647547021,5.08746284125034,4.32192809488736,2.58496250072116,5.52356195605701,1,13.617008227652,2.58496250072116,1,1,2,14.9887734325072,1,7.4093909361377,8.95419631038687,2.58496250072116,15.9635734647894,7.95419631038687,7.6724253419715,3,8.49185309632967,1,1,1,10.1699250014423,1,2,1,1,1,15.4741495484973,1,1,2,1,1,17.868798445365,6.58496250072116,2,4.58496250072116,3.58496250072116,13.745884369142,5,1,3,1,10.4346282276367,1,8.12928301694497,6.4262647547021,1,13.0347989625773,1,13.3091921069599,8.16992500144231,8.13955135239879,1,4.58496250072116,7.55458885167764,13.6073303137496,8.54689445988764,1,1,7.4262647547021,7.94251450533924,16.6010743389417,1,2.58496250072116,2,6.64385618977472,2.58496250072116,4.90689059560852,2.58496250072116,11.9527412471865,7.18982455888002,4.16992500144231,17.083458551044,2,5.64385618977472,2,1,1,11.2155329997457,6.97727992349992,10.8392037880969,1,1,5.64385618977472,4.90689059560852,"1"
"TCGA.39.5040.01A",10.4408691676109,6.7279204545632,3.32192809488736,1,8.14974711950468,13.9529232103627,1,5.08746284125034,3.32192809488736,1,3.32192809488736,13.3269911749008,3,3,7.28540221886225,5.16992500144231,1,9.04984854945056,1,6.08746284125034,11.1823943534045,13.2606255560682,8.35755200461808,15.1079526232843,3,10.4838157772643,5.85798099512757,5.32192809488736,6.08746284125034,12.7903484967519,1,6.7279204545632,13.2094533656289,9.39231742277876,2,1,11.0014081943928,4.4594316186373,15.2697841597476,1,5.08746284125034,5,14.0342831309619,3,10.3987436919382,1,8.05528243550119,2.58496250072116,8.09803208296053,4,8.05528243550119,1,14.006676715309,5.39231742277876,1,3,1,8.58496250072116,8.33091687811462,5.95419631038687,5.52356195605701,3.58496250072116,10.7879025593914,10.8360503550581,9.18487534290828,2.58496250072116,9.77478705960117,2,1,1,14.1205618964429,1,1,2,5.90689059560852,1,11.9829935746943,1,9.09275714091985,1,6.8073549220576,2,17.2540505527674,4.16992500144231,1,4.32192809488736,4.58496250072116,11.2082343583398,6.97727992349992,1,2.58496250072116,1,11.4062050054189,1,4.58496250072116,11.6492561775173,2,10.5755392468345,1,8.13955135239879,9.3037807481771,8.35755200461808,1,11.2772874001304,7.84549005094437,15.2805533057351,14.5585402951031,1,3.8073549220576,4.16992500144231,11.2656150464845,17.9797824307031,3.8073549220576,1,3,6.52356195605701,2,5.64385618977472,1,12.6483575820097,6.28540221886225,12.0814834380937,12.4372319010395,8.66533591718518,10.0498485494506,2,1,1,5.16992500144231,10.3241805466187,12.6147098441152,1,1,1,4.8073549220576,"1"
"TCGA.XC.AA0X.01A",14.0662574053523,10.4199601778479,6.6724253419715,5,1,12.8376279331714,9.70735913208088,11.6582114827518,6.24792751344359,4.70043971814109,8.71424551766612,12.1163439612375,4,5.16992500144231,9.03342300153745,5.4594316186373,4.58496250072116,13.3818132959883,9.92777796208234,2.58496250072116,13.4387918525783,13.3652288492515,7.08746284125034,13.6631133084558,2,9.75822321472672,5.70043971814109,7.02236781302845,14.8491118404445,12.3630396302565,7.4594316186373,8.19967234483637,11.3685064615077,9.04439411935845,1,8.23840473932508,10.1189410727235,5.52356195605701,9.2045711442492,2,5.24792751344359,5.08746284125034,13.1836353814732,5.08746284125034,9.94836723158468,5.90689059560852,8.76155123244448,3.58496250072116,6.55458885167764,5.85798099512757,6.88264304936184,1,13.1127652818853,2.58496250072116,7.59991284218713,2,1,7.8703647195834,1,8.4093909361377,4.4594316186373,2,13.1664769508168,7.52356195605701,9.71080643369935,5.8073549220576,11.9001120629775,1,1,1,11.0914353863236,1,1,2,7.95419631038687,1,11.3083390301394,2,10.7862696276485,1,4.90689059560852,3.58496250072116,15.2697111211428,5.90689059560852,6.75488750216347,8.79441586635011,3.8073549220576,9.79441586635011,10.3901689562002,1,5.58496250072116,3,11.0901124196643,7.28540221886225,8.6582114827518,7.55458885167764,1,11.2252074369435,2,9.99717948093762,15.1357092861044,14.4123052049553,2.58496250072116,8.74819284958946,10.1922928144708,14.0791514054219,12.2473341780287,6,3.58496250072116,9.4178525148859,9.27146302790437,13.3269911749008,1,4.70043971814109,4.4594316186373,13.0983611273321,1,8.56985560833095,4,15.7330682986451,7.08746284125034,14.6087168540206,14.3279736026139,3,10.8963324039099,7.3037807481771,2,1,7.83289001416474,9.09275714091985,9.89178370321831,1,4.58496250072116,11.2045711442492,5.58496250072116,"1"
"TCGA.56.7822.01A",15.3308468698632,17.0797555970676,5.90689059560852,4.16992500144231,7.8703647195834,9.78790255939143,14.078984687326,9.56224242422107,4.32192809488736,4.90689059560852,13.6566483117474,14.4149494414743,3.32192809488736,8.15987133677839,8.03342300153745,5.39231742277876,7.16992500144231,15.3918477190335,4.70043971814109,4.16992500144231,11.1573469353628,12.8684367558582,10.3944626946103,16.2434343473869,1,9.81698362325538,4.90689059560852,6.4594316186373,14.5020859039859,11.6741922681457,5.58496250072116,10.3531468254981,11.6456584324087,8.94836723158468,1,8.15987133677839,8.90086680798075,6.24792751344359,12.0768155970508,4.32192809488736,7.85798099512757,5,13.6854058347861,2,12.6816776552097,7.3037807481771,9.07681559705083,2,8.59991284218713,4.32192809488736,6.88264304936184,1,13.6047848570864,2,8.4178525148859,2,3.58496250072116,7.4594316186373,1,10.1749256825007,3.32192809488736,3,10.6741922681457,7.06608919045777,8.76155123244448,1,16.9073131982696,2.58496250072116,1,1,11.5430318202552,1,1,8.07681559705083,9.39231742277876,1,11.7681843247769,2,10.2550285698187,1,3.32192809488736,3.32192809488736,15.9537417607625,6.85798099512757,8.09803208296053,5,2.58496250072116,9.01680828768655,10.4757334309664,1,5.85798099512757,2,12.3253054550897,4.16992500144231,4.32192809488736,7.39231742277876,3.58496250072116,8.32192809488736,4.58496250072116,8.09803208296053,15.5465327764259,16.5981106721759,4.70043971814109,4,11.65999589243,14.8913090544097,9.93073733756289,2,2.58496250072116,9.59991284218713,8.96578428466209,10.0927571409199,1,6.78135971352466,2.58496250072116,10.5488219084588,2.58496250072116,9.52356195605701,4.58496250072116,15.0930873904442,8.52356195605701,13.4439795426013,13.2233984147116,2,8.60733031374961,3.58496250072116,5.52356195605701,5.8073549220576,7.76818432477693,9.16490692667569,8.11894107272351,1,5.32192809488736,12.7359790396134,3.8073549220576,"1"
"TCGA.22.1016.01A",12.0861362250273,13.261213451366,6.61470984411521,3.32192809488736,1,11.4542992936199,2,6.39231742277876,4.16992500144231,4.16992500144231,6.08746284125034,12.2854022188622,4.4594316186373,5.4594316186373,6.08746284125034,7.93073733756289,2.58496250072116,10.5584207132687,3.32192809488736,3.32192809488736,15.0583300262057,13.3931222735895,8.25738784269265,14.7854524681585,3,10.7895336449704,8.85174904141606,7.24792751344359,9,15.1362702251115,4.90689059560852,9.11894107272351,12.0647427647503,9.3037807481771,2.58496250072116,5.75488750216347,11.9592775057205,2.58496250072116,10.9143851321554,4,8.35755200461808,6.58496250072116,14.0008802825588,2,9.1548181090521,5.08746284125034,9.88874324889826,6.08746284125034,7.82017896241519,6.28540221886225,6,1,12.8505775472056,2.58496250072116,8.08746284125034,4.16992500144231,2,9.91886323727459,3,7.59991284218713,7.24792751344359,3.32192809488736,14.2615073092021,9.11894107272351,12.4691330198296,4.4594316186373,11.8895039634115,1,1,3,10.9038818457362,1,3,5.64385618977472,9.08214904135387,1,12.3292357417338,1,11.0794847838268,3,8.24792751344359,2,15.1065629404449,5.08746284125034,4.58496250072116,5.08746284125034,5.08746284125034,10.4429434958487,8.05528243550119,1,7.04439411935845,3.32192809488736,13.1104833098162,1,9.02790599656988,9.07681559705083,2,11.6156296369681,2.58496250072116,9.04984854945056,11.3772105303886,12.6352646565395,6.83289001416474,8.876516946565,10.0251395622785,13.6586577921261,9.00562454919388,2.58496250072116,4.8073549220576,8.96000193206808,9.62205181945638,15.0305809305739,2,5.64385618977472,3.32192809488736,7.52356195605701,2.58496250072116,10.0028150156071,2.58496250072116,12.7615512324445,8.38370429247405,12.1234747982441,16.6030467398838,3,12.6247954558602,2,1,4.70043971814109,10.2191685204622,9.88264304936184,9.3037807481771,2.58496250072116,2.58496250072116,5,3.58496250072116,"1"
"TCGA.22.4593.11A",7.37503943134692,4.16992500144231,3,1,3.32192809488736,8.06608919045777,2.58496250072116,6.24792751344359,1,1,3.58496250072116,11.8902642770211,2.58496250072116,6.95419631038687,7.16992500144231,6.4594316186373,2.58496250072116,5.52356195605701,2,3.8073549220576,15.7384617550869,12.5655781367843,3.58496250072116,17.5392800001577,1,7.33985000288462,4.32192809488736,2.58496250072116,5.52356195605701,17.0657106352181,4.4594316186373,4.32192809488736,12.6631133084558,10.5410966153495,3.32192809488736,2,13.5764843467969,1,9.36194377373524,2,5.58496250072116,9.72109918870719,14.6953370551161,1,7.93073733756289,2,5.8073549220576,8.51569983828404,5.16992500144231,2,5.8073549220576,1,13.4088604360248,2.58496250072116,3.32192809488736,2,1,12.57931593758,3.32192809488736,4.58496250072116,8.13955135239879,4.16992500144231,16.616979520445,9.65463602852797,7.08746284125034,2,6.88264304936184,2,2,1,10.6917435191713,1,5.8073549220576,2.58496250072116,1,1,14.4858293087019,1,2,3.8073549220576,1,1,17.7832924289343,7.16992500144231,2,4.16992500144231,5.16992500144231,13.2946207488916,5.8073549220576,1,4.16992500144231,1,10.1497471195047,2.58496250072116,6.93073733756289,5.52356195605701,1,12.2573878426927,3,12.8883627411706,9.88264304936184,6.04439411935845,1,4.8073549220576,8.32192809488736,13.3323163301992,10.7142455176661,1,1,5.8073549220576,8.5077946401987,16.004922678569,1,5.90689059560852,3,5.32192809488736,2,4.90689059560852,1,11.8169836232554,5.85798099512757,1,18.2010805392292,4.58496250072116,5.24792751344359,2,2,1,13.1500645790815,7.02236781302845,10.9322147519684,1,2,1,3,"1"
"TCGA.22.5481.11A",8.79441586635011,4.70043971814109,3,1,1,5.75488750216347,1,4.70043971814109,2,1,4.4594316186373,11.7210991887072,2,7.4093909361377,7.53915881110803,8.85798099512757,1,6.64385618977472,2,2.58496250072116,15.6375871533277,12.4589192069676,3.32192809488736,17.2180144778803,2,7.71424551766612,5.95419631038687,5.64385618977472,3,14.9877081232168,5.24792751344359,7.33985000288462,12.0953970227926,10.7927902943011,1,1,13.226713224619,1,7.74146698640115,1,4.16992500144231,9.92184093707449,13.9947069952581,2,6.52356195605701,1,7.53915881110803,5.52356195605701,3,1,5.4594316186373,1,13.6379833037779,2,3,2.58496250072116,1,13.1140676471653,1,5.52356195605701,8.24792751344359,1,14.927407612949,8.59245703726808,8.94251450533924,3,6.35755200461808,1,1,1,10.0279059965699,1,2,1,2,1,15.2302456515314,1,1,1,1,2.58496250072116,17.7473013745163,6.55458885167764,4.58496250072116,3,5.08746284125034,12.4152135987653,6.20945336562895,1,3,1,8.83920378809694,2.58496250072116,6.55458885167764,6.93073733756289,1,13.1947568544222,1,12.7013064619586,8.82017896241519,9.83605035505807,1,3,7.4093909361377,13.4419067045422,5.70043971814109,2.58496250072116,1,6.58496250072116,6.64385618977472,15.1685154311876,1,2,1,5.70043971814109,2,5.4594316186373,1,11.7338627196785,7.18982455888002,5,17.7694633842752,2,5,2.58496250072116,1,1,11.8695938432408,6.4262647547021,10.4655664048094,1,1,4.90689059560852,3.32192809488736,"1"
"TCGA.60.2698.01A",14.342213595732,13.5700928741881,8.85174904141606,2,2,11.7064960180612,6.04439411935845,14.9093305930068,2.58496250072116,6.39231742277876,7.2667865406949,12.7573900093666,6.24792751344359,6.90689059560852,8.74819284958946,6.85798099512757,5.90689059560852,13.3131664759772,6.75488750216347,9.73131903102506,13.0650794889999,13.79948400562,7.49185309632967,15.1619191654272,3.8073549220576,9.33985000288462,6.4262647547021,8.31288295528435,12.3966047811819,13.53843146295,6.88264304936184,11.0098286173681,11.6483575820097,8.85174904141606,1,6.4594316186373,9.91288933622996,6,9.2045711442492,2.58496250072116,8.07681559705083,5.85798099512757,13.6277618524026,2.58496250072116,12.0854724591813,6.4262647547021,8.8703647195834,4.32192809488736,8.57742882803575,6.55458885167764,5.90689059560852,1,13.4043432915858,4.58496250072116,8.59245703726808,2.58496250072116,3,8.68650052718322,4.70043971814109,9.06069593168755,5.16992500144231,2,13.326710358347,7.35755200461808,12.43410692861,2.58496250072116,14.3101867261243,1,3.32192809488736,2.58496250072116,11.140829770773,1,1,3.58496250072116,8.33091687811462,4.4594316186373,12.9095181142966,3,1,2,8.467605550083,3.32192809488736,15.1680452682241,7.6724253419715,7.96578428466209,6.49185309632967,5.52356195605701,11.609178738142,10.3465137331656,1,7.90689059560852,1,11.5430318202552,4.16992500144231,7.71424551766612,7.4262647547021,1,8.21916852046216,3.58496250072116,6.64385618977472,14.1819286925126,14.8012031251376,5.8073549220576,8.8008998999203,12.0881256921882,13.6156296369681,12.5102696708982,1,2.58496250072116,10.8963324039099,10.467605550083,12.9772799234999,2,8.84549005094437,3.32192809488736,9.85798099512757,7.22881869049588,10.0552824355012,5.4594316186373,15.008603695797,6.32192809488736,13.1823943534045,14.7280267813526,5.16992500144231,11.4553272203046,5.58496250072116,1,4.32192809488736,9.60362634498619,10.5545888516776,8.01122725542325,1,4.90689059560852,8.38370429247405,6.24792751344359,"1"
"TCGA.66.2757.01A",9.98299357469431,10.4429434958487,2.58496250072116,1,1,10.4737057496194,3,9.75488750216347,1,2,2,10.1774195379892,3.32192809488736,3.32192809488736,7.95419631038687,3.32192809488736,1,10.57931593758,13.4382720561248,9.5274770060604,11.1497471195047,14.2691266791494,5.90689059560852,11.4167975276061,5.90689059560852,11.3542493819452,6.28540221886225,8.61470984411521,9.45121111183233,10.0552824355012,3.58496250072116,10.7108064336994,10.9083926207737,10.0660891904578,3.32192809488736,4.58496250072116,9.57742882803575,2,7.6724253419715,2.58496250072116,6.6724253419715,5.75488750216347,14.3338541611942,1,10.3442959079158,5.85798099512757,8.48381577726426,2.58496250072116,8.55458885167764,3.58496250072116,4.70043971814109,1,12.1823943534045,3,8.18982455888002,2,2.58496250072116,7.02236781302845,3.8073549220576,2.58496250072116,4.16992500144231,3.58496250072116,10.8657332708518,9.03342300153745,15.8443134612033,7.4262647547021,11.6608872703026,1,3.32192809488736,2,13.0864679934641,1,1,5.52356195605701,7.85798099512757,1,10.2288186904959,2.58496250072116,2.58496250072116,1,3.58496250072116,3.32192809488736,14.4981012439949,6.04439411935845,1,4.16992500144231,4.8073549220576,10.4283601727043,8.19967234483637,1,7.79441586635011,1,11.8742129348309,5.39231742277876,8.32192809488736,10.6492561775173,1,7.52356195605701,6.04439411935845,7.16992500144231,11.4838157772643,8.59991284218713,1,9.43462822763673,8.09803208296053,13.3660489506706,7.4093909361377,2,2,9.66888498426625,11.7397806097733,11.5497846679479,2,4.32192809488736,10.7548875021635,8.05528243550119,7.06608919045777,8.31288295528435,2.58496250072116,12.2197735508929,5.85798099512757,10.3442959079158,11.1836353814732,9.99717948093762,11.6865005271832,2,1,1,6.88264304936184,10.4199601778479,7.49185309632967,1,2.58496250072116,11.4429434958487,3.8073549220576,"1"
"TCGA.66.2780.01A",14.0045716151677,16.8061468033205,7.37503943134692,4.70043971814109,3.58496250072116,10.0028150156071,2,10.1267044728432,1,4.16992500144231,11.9307373375629,13.2827988586835,3.32192809488736,6.88264304936184,6.90689059560852,6.04439411935845,3,12.8372337003391,9.95128471496697,3.32192809488736,9.29462074889163,13.5624809453493,8.23840473932508,15.2242278314878,5.39231742277876,9.61102479730735,5.70043971814109,8.53138146051631,12.9858419370033,11.1522848423066,5.32192809488736,9.54303182025524,10.7159619902551,9.08746284125034,1,5.24792751344359,9.21431912080077,5.16992500144231,11.1254134704833,2,8.63662462054365,6.32192809488736,13.7829982089204,1,10.9188632372746,6.39231742277876,9.17492568250068,3.58496250072116,6.78135971352466,3,6.28540221886225,1,14.2582715762829,2,8.8008998999203,2,5.16992500144231,5.75488750216347,4.58496250072116,8.37503943134692,4.32192809488736,2,10.4491486453754,10.1137421660492,8.35755200461808,3.8073549220576,14.4515974962584,1,3,2,14.4568677383803,1,1,2,9.7714894695006,1,10.8811139606751,1,1,1,1,3.58496250072116,15.7684945039534,5.4594316186373,8.2667865406949,3.58496250072116,7.61470984411521,11.0484868739923,11.0209799389042,1,7.08746284125034,2.58496250072116,12.9166259222112,3,2.58496250072116,8.74146698640115,1,5,3.32192809488736,4.70043971814109,15.4093909361377,16.9490743511888,3.32192809488736,9.35755200461808,10.6238814900135,13.8394006489884,5.08746284125034,2.58496250072116,1,11.6803595235137,10.2240016741981,10.539158811108,1,6.61470984411521,3.32192809488736,7.61470984411521,5.24792751344359,10.5038257379958,1,14.2848241002246,8.62205181945638,8.51569983828404,9.91886323727459,1,9.9915218460757,3.58496250072116,3.32192809488736,1,4.16992500144231,9.89178370321831,8.97154355395077,1,6.4262647547021,2.58496250072116,2.58496250072116,"1"
"TCGA.85.6175.01A",15.2412383791234,14.574475268799,3.8073549220576,2,1,9.97154355395077,12.1935253605012,10.813781191217,4,1,11.7176764230664,14.6813482351738,7.06608919045777,6.90689059560852,7.58496250072116,5.64385618977472,4.16992500144231,12.4589192069676,15.2627555376788,1,13.3682336113809,12.7502882675917,3.32192809488736,15.3283944383525,3.58496250072116,9.8073549220576,8.53138146051631,7.84549005094437,13.6250238568804,14.626393504174,2.58496250072116,8.01122725542325,13.1494295900567,10.3420746679991,1,6.70043971814109,11.0848083878044,1,12.2276159434142,3.8073549220576,8.27612440527424,7.18982455888002,14.3664588266261,2.58496250072116,11.4542992936199,2,9.59245703726808,4,7.16992500144231,2,9.41362792902417,1,14.3118901938506,2.58496250072116,3,2.58496250072116,2.58496250072116,7.89481776330794,5.16992500144231,5.32192809488736,6.04439411935845,4.70043971814109,13.8435285346111,10.3106127816595,13.7336509168387,10.0794847838268,12.706064267335,3,2,1,11.9851303734669,1,1,4.90689059560852,6.39231742277876,1,12.2638560195961,1,3,1,1,2.58496250072116,15.5361257716003,6.83289001416474,6.04439411935845,4.16992500144231,6.35755200461808,11.2877123795494,7.08746284125034,2,2.58496250072116,1,12.6438561897747,4.16992500144231,7.33985000288462,12.8929222236306,1,8.4594316186373,1,2,16.1804531073288,14.3209415403346,2.58496250072116,5.32192809488736,10.7992816215219,15.5233781771509,12.6206780421354,2,2,6.12928301694497,9.2240016741981,15.2878566418405,1,3.32192809488736,3.58496250072116,11.6211361132746,2.58496250072116,8.96000193206808,1,13.3589258691547,6.4262647547021,13.8239642584867,14.8181827049486,3.58496250072116,8.59991284218713,2.58496250072116,2,1,8.4093909361377,9.84549005094438,11.5008418795569,1,2,11.2395985292491,4.90689059560852,"1"
"TCGA.85.8584.01A",15.1334633465234,9.54303182025524,4.8073549220576,3.32192809488736,1,8.24792751344359,1,10.9053870050181,1,2,2.58496250072116,10.7565563225241,4.16992500144231,3.32192809488736,3.8073549220576,7.16992500144231,3.8073549220576,12.0586682503406,9.74483383749955,2.58496250072116,10.0279059965699,12.036860446673,3,12.7334390828994,4.32192809488736,9.93663793900257,5.24792751344359,6.97727992349992,6.55458885167764,11.3966047811819,4.16992500144231,5.95419631038687,10.2045711442492,7.91886323727459,3.58496250072116,6.49185309632967,9.79441586635011,1,7.32192809488736,1,5.58496250072116,6.58496250072116,13.6020028635374,2,9.13955135239879,1,7.39231742277876,3.58496250072116,3,6.75488750216347,4.4594316186373,1,13.6746336617673,2,1,4.32192809488736,1,7.68650052718322,4.16992500144231,5.32192809488736,5.32192809488736,3.8073549220576,9.19967234483636,9.9915218460757,7.97727992349992,4.16992500144231,15.6701029624229,3,2,2.58496250072116,9.876516946565,1,1,1,7.74146698640115,1,15.3974740961648,1,1,1,4,3.32192809488736,14.1876613657391,5.52356195605701,1,3,7.02236781302845,8.19967234483637,10.3128829552844,1,4.16992500144231,1,9.64024493622235,4.16992500144231,2,8.6724253419715,2,7.7279204545632,7.55458885167764,2.58496250072116,12.1649069266757,5.95419631038687,1,10.2620948453702,10.9527412471865,12.3928540398729,9.74146698640115,2,1,9.76487159073609,8.70735913208088,11.5612879451648,3,8.52356195605701,2,6.52356195605701,1,7.68650052718322,5.58496250072116,10.8579809951276,13.4512111118323,5,10.9556499075284,5.39231742277876,11.6987046667703,2,1,1,5.4594316186373,8.65105169117893,7.4757334309664,1,1,2,4,"1"
"TCGA.43.7658.11A",9.37937836707126,3,1,1,1,6.39231742277876,2,4.90689059560852,2,1,3,11.800090987625,1,6.64385618977472,8.76818432477693,6.7279204545632,2.58496250072116,7.8703647195834,1,4,16.0667198952057,12.0573148777827,3.32192809488736,17.8655158064563,1,7.35755200461808,5.16992500144231,3,1,13.9984141365893,5.08746284125034,5.52356195605701,12.3917806060132,10.8872206154684,1,1,13.7306824074768,1,8.35755200461808,1,4.16992500144231,10.7090838125503,13.8820698310081,1,6.70043971814109,3,7.4594316186373,5.64385618977472,4.70043971814109,4.16992500144231,6.12928301694497,1,12.9210970881068,1,1,4.58496250072116,2,12.2992080183873,1,3.8073549220576,7.49185309632967,1,15.9563307773512,8.69348695749932,8.4594316186373,2,7.32192809488736,1,1,2.58496250072116,9.73470962022584,1,1,2,1,1,15.6281607096214,2,1,1,1,2,17.7419935750995,5.85798099512757,4.58496250072116,3,3.32192809488736,10.8579809951276,6.58496250072116,1,2.58496250072116,1,8.16992500144231,1,7.3037807481771,7.44294349584873,1,12.8986013874039,1,11.9614496943982,5.85798099512757,10.5313814605163,1,3.32192809488736,6.90689059560852,13.3066313617125,6.93073733756289,2.58496250072116,1,8.08746284125034,7.62935662007961,15.4316934673706,1,3.32192809488736,2,6.52356195605701,2,5.24792751344359,1,12.0272148851598,6.97727992349992,4.70043971814109,17.1771859220806,2.58496250072116,4.8073549220576,2,1,1,13.2404932238768,6.64385618977472,10.2620948453702,1,1,5.16992500144231,5.58496250072116,"1"
"TCGA.43.2578.01A",9.59245703726808,6.61470984411521,6.12928301694497,1,1,9.51963625284321,5.08746284125034,8.02236781302845,2.58496250072116,1,5.4594316186373,11.2667865406949,5.52356195605701,3.32192809488736,5.08746284125034,5,4.58496250072116,10.6635581042173,13.4048754550152,3,13.7387256224934,14.376532412848,5.16992500144231,12.9826371336694,2,11.6856248397264,6.39231742277876,7.59991284218713,5.32192809488736,11.7903484967519,10.0552824355012,8.97154355395077,10.6917435191713,9.12412131182919,1,1,10.2455527062557,2,7.58496250072116,2,5.64385618977472,6,13.7193888209421,3.8073549220576,12.4481163054095,6.90689059560852,11.7895336449704,3,7.28540221886225,5.4594316186373,6.70043971814109,1,12.7519624134609,4.4594316186373,7.7279204545632,1,1,7.82017896241519,1,8.76155123244448,6.16992500144231,2.58496250072116,12.1661630826461,6.7279204545632,8.02236781302845,3,7.85798099512757,2,4,1,12.3089078040639,1,1,1,1,1,11.8634119589416,2,1,1,7.84549005094437,3.32192809488736,14.5476175549028,5.8073549220576,7.53915881110803,8.54689445988764,14.7033628939642,10.2620948453702,7.68650052718322,1,8.53915881110803,1,13.3581017074408,2.58496250072116,13.6706562491184,8.78790255939143,1,9.29001884693262,4,8.14974711950468,9,11.3837042924741,2.58496250072116,11.4346282276367,9.44708322620965,12.634357301138,11.9106427304696,1,1,8.98299357469431,11.1045987535644,12.0443941193585,4.32192809488736,6.04439411935845,3.32192809488736,9.83289001416474,5.32192809488736,11.2502984179063,3.58496250072116,13.661778097772,12.9621730311097,6.08746284125034,14.8808270760341,3.32192809488736,9.43879185257826,3,4.4594316186373,1,8.04439411935845,10.6293566200796,7.91886323727459,1,1,6.20945336562895,5.52356195605701,"1"
"TCGA.77.8008.11A",8.21916852046216,5.24792751344359,2,2,3.32192809488736,6.16992500144231,2,4.58496250072116,1,1,2.58496250072116,12.624338545313,3.58496250072116,8.13955135239879,5.95419631038687,10.2312211807112,2,5,1,3.32192809488736,15.0944901081443,12.6188443017667,2.58496250072116,16.6279612947958,1,6.93073733756289,4.70043971814109,5.32192809488736,6.35755200461808,16.3431510081636,4,6.16992500144231,12.4868350215631,10.1006623390052,2.58496250072116,2,13.2027360432502,1,9.04984854945056,5.90689059560852,5.39231742277876,8.98868468677217,13.8942493628642,1,11.1421070573025,2,8.49185309632967,7.35755200461808,3.32192809488736,1,6.39231742277876,1,14.0484868739923,1,3,2.58496250072116,1,12.0940776856719,2,6.32192809488736,8.31288295528435,4.16992500144231,14.8120770034293,9.48784003382305,7.39231742277876,3.58496250072116,7.4262647547021,2,2,2,10.1972166931101,1,3.32192809488736,1,2,1,13.4233785765185,1,1,3.32192809488736,1,2.58496250072116,17.2155140407397,6.4262647547021,4.16992500144231,4.58496250072116,2,13.0122753448561,7.06608919045777,1,3.58496250072116,2,10.8470573460913,2,7.20945336562895,7.52356195605701,1,12.7448338374995,1,11.3398500028846,10.7862696276485,8.64385618977472,1,4.16992500144231,9.02236781302845,14.010877723007,8.08746284125034,2,1,4.4594316186373,8.13955135239879,15.0749776623012,1,2,3,5.90689059560852,1,5.32192809488736,2,11.8249587405285,7.02236781302845,4.16992500144231,17.1661827014074,3.32192809488736,6.35755200461808,2,1,1,12.3032099489448,6.90689059560852,11.0014081943928,1,1,2.58496250072116,6.24792751344359,"1"
"TCGA.22.0940.01A",15.6120045562862,15.1267044728432,4.32192809488736,3.32192809488736,2,10.3487281542311,1,7.10852445677817,2,5.90689059560852,9.25738784269265,12.6719832720919,4.16992500144231,5.90689059560852,9.35314682549808,6.78135971352466,3,12.8081597728684,4.90689059560852,1,12.2667865406949,13.4998458870832,8.24792751344359,14.8922581959182,5.52356195605701,9.7279204545632,4.58496250072116,7.53915881110803,11.4868350215631,11.2877123795494,6.90689059560852,11.3476213685681,11.7838167593202,9.5274770060604,1,11.1137421660492,10.4998458870832,6.64385618977472,11.0168082876866,5,6.58496250072116,4.90689059560852,14.0021117764799,5.08746284125034,12.4993476328766,7.14974711950468,7.65821148275179,3.8073549220576,8.3037807481771,3.8073549220576,4.32192809488736,1,13.6838718686226,4.4594316186373,8.28540221886225,2,1,6.85798099512757,3.58496250072116,9.48381577726426,4,4.16992500144231,11.1241213118292,9.18982455888002,14.3316167738451,1,14.2594490462857,1,2.58496250072116,8.09803208296053,12.0721326041672,1,1,2,9.27146302790437,1,12.4429434958487,1,3.8073549220576,1,1,3,13.7654933080656,6.04439411935845,7.70043971814109,8.39231742277876,5.39231742277876,10.0306671362469,8.70043971814109,2,8.53138146051631,2,11.0606959316876,3,5.70043971814109,8.16992500144231,1,7.52356195605701,4.58496250072116,6.78135971352466,13.4898479604393,10.0306671362469,1,4,12.3072008091408,13.995943767765,10.0794847838268,2,2.58496250072116,10.9571020415623,11.5517082616207,13.862831046898,4,8.76818432477693,7.20945336562895,7.53915881110803,7.85798099512757,10.3128829552844,1,13.752589717641,5.8073549220576,9.37068740680722,12.652844973002,6.49185309632967,10.9772799234999,1,1,1,8.31288295528435,10.292321632802,10.5698556083309,1,6.52356195605701,3.32192809488736,3.8073549220576,"1"
"TCGA.52.7812.01A",7.52356195605701,7.08746284125034,3,1,2,8.94251450533924,2,12.2685420003001,1,2,3,13.400612641082,1,1,2.58496250072116,8.17990909001493,2,11.0512089409148,9.97154355395077,2,11.3342732853072,13.2134080408583,5.08746284125034,13.3685064615077,4,5.16992500144231,4.58496250072116,6.75488750216347,9.14974711950468,11.6054795180617,4.16992500144231,5.52356195605701,11.4978518369511,8.78135971352466,1,1,10.6293566200796,1,7.89481776330794,2,3.32192809488736,4.90689059560852,13.5757755798748,2.58496250072116,12.6008421143873,2,8.10852445677817,2.58496250072116,4.4594316186373,3.8073549220576,3,1,13.0781508077346,2,2.58496250072116,1,3,5.32192809488736,1,8.4093909361377,4.16992500144231,4,9.72109918870719,6.20945336562895,5,2.58496250072116,15.3358788006992,1,2.58496250072116,1,11.6715410667119,1,1,4.32192809488736,8.35755200461808,1,12.4578938373147,1,1,2.58496250072116,2,2.58496250072116,14.9067966670925,5.08746284125034,1,8.2667865406949,8.33091687811462,8.70735913208088,5.16992500144231,1,5,1,12.3037807481771,1,4.4594316186373,6.55458885167764,1,6.24792751344359,2,1,13.2659080092311,6.6724253419715,1,4.16992500144231,6.32192809488736,13.8967108157261,7.79441586635011,1,1,9.6724253419715,10.7515440590891,12.2667865406949,1,8.33985000288462,1,6.4594316186373,1,6.08746284125034,4,11.4283601727043,6.55458885167764,3.58496250072116,12.7561392983729,7.83289001416474,6.35755200461808,1,1,1,6.16992500144231,10.4072677642447,7.93073733756289,1,2,1,1,"1"
"TCGA.22.4609.01A",13.2455527062557,15.4598158079896,6.32192809488736,3.32192809488736,7.96578428466209,12.9068905956085,10.1006623390052,8.24792751344359,1,1,8.66533591718518,12.7168194613299,6.20945336562895,6.88264304936184,11.3728650601126,7.8703647195834,5.16992500144231,13.8799660796644,7.2667865406949,2.58496250072116,14.9304601538467,13.1858046151085,8.99435343685886,14.3862666867702,5.75488750216347,8.29462074889163,4.32192809488736,9.4093909361377,15.2937590096679,14.2273150999055,4.4594316186373,8.02236781302845,12.527965641134,10.12153351734,2,5.39231742277876,11.5294305541462,5.4594316186373,12.0202855008446,3,7.39231742277876,6.24792751344359,13.7140308149288,4,10.4938554492408,4.58496250072116,10.2784494582205,5.08746284125034,5.58496250072116,2,9.76487159073609,1,13.8163837084747,2,5,3,3,9.3037807481771,4.16992500144231,8.8703647195834,5.08746284125034,1,14.1831701210421,7.94251450533924,11.0320457269308,10.5887146355823,13.2600374211066,1,2,3.8073549220576,12.0674343607565,1,1,2.58496250072116,11.4210128557792,1,11.7168194613299,1,3,2,5.70043971814109,3.8073549220576,15.1939103152867,5.75488750216347,1,7.88264304936184,5.90689059560852,10.3037807481771,8.22881869049588,2,6.4262647547021,3.8073549220576,12.1421070573025,4.70043971814109,12.2002856052243,8.76155123244448,1,9.85174904141606,3,9.21916852046216,16.3042443563219,15.2095295193961,2,6.88264304936184,8.09803208296053,14.6328816304061,15.2086916067851,2.58496250072116,2,11.1922928144708,10.0112272554233,15.0503588465876,1,4.8073549220576,4,13.9192357860283,1,8.4594316186373,1,14.4452735556406,5.64385618977472,15.6488069497258,15.7374058025854,2.58496250072116,8.35755200461808,4.58496250072116,2,2,10.0223678130285,9.80413102118332,9.33091687811462,1,3.58496250072116,12.4943556035328,7.4757334309664,"1"
"TCGA.63.A5MM.01A",15.3799874846825,16.8711592546349,4.32192809488736,2.58496250072116,1,7.68650052718322,1,13.610563503925,1,4.90689059560852,10.6794800995054,12.8933015308606,3.32192809488736,5,5.08746284125034,6.4594316186373,4.58496250072116,11.9527412471865,8.91288933622996,2,10.0794847838268,12.4898479604393,3.32192809488736,15.8074555529676,2.58496250072116,6,9.02790599656988,6.35755200461808,7.32192809488736,13.1780423288648,2,8.09803208296053,11.2573878426927,7.98868468677217,1,12.2485206049384,11.8734441125154,1,11.9520131648895,3.58496250072116,7.39231742277876,3.58496250072116,14.0676024188895,5.24792751344359,9.06069593168755,2,9.63662462054365,3,5.16992500144231,3,5.85798099512757,1,14.8442153687306,1,8.05528243550119,2.58496250072116,3.32192809488736,8.35755200461808,5.95419631038687,8.6724253419715,6.28540221886225,2,13.4146852358072,8.14974711950468,8.83289001416474,2,14.7902466654449,1,3.32192809488736,1,6.35755200461808,1,1,1,5.52356195605701,1,10.4655664048094,2.58496250072116,1,1,2,2.58496250072116,14.4642904738508,11.7565563225241,3,2.58496250072116,5.95419631038687,10.9915218460757,12.1910592145317,1,3.32192809488736,1,12.4527560290325,2,4.4594316186373,8.90689059560852,2,8.98299357469431,3,3.32192809488736,15.391444994073,13.0811505212719,2,3,8.29462074889163,13.0237543532994,8.01122725542325,2,1,10.3151495622563,9.69348695749933,14.5511074140668,1,8.37503943134692,2,5.16992500144231,2.58496250072116,8.12928301694497,4.90689059560852,12.3454052467178,6.97727992349992,9.79441586635011,7.8703647195834,1,5.16992500144231,3,1,1,1,9.51569983828404,9.29920801838728,1,3,4,4.70043971814109,"1"
"TCGA.43.5668.01A",6.97727992349992,10.4367115421372,5.16992500144231,2,1,12.892163309862,2,6.08746284125034,3.8073549220576,5.32192809488736,4.4594316186373,14.5685499481612,2.58496250072116,6.49185309632967,3.58496250072116,4.8073549220576,1,9.06608919045777,10.5352753766208,3.8073549220576,11.0484868739923,12.7895336449704,4.70043971814109,14.6627796216171,1,5,6.04439411935845,4.16992500144231,12.7850437147797,13.1263818305426,4.8073549220576,5.8073549220576,12.3247431104944,9.73470962022584,1,3,10.8486229404293,2,7.58496250072116,3,4.58496250072116,5,14.7590559391602,1,10.5774288280357,3.58496250072116,7.22881869049588,2,8.67948009950545,1,7.12928301694497,1,12.9406806484241,5.08746284125034,8.03342300153745,4.70043971814109,1,5.90689059560852,4.70043971814109,7.04439411935845,4.58496250072116,2,14.1598713367784,8.31288295528435,11.0168082876866,4,13.9456267222298,2,4.70043971814109,8.93073733756289,12.6816776552097,1,1,2,2.58496250072116,1,14.3039234127054,2,5.64385618977472,1,4.4594316186373,8.36632221424582,14.7334390828994,7.85798099512757,7.7279204545632,10.1724275086455,7.12928301694497,8.88874324889826,6.90689059560852,1,4,1,8.55458885167764,1,13.0993478104032,6.4262647547021,1,6.61470984411521,1,4.4594316186373,11.9307373375629,6.75488750216347,1,4,13.4976023867835,13.9344280406268,6.61470984411521,2,1,8.99435343685886,9.88264304936184,11.7364019313183,2,1,2.58496250072116,11.4419067045422,2.58496250072116,10.2620948453702,1,13.6615554424678,4.90689059560852,10.1369911120802,14.107544031976,5.24792751344359,7.37503943134692,2,2,2,4.8073549220576,10.6688849842662,8.14974711950468,1,1,3.32192809488736,4,"1"
"TCGA.34.2608.01A",14.4157417682901,10.9498267107591,4,2.58496250072116,6.24792751344359,10.1241213118292,3.32192809488736,8.16992500144231,1,2.58496250072116,10.4918530963297,13.1848753429083,5.39231742277876,7.28540221886225,11.3955341354623,6.32192809488736,4,12.4701504352744,6.83289001416474,1,12.2743781532464,13.115693952197,8.24792751344359,14.2769967392971,4.70043971814109,7.64385618977472,6.58496250072116,7.49185309632967,13.7962424482032,14.5951409047417,8.38370429247405,12.1433832139898,11.7168194613299,10.6073303137496,1,6.75488750216347,10.319672120947,4.4594316186373,12.4701504352744,6.78135971352466,8.15987133677839,7.18982455888002,13.946358033887,4.4594316186373,10.3442959079158,4,7.33985000288462,4.90689059560852,5.8073549220576,5.64385618977472,7.12928301694497,1,13.4225904338926,1,7.4757334309664,3,1,8.05528243550119,4.90689059560852,8.02236781302845,4.32192809488736,3.32192809488736,12.9932922414885,9.54303182025524,12.2562086885274,6.20945336562895,11.4512111118323,3,1,4.70043971814109,12.7372473430277,1,3,2,7.14974711950468,2.58496250072116,12.3998119593257,1,2,1,1,3.58496250072116,14.0532471259124,8.8008998999203,5,5.75488750216347,6.28540221886225,10.4470832262097,7.79441586635011,1,5.52356195605701,1,11.667111542075,5.75488750216347,6.95419631038687,7.28540221886225,2,8.43462822763673,1,6.8073549220576,15.8650082620215,15.9669559984385,2.58496250072116,3,8.33985000288462,14.3003525603282,10.1598713367784,1,1,10.7498694273968,9.89178370321831,11.3815429511846,1,7.5077946401987,4.58496250072116,9.54303182025524,3,8.83920378809694,2.58496250072116,14.2385540170986,6.58496250072116,11.2911706993219,13.2740869056344,5.16992500144231,9.87344411251538,4.4594316186373,2,1,7.53915881110803,8.8703647195834,10.2215871212648,1,4.58496250072116,6.24792751344359,7.82017896241519,"1"
"TCGA.56.7579.11A",9.03342300153745,5.16992500144231,1,1,1,6.88264304936184,1,5.16992500144231,1,1,3.58496250072116,11.4512111118323,1,6.78135971352466,6.95419631038687,9.12928301694497,2.58496250072116,6.20945336562895,5.64385618977472,3.32192809488736,15.4362560740858,11.8948177633079,2,17.5037325857735,2,6.75488750216347,3.58496250072116,2.58496250072116,2.58496250072116,14.4250847432428,4.16992500144231,6.4262647547021,12.6728672764338,10.5196362528432,1,1,12.7903484967519,1,8.4594316186373,1,3.58496250072116,8.76155123244448,13.6715410667119,1,5.90689059560852,2.58496250072116,7.59991284218713,4.90689059560852,3.32192809488736,3.32192809488736,5.70043971814109,1,12.9121408562957,3.32192809488736,2.58496250072116,1,1,9.55458885167764,2.58496250072116,3.58496250072116,8.66533591718518,1,15.8205778826558,8.68650052718322,7.97727992349992,4.32192809488736,6.83289001416474,1,1,3,8.98299357469431,1,5,2,1,1,14.5612879451648,1,1,5.08746284125034,1,1,17.3778036218834,6.4262647547021,6.16992500144231,4.16992500144231,5.85798099512757,12.18982455888,6.28540221886225,2,3.8073549220576,1,8.98299357469431,2,6.49185309632967,4.70043971814109,1,12.6334493747135,1,11.800090987625,7.52356195605701,8.4093909361377,1,3,6.20945336562895,13.281350514981,8.22881869049588,2,1,7.71424551766612,7.55458885167764,15.1980612949304,1,2,2,5.95419631038687,1,4.8073549220576,3.32192809488736,12.1904420187828,7.2667865406949,4.90689059560852,16.510300581928,2.58496250072116,5.39231742277876,1,1,1,12.581200581925,6.88264304936184,10.1674181458317,1,1,5.16992500144231,5,"1"
"TCGA.33.6737.01A",14.3788367132106,15.2259605272362,6.7279204545632,4.32192809488736,1,11.2070143201775,3.8073549220576,10.7976615258538,1,2.58496250072116,6.6724253419715,12.871135184243,5.39231742277876,5.39231742277876,5.95419631038687,5.52356195605701,3.32192809488736,13.6974020075027,3.58496250072116,2,13.6418259720418,13.1468868354159,4.16992500144231,13.4775053173697,3,10.951284714967,5,6.78135971352466,9.77478705960117,13.163335192082,8.78135971352466,6.4262647547021,11.6786001390995,9.33539035469392,1,8.63662462054365,11.5410966153495,4,9.18487534290828,6.49185309632967,6.49185309632967,7.4262647547021,14.1949107172754,4.70043971814109,7.96578428466209,5,8.3037807481771,4.4594316186373,3.58496250072116,2,3.58496250072116,1,13.9924073153485,3.32192809488736,7,1,2,10.539158811108,4.4594316186373,7.4262647547021,7.39231742277876,2,11.6017707884077,11.5612879451648,6.32192809488736,1,17.2677193945641,2,3,3.32192809488736,8.90689059560852,1,1,3,8.19967234483637,1,14.6142497276894,2,3.8073549220576,2,10.18982455888,1,17.8087505493657,4,3.8073549220576,3,12.8265484872909,10.5943246039248,9.71424551766612,1,4.32192809488736,1,10.6275338844728,8.49185309632967,3.32192809488736,7.10852445677817,1,9.8073549220576,5.58496250072116,7.58496250072116,13.9448950396779,10.3750394313469,2,10.2900188469326,7.85798099512757,13.2390017577656,6.83289001416474,1,1,9.66888498426625,11.129283016945,13.8113746935099,1,10.729620743553,1,5.75488750216347,4.58496250072116,5.58496250072116,4.32192809488736,12.5488219084588,14.1719586190771,7.20945336562895,14.4386619210214,4.70043971814109,10.9173720794768,7.49185309632967,1,2,8.876516946565,10.8153832958135,10.12153351734,1,2,3.8073549220576,3.32192809488736,"1"
"TCGA.85.A50M.01A",15.0024634388925,11.5859014496908,6.75488750216347,2,1,10.8313072438021,3.32192809488736,9.61470984411521,1,1,7.4093909361377,14.2211339423571,2,2,6.24792751344359,6.08746284125034,3.8073549220576,11.9665054519057,10.7615512324445,3.32192809488736,12.292321632802,12.7151040092362,4.16992500144231,15.6004937074528,5.64385618977472,6.78135971352466,6.12928301694497,2,9.12928301694497,11.2550285698187,4.58496250072116,5.4594316186373,11.4938554492408,9.54689445988764,1,6.55458885167764,9.53915881110803,1,8.67948009950545,5,6.08746284125034,4.70043971814109,13.3923174227788,2,13.5700928741881,4.4594316186373,9.3264294871223,3.32192809488736,7.16992500144231,2,4.16992500144231,1,13.8989792046225,4.16992500144231,2,2.58496250072116,3.8073549220576,5.39231742277876,5.85798099512757,9.18487534290828,5.8073549220576,3.58496250072116,11.9665054519057,9.88264304936184,8.6724253419715,2,13.9744145898055,2,2.58496250072116,5.08746284125034,10.6474584264549,1,1,1,9.80413102118332,1,11.2395985292491,1,1,1,2,3,14.8310102809465,4.32192809488736,7.04439411935845,7.39231742277876,5.39231742277876,9.12928301694497,10.0525680508042,1,7.37503943134692,1,13.353698209048,1,6.70043971814109,8.93663793900257,2,6.49185309632967,1,3.32192809488736,12.8494051009478,11.7879025593914,2,11.1137421660492,9.35314682549808,15.2043418842375,13.4075333316713,1,1,8.70735913208088,8.67948009950545,14.6489192697882,1,8.39231742277876,3.58496250072116,8.96000193206808,6.58496250072116,10.3815429511846,3.58496250072116,12.0546043179607,6.4594316186373,7.39231742277876,13.2505945071923,6.75488750216347,12.0084286220706,5.08746284125034,1,1,4.4594316186373,10.1922928144708,11.3761253892762,1,1,3.8073549220576,2,"1"
"TCGA.77.7335.11A",6.24792751344359,2,2.58496250072116,1,1,5.70043971814109,2,3,1,1,2,10.3793783670713,1,5.8073549220576,7.85798099512757,4.8073549220576,3,2,2.58496250072116,2,14.232570825357,11.3253054550897,5.95419631038687,17.2644792535984,1,6.16992500144231,2,4,4.16992500144231,14.666556894019,3.8073549220576,3.8073549220576,11.3454052467178,9.83920378809694,1,1,12.0841440106151,1,6.52356195605701,1,2,9.18487534290828,12.958552715431,1,3.8073549220576,2.58496250072116,5.70043971814109,4,3.32192809488736,1,4.32192809488736,1,11.1072170755914,3,1,3.8073549220576,2,11.3739526553702,1,4.70043971814109,5.58496250072116,3,14.6260512142343,8.62935662007961,6.70043971814109,1,4.16992500144231,1,1,2,8.38370429247405,1,1,1,2.58496250072116,1,13.6261653199045,2,1,1,1,2.58496250072116,16.3982092614669,7.74146698640115,4,3.32192809488736,3.32192809488736,9.93073733756289,4.8073549220576,1,3.58496250072116,2,9.17492568250068,1,6.28540221886225,5.16992500144231,2,10.9600019320681,1,12.0409745988173,6.61470984411521,6,1,1,5.95419631038687,11.8273427042341,5.52356195605701,2,1,4.4594316186373,7.71424551766612,13.4691330198296,1,2,1,4.70043971814109,2.58496250072116,1,1,10.047123912114,5.08746284125034,3.58496250072116,14.6679985356725,3.8073549220576,4.58496250072116,2.58496250072116,1,1,12.3387363825739,6.35755200461808,10.3174126137649,1,1,4.16992500144231,3,"1"
"TCGA.39.5028.01A",15.4083297407674,16.147801153839,6.52356195605701,2,7.61470984411521,7.56985560833095,12.6465587101545,8.56224242422107,6.08746284125034,2.58496250072116,14.8556471660273,13.3125993788626,4,5.16992500144231,7.71424551766612,5.08746284125034,9.79766152585376,13.7017396386744,12.4330637651221,3,10.6492561775173,12.6183855022586,8.19967234483637,16.553179281423,3.58496250072116,7.94251450533924,4.4594316186373,8.83920378809694,14.7176764230664,11.729620743553,6.12928301694497,8.78135971352466,11.7473538294781,9.16992500144231,5.24792751344359,8.92481250360578,10.4878400338231,5.32192809488736,10.1699250014423,3.58496250072116,6.85798099512757,6.70043971814109,13.5727002264873,6.24792751344359,10.791162888555,4.8073549220576,7.52356195605701,3.58496250072116,4,3.8073549220576,5.85798099512757,1,12.6515002206527,2.58496250072116,8.4262647547021,2,4.4594316186373,5.24792751344359,7.14974711950468,8.60733031374961,3.32192809488736,3.32192809488736,11.5980525001616,8.37503943134692,13.6213650943149,7.49185309632967,14.7091915366528,4.32192809488736,3.8073549220576,5.39231742277876,13.8963324039099,1,1,9.8703647195834,13.4908508767403,2,13.0617087046606,1,2.58496250072116,1,1,2,14.8168836547808,6.8073549220576,8.78790255939143,2.58496250072116,4.32192809488736,9.89784545600551,10.7431513941125,1,5.64385618977472,1,12.4599438483749,7.68650052718322,2,10.7698378436294,8.98299357469431,7.16992500144231,1,2,16.4079647745043,16.9157393589355,3.58496250072116,3.58496250072116,7.28540221886225,12.9936460600166,8.65105169117893,1,1,9.74146698640115,9.78790255939143,13.7123120417803,1,8.90086680798075,3.58496250072116,13.4850745636986,3,6.75488750216347,2.58496250072116,13.0761475280225,7.28540221886225,15.0783176222161,10.8610869059954,3,8.21916852046216,4.32192809488736,2,1,6.93073733756289,9.59618975614441,8.52356195605701,1,4.32192809488736,11.2336196767597,5.58496250072116,"1"
"TCGA.60.2704.01A",13.1598713367784,10.8376279331714,5.08746284125034,4,6.12928301694497,11.8649599151426,1,5.95419631038687,3.58496250072116,2.58496250072116,7.78135971352466,12.8177831217745,7.33985000288462,7.53915881110803,9.82336724004623,6.95419631038687,3,11.4072677642447,10.6653359171852,1,14.5377037479076,14.199058823653,8.88874324889826,14.4616073401138,3,9.53138146051631,5.85798099512757,8.24792751344359,14.5699742461371,15.0972091435503,7,10.6036263449862,12.8017083589165,10.8902642770211,1,5,11.5612879451648,6.35755200461808,11.3815429511846,4.32192809488736,6.97727992349992,6.64385618977472,13.6897796293773,6.08746284125034,11.8955752823807,6.61470984411521,10.2167458581953,3,7.56985560833095,2,8.25738784269265,1,12.4807902010958,3,8.3037807481771,3,1,7.97727992349992,5.85798099512757,7.70043971814109,6.7279204545632,3.8073549220576,15.6153422646904,10.1137421660492,9.69696752623429,6.08746284125034,12.732591435965,1,2,4,12.3014961949825,2,1,1,8.34872815423108,1,11.4858293087019,2.58496250072116,2.58496250072116,2.58496250072116,5.90689059560852,4.32192809488736,14.5191447879974,5.85798099512757,6.93073733756289,6.52356195605701,5.8073549220576,10.3728650601126,7.3037807481771,1,9.45121111183233,1,12.3253054550897,7.93073733756289,10.1848753429083,6.75488750216347,1,10.7862696276485,2,8.09803208296053,14.8244615851975,14.6662240028032,2.58496250072116,7.04439411935845,9.44708322620965,14.6234242898699,15.0490827651521,2,2,10.3014961949825,10.3553510964248,15.1158564819151,1,6,4.16992500144231,8.15987133677839,1,6.95419631038687,2,15.2692728118455,7.35755200461808,7.16992500144231,15.1341054004018,3,10.0251395622785,2,3,1,8.38370429247405,9.35755200461808,10.5545888516776,6.35755200461808,5.32192809488736,6.04439411935845,7.52356195605701,"1"
"TCGA.34.8455.01A",15.4553272203046,15.8485740413143,6.35755200461808,4.32192809488736,2,5.32192809488736,1,12.5230718269404,2.58496250072116,1,17.2266003450434,13.9693865213423,3.32192809488736,4.58496250072116,9.01680828768655,4,2,12.6781599575428,4,3,12.5924570372681,13.0038692319791,9.56224242422107,14.4277056814528,2.58496250072116,5.08746284125034,5.24792751344359,4,13.0028150156071,12.2697111211428,4.58496250072116,9.57364718749332,11.2969162068793,8.20945336562895,1,6.04439411935845,8.93073733756289,1,8.33091687811462,3,7.33985000288462,5.16992500144231,13.0129736483745,1,10.4635243732712,2,8.89481776330794,3,6.16992500144231,3.32192809488736,4.16992500144231,1,12.9501913499727,2.58496250072116,8.91886323727459,1,2.58496250072116,6.90689059560852,4.90689059560852,7.6724253419715,4.16992500144231,3,10.8841705191084,11.6017707884077,10,2.58496250072116,14.6003775531078,1,3.32192809488736,1,12.4109812670438,1,1,1,7.22881869049588,1,9.92184093707449,2,3.8073549220576,1,1,1,14.3589258691547,5.08746284125034,1,3,6.04439411935845,10.4470832262097,7.94251450533924,2,6.64385618977472,2.58496250072116,11.4878400338231,4.4594316186373,2,7.84549005094437,1,6.88264304936184,1,7,14.3004955642477,17.8456125572104,3.58496250072116,6.16992500144231,7.06608919045777,14.9044464645057,5.90689059560852,2,1,10.7347096202258,9.73470962022584,10.8641861446543,1,6.32192809488736,2,7,2,5.95419631038687,1,15.3982092614669,6.6724253419715,9.17990909001493,13.6391145631794,2.58496250072116,5.08746284125034,5.4594316186373,1,1,6.8073549220576,9.64745842645492,8.15987133677839,1,5.8073549220576,2,1,"1"
"TCGA.77.A5FZ.01A",8.89481776330794,6.20945336562895,1,1,2,6.35755200461808,2,6.90689059560852,1,1,3.8073549220576,11.0361736125535,3.8073549220576,6.28540221886225,6.08746284125034,7.28540221886225,2,6.24792751344359,9.27146302790437,2,14.595607155062,11.5603328342124,2,13.6640027628865,2,5.70043971814109,4,2,5.70043971814109,14.5439984501345,3.32192809488736,4.70043971814109,11.2644426002266,8.99435343685886,1,2,11.8494051009478,1,8.6582114827518,2,6.16992500144231,5.52356195605701,13.0542651396258,1,9.66533591718518,1,7.28540221886225,4.58496250072116,2.58496250072116,1,5.52356195605701,2,12.311748315005,1,1,1,1,9.27146302790437,1,4.90689059560852,6.55458885167764,2,10.5216004397237,8.05528243550119,10.2946207488916,3,9.37937836707126,1,2,1,9.82336724004623,1,1,1,2,1,12.1013191544233,1,3.58496250072116,2.58496250072116,1,2,15.4225247359012,7.20945336562895,6.08746284125034,3.58496250072116,2.58496250072116,8.27612440527424,5.85798099512757,1,4,2,9.65463602852797,2,4.32192809488736,8.34872815423108,1,10.3060616894283,1,7.6724253419715,9.97154355395077,6.90689059560852,1,4.8073549220576,7.53915881110803,12.6741922681457,7.89481776330794,2,2,5.08746284125034,8.48381577726426,13.3890935219045,2,3,2,5.90689059560852,1,5.70043971814109,1,11.8734441125154,6.93073733756289,7.70043971814109,15.0416591516372,3.32192809488736,8.10852445677817,2,1,1,10.3219280948874,7.4093909361377,8.66533591718518,1,1,3.32192809488736,2.58496250072116,"1"
"TCGA.56.7222.01A",15.1901333218648,12.2732128098543,6.12928301694497,1,7.52356195605701,9.34429590791582,3.32192809488736,10.0633950812885,3.8073549220576,1,4.70043971814109,14.4690057924349,1,2.58496250072116,4.90689059560852,5.08746284125034,7.82017896241519,11.1535520317081,7.74146698640115,10.3331553503106,14.3754467613692,13.2039597032395,7.37503943134692,15.7011439871523,2.58496250072116,10.1472049249422,7.22881869049588,7.32192809488736,12.9355334129507,12.2550285698187,5.95419631038687,11.1344263202209,11.298062567719,9.38801728534514,1,7,10.5372184005386,1,14.7918751044647,3,4.58496250072116,3.32192809488736,14.5964227307175,1,9.74146698640115,2,8.83920378809694,2.58496250072116,6.12928301694497,3,4.70043971814109,1,13.4125698468052,1,8.94251450533924,1,5.24792751344359,5.16992500144231,2.58496250072116,6.55458885167764,3.32192809488736,3.32192809488736,10.6202198255075,10.9614496943982,5.70043971814109,6.97727992349992,13.9569206047211,1,3.32192809488736,3.58496250072116,13.3624918060461,1,1,2,2.58496250072116,1,10.9218409370745,3,1,1,2,4.32192809488736,15.8854103985707,6.4594316186373,1,2,6,8.83920378809694,8.4594316186373,1,6.70043971814109,1,13.4828079567267,7.74146698640115,8.8073549220576,9.89178370321831,1,6.12928301694497,1,3.32192809488736,14.2412383791234,12.2318211786574,2,8.49984588708321,9.82017896241519,14.4490196432704,7.2667865406949,1,1,9.8073549220576,11.6174674652942,15.4232472493106,1,9.60362634498619,4,6.75488750216347,2.58496250072116,11.4584066132365,1,12.8753654006418,10.1497471195047,9.60733031374961,13.8540891798706,2,10.9425145053392,1,1,2,7.6724253419715,10.8841705191084,8.06608919045777,1,3.8073549220576,3,3.58496250072116,"1"
"TCGA.60.2697.01A",12.2240016741981,10.8025163651212,3,2.58496250072116,4.90689059560852,8.8703647195834,3.32192809488736,8.85174904141606,1,1,6.4262647547021,11.6174674652942,4,6.20945336562895,6.04439411935845,8.33091687811462,3.32192809488736,10.3575520046181,8.88264304936184,1,15.3220689761961,12.5873087283335,5.4594316186373,14.5846102372495,4.8073549220576,9.2336196767597,7.08746284125034,4.4594316186373,8.17990909001493,15.7626415675821,6.24792751344359,7.33985000288462,11.6995724532873,9.76487159073609,2,3.8073549220576,12.0714623625566,1,8.66533591718518,2,6.04439411935845,6.4262647547021,13.7067118449807,1,10.1699250014423,2.58496250072116,8.84549005094437,4.8073549220576,4,3.58496250072116,5.85798099512757,1,12.9776376904059,1,5.75488750216347,2.58496250072116,1,10.729620743553,7.20945336562895,6.70043971814109,7.37503943134692,2.58496250072116,11.1085244567782,9.98013957763916,10.5018371849023,3,12.642051692928,1,2,2,10.2667865406949,1,1,4.32192809488736,2.58496250072116,1,12.062720767165,3,1,3,1,3,16.403411532981,7.75488750216347,4,3,12.1529185761366,10.5774288280357,6.52356195605701,1,5.85798099512757,1,11.9196082386033,3.58496250072116,5.64385618977472,9.82972273508606,2,9.97441458980553,6.24792751344359,7.88264304936184,11.9520131648895,13.5684311931675,3.8073549220576,9.24317398347295,8.25738784269265,13.9551049802166,7.64385618977472,1,1,8.53915881110803,9.39231742277876,14.6332223038008,3.32192809488736,6.4262647547021,5.4594316186373,8.94251450533924,3.32192809488736,6.55458885167764,1,12.554109152574,6.88264304936184,10.5372184005386,16.1731696056034,4.32192809488736,11.1176431013891,3,1,1,9.29001884693262,9.02236781302845,9.5077946401987,2.58496250072116,1,6.8073549220576,4.70043971814109,"1"
"TCGA.33.4566.01A",13.6050164479114,5.58496250072116,5.64385618977472,2,1,6.85798099512757,1,8.53915881110803,1,1,5.08746284125034,10.0579917227592,1,2,1,2,3,10.1344263202209,8.84549005094437,1,8.33091687811462,11.3420746679991,1,13.3715044120433,1,8.76818432477693,4,4.16992500144231,6.90689059560852,6.28540221886225,6.83289001416474,5.08746284125034,9.02790599656988,6.39231742277876,1,6.20945336562895,7.4262647547021,1,4.16992500144231,4.4594316186373,3.32192809488736,2.58496250072116,11.4988492065317,1,3,1,4.4594316186373,1,3.32192809488736,1,2.58496250072116,1,10.8672787397097,1,1,1,1,2,1,1,2,1,9.23840473932508,6.4262647547021,3.32192809488736,1,14.4079315911744,1,2.58496250072116,1,7.59991284218713,1,1,1,2,1,11.2877123795494,1,1,1,6.88264304936184,1,15.2454784305051,4,1,1,8.57742882803575,8.35755200461808,5.4594316186373,1,6.55458885167764,2,10.590587049915,2,1,4.58496250072116,1,1,1,3,11.0237543532994,12.2143191208008,3,2,7.20945336562895,11.2737955992143,5.16992500144231,1,1,7.35755200461808,10.0660891904578,7.24792751344359,1,9.17492568250068,2,6.49185309632967,1,10.1699250014423,4,10.9729797860663,12.7968507952672,4.58496250072116,8.86418614465428,1,8.33091687811462,2,1,1,4.58496250072116,8.94251450533924,5.58496250072116,1,1,1,2.58496250072116,"1"
"TCGA.66.2782.01A",14.3236177632916,17.4524182197322,6.7279204545632,4.70043971814109,2,7.62935662007961,1,12.2294196882304,2.58496250072116,6,16.1731305573839,14.2610664999994,5.08746284125034,5.95419631038687,7.70043971814109,6.12928301694497,7.02236781302845,15.7593680869471,8.61470984411521,10.1947568544222,11.0539258815311,13.2825093062408,9.6724253419715,15.1667907507182,5.70043971814109,9.59618975614441,9.19967234483636,6.52356195605701,12.4252159032994,11.871135184243,8.25738784269265,8.8008998999203,11.6429542234803,9.19967234483636,1,4.16992500144231,10.7210991887072,2.58496250072116,8.98299357469431,2,8.78790255939143,5.8073549220576,14.2812056006079,2.58496250072116,12.5425482623352,3.58496250072116,9.55458885167764,3.58496250072116,6.8073549220576,3.8073549220576,4.90689059560852,1,12.8630247102369,3.58496250072116,9.44708322620965,3.32192809488736,4.58496250072116,7.39231742277876,4,5.32192809488736,4.58496250072116,4,11.1510165388922,11.0606959316876,9.12928301694497,3.32192809488736,15.0882913573478,1,4.4594316186373,4,13.5729370250173,1,1,2,10.243173983473,1,10.6202198255075,1,2.58496250072116,1,1,4.8073549220576,14.2001323145648,5.8073549220576,2.58496250072116,7.8073549220576,8,8.18982455888002,9.36194377373524,1,7.12928301694497,4.70043971814109,12.6325408765469,6.04439411935845,6.32192809488736,10.4241662888181,1,7.18982455888002,1,5.58496250072116,15.7600961692441,17.2603866551559,4.32192809488736,4.16992500144231,12.5420645422834,13.9899266305599,7.10852445677817,3.58496250072116,1,11.7185328760692,10.9410476063406,12.3712321283696,1,6.93073733756289,3,8.05528243550119,2,9.97441458980553,1,14.867471806962,8.17990909001493,11.2082343583398,10.4777582664439,2,7.8703647195834,2.58496250072116,1,1,5.52356195605701,10.3060616894283,8.52356195605701,1,6.12928301694497,3.32192809488736,4.4594316186373,"1"
"TCGA.43.7658.01A",9.84235034341381,6.35755200461808,5.95419631038687,2,1,7.39231742277876,1,9.40087943628218,2,2,4.16992500144231,11,3.32192809488736,4.90689059560852,9.43462822763673,4.90689059560852,1,8.70043971814109,3.8073549220576,2.58496250072116,10.9173720794768,14.2598903498958,2.58496250072116,11.0168082876866,5.58496250072116,11.2502984179063,11.8057438721516,9.17990909001493,7.04439411935845,11.8265484872909,6,11.2957689344205,11.6483575820097,12.2233984147116,3.32192809488736,2,10.2312211807112,2,9.27612440527424,11.4062050054189,5.16992500144231,4.16992500144231,14.6062895333455,1,12.0667619323869,1,10.7108064336994,2,6.12928301694497,5.08746284125034,5,1,12.6334493747135,2,4.90689059560852,1,1,6.24792751344359,1,11.3465137331656,3.32192809488736,1,10.6402449362223,8.35755200461808,11.0292872269682,7.12928301694497,9.96289600533726,1,2.58496250072116,2,11.0901124196643,1,1,2.58496250072116,4.70043971814109,2,10.4553272203046,1,2.58496250072116,1,6.4594316186373,3,15.9037406565103,4.70043971814109,1,3.8073549220576,6.49185309632967,9.4594316186373,9.21431912080077,1,6.85798099512757,4.70043971814109,12.2911706993219,3.32192809488736,2,14.0512089409148,2,7.64385618977472,6.93073733756289,7,9.3037807481771,5.24792751344359,1,10.3331553503106,9.35755200461808,15.1425857483563,7.33985000288462,3,4,11.8970891283128,11.65999589243,10.6017707884077,2,5.8073549220576,11.5284541107648,9.37068740680722,3.8073549220576,10.6847486204216,4.90689059560852,13.5717526435035,6.24792751344359,9.46352437327118,11.2419831496943,2,13.7694246415528,2,4.58496250072116,1,5.32192809488736,10.7548875021635,6.08746284125034,1,1,3.32192809488736,8.09803208296053,"1"
"TCGA.66.2769.01A",11.9314762338868,8.38370429247405,5,1,3.8073549220576,7.68650052718322,1,7.18982455888002,1,1,11.1357092861044,11.3498340914572,6.88264304936184,6.16992500144231,8.6582114827518,6.55458885167764,4.8073549220576,7.79441586635011,14.1194275110673,2.58496250072116,13.3193898760002,13.2567983860794,4.16992500144231,13.4070021479242,3.58496250072116,9.82972273508606,4.90689059560852,9.67948009950545,7.95419631038687,13.714460188456,5.24792751344359,4.8073549220576,10.8887432488983,8.01122725542325,1,6.35755200461808,11.3826240265749,3.32192809488736,13.8717127628352,2,6.52356195605701,5.24792751344359,13.7559307410844,4.32192809488736,11.7992816215219,4.32192809488736,9.62205181945638,4.4594316186373,8.32192809488736,2,9.78463484555752,1,13.0654161346765,2.58496250072116,7.4093909361377,2,2.58496250072116,7.78135971352466,7.3037807481771,8.21916852046216,4.32192809488736,3.32192809488736,12.9203528554151,8.55458885167764,7.5077946401987,4.32192809488736,7.95419631038687,1,3.8073549220576,8.88264304936184,14.4796539721709,1,1,1,6.90689059560852,1,10.8517490414161,1,1,1,1,1,13.7938064914558,7.79441586635011,8.4262647547021,5.95419631038687,3,10.6724253419715,9.36194377373524,1,8.37503943134692,1,11.8217739819706,6.8073549220576,5,12.2732128098543,3,10.5603328342124,8.4262647547021,7.16992500144231,12.4908508767403,14.1192653831758,5.24792751344359,7.04439411935845,9.4594316186373,14.0401184507648,10.8856963733394,2,1,6.39231742277876,11.3072008091408,12.6022349013411,1,6.08746284125034,5.95419631038687,6.04439411935845,3.32192809488736,12.9494619793602,1,12.6325408765469,4.90689059560852,6.88264304936184,14.6095250542167,1,9.44708322620965,2,1,2,9.83289001416474,10.2737955992143,9.14974711950468,1,5.16992500144231,1,6.4594316186373,"1"
"TCGA.22.5482.11A",9.78463484555752,5.08746284125034,2.58496250072116,1,1,7.61470984411521,1,6.12928301694497,1,1,4.4594316186373,12.9447120610435,1,8.08746284125034,8.93073733756289,7.39231742277876,2,6.35755200461808,5.16992500144231,4.58496250072116,15.6363414004087,12.6541884730595,5.08746284125034,17.7825119747891,2,8,5.75488750216347,7.3037807481771,5.58496250072116,16.7369567886276,4.32192809488736,6.75488750216347,13.2051823262286,11.1137421660492,1,2,14.2261110981324,1,9.43462822763673,4.58496250072116,4.32192809488736,10.0361736125535,14.3545248894494,1,5.52356195605701,2.58496250072116,8.27612440527424,6.6724253419715,5.75488750216347,2,7.12928301694497,1,14.3224915375975,3,2.58496250072116,2.58496250072116,1,12.3960695576399,1,6.16992500144231,8.4178525148859,4,16.3567958210804,9.56224242422107,8.44294349584873,2.58496250072116,8.4757334309664,1,1,2,9.79766152585376,1,3,2,2,1,14.9391200351387,1,2,3,1,1,17.9873861562664,7.22881869049588,1,4.4594316186373,3.32192809488736,13.7103759712045,6.28540221886225,1,4,2,10.0633950812885,1,8.07681559705083,5.95419631038687,1,13.6077926419192,2,13.0423433797937,8.40087943628219,9.34872815423108,1,4.16992500144231,7.4757334309664,14.1357092861044,10.0056245491939,2.58496250072116,1,6.6724253419715,8.09803208296053,17.5567604916433,1,3,1,5.58496250072116,2.58496250072116,5.08746284125034,1,12.0430272835945,6.7279204545632,4.16992500144231,17.3032099489448,2.58496250072116,5.32192809488736,2,1,1,12.5068034377956,7.93073733756289,11.8289298276515,1,1,5.58496250072116,3,"1"
"TCGA.33.6737.11A",8.86418614465428,6,1,1,1,6.7279204545632,3.32192809488736,5.32192809488736,1,1,4.70043971814109,12.3398500028846,3,8.8073549220576,9.98584193700334,7.8703647195834,2,7.3037807481771,1,2,14.6573184495813,12.3100446796475,4.70043971814109,17.6188299664903,1,7.04439411935845,3.8073549220576,5.95419631038687,5.75488750216347,16.9879301275323,3,5.52356195605701,12.8332854355845,10.9541963103869,1,2,13.4619909505856,1,7.64385618977472,3.58496250072116,4.4594316186373,10.5565060546719,13.5565060546719,1,5.64385618977472,2,6.93073733756289,6.35755200461808,4,2,6.12928301694497,1,13.3409627642517,3.32192809488736,1,1,1,12.344850683943,3.32192809488736,5.90689059560852,8.95419631038687,3,13.919980595049,10.3944626946103,7.7279204545632,2,7.76818432477693,1,2,1,9.04984854945056,1,1,1,1,1,14.4485035194688,1,2,3,1,3,16.6747439890752,5.4594316186373,3.8073549220576,5.32192809488736,2,12.3939266756404,5.08746284125034,1,3.32192809488736,2,10.0389189892923,1,7.94251450533924,6.4262647547021,1,13.8841705191084,1,13,8.35755200461808,9.32192809488736,1,3.32192809488736,6.88264304936184,13.204876767604,7.32192809488736,1,1,7.85798099512757,8.21916852046216,16.9782188724695,1,1,1,5.16992500144231,1,4.32192809488736,1,11.4283601727043,6.35755200461808,5.24792751344359,16.0320887866703,2.58496250072116,5.4594316186373,1,1,1,12.3151495622563,7.44294349584873,11.4978518369511,1,2,5.58496250072116,5.39231742277876,"1"
"TCGA.85.8353.01A",15.1788982275739,7.82017896241519,5.90689059560852,1,7.49185309632967,10.958552715431,2,7.62935662007961,3.8073549220576,2,5.24792751344359,13.6586577921261,5.70043971814109,5.24792751344359,8.3037807481771,6.08746284125034,6.32192809488736,12.6648916692861,9.96866679319521,1,11.5343028824546,13.4254781876453,7,13.856814552503,3.32192809488736,9.60362634498619,7.16992500144231,8.67948009950545,13.8659265450219,13.2585660338899,5,10.2550285698187,11.9031286768123,9.30833903013941,3,6.20945336562895,11.0714623625566,2.58496250072116,12.5068034377956,2.58496250072116,8.33091687811462,5.58496250072116,13.3238991823973,1,10.4998458870832,5.70043971814109,11.5859014496908,3.58496250072116,5.70043971814109,3.32192809488736,8.12928301694497,1,13.1039434298916,3.58496250072116,6.32192809488736,1,3,7.7279204545632,4.4594316186373,4.8073549220576,5.64385618977472,3,11.1459321458205,10.7108064336994,8.33985000288462,5.70043971814109,12.677719641641,1,2.58496250072116,1,12.1143930548673,1,1,3,4.90689059560852,1,10.4978518369511,2,2,1,1,2,14.0077281146323,5.08746284125034,8.27612440527424,7.35755200461808,3.58496250072116,11.3140167039014,9.4093909361377,1,4,2,12.3810021095509,5.64385618977472,10.8169836232554,11.3003525603282,1,10.661778097772,2,5.8073549220576,14.7512302136781,13.3395716783847,1,10.4696418172395,9.16490692667569,13.723020931812,13.9738767056108,3,1,10.8703647195834,9.64024493622235,14.2890102211451,1,6.28540221886225,5.08746284125034,5.70043971814109,2,8.43462822763673,3.58496250072116,14.2970595518087,7.4093909361377,7.4594316186373,12.8061468033205,1,11.5989829710361,3.58496250072116,2,1,6.20945336562895,10.0687782779854,9.42206476617281,2,4,3.32192809488736,9.65463602852797,"1"
"TCGA.22.1017.01A",7.89481776330794,4.4594316186373,4.16992500144231,1,3.32192809488736,12.3247431104944,1,11.9505558970475,1,1,2,13.6254805504711,1,3.32192809488736,3.8073549220576,4.4594316186373,1,11.9046346216682,4.16992500144231,9.81698362325538,14.878721510389,12.6702136367386,5.64385618977472,13.5112584955023,1,8.25738784269265,4.32192809488736,8.75488750216347,5.58496250072116,12.539643506238,2.58496250072116,4.58496250072116,11.7976615258538,9.11374216604919,1,1,9.89178370321831,6.85798099512757,7.37503943134692,1,3.32192809488736,5.64385618977472,13.6179265567988,1,8.74819284958946,1,8.31288295528435,3.58496250072116,5.32192809488736,7.93073733756289,3.8073549220576,1,13.4688785538194,1,8.65105169117893,1,1,8.38370429247405,2.58496250072116,7.12928301694497,5.58496250072116,4.16992500144231,12.2620948453702,6.4594316186373,6.08746284125034,2,15.6320295948039,1,2.58496250072116,1,13.6963155588928,1,1,2,5.8073549220576,1,13.5369756656106,1,2,1,7.65821148275179,2.58496250072116,17.1086469630442,5.39231742277876,2.58496250072116,4.70043971814109,5.64385618977472,10.3241805466187,9.7515440590891,1,2,1,12.4645457503339,1,4,4.8073549220576,1,8.4093909361377,1,7.8703647195834,9.8703647195834,5,1,10.8963324039099,12.0084286220706,13.977995368613,5,2,2.58496250072116,11.2191685204622,9.51569983828404,10.3331553503106,1,1,1,5.70043971814109,4.70043971814109,7.8073549220576,5.32192809488736,12.1686721181322,5.39231742277876,3.58496250072116,16.2621682705701,2.58496250072116,10.8933015308606,2,1,4,9.86727873970966,9.81057163474115,8.73470962022584,1,2,3.58496250072116,6.28540221886225,"1"
"TCGA.22.4605.01A",14.7271759475404,9.57742882803575,5.95419631038687,4.16992500144231,1,11.6908710092923,6.32192809488736,7.52356195605701,2.58496250072116,3,9.75822321472672,12.5665297826242,3.58496250072116,6.52356195605701,12.12153351734,6.32192809488736,3.58496250072116,12.6289011520282,9.58871463558226,4,12.8081597728684,13.4011461821535,7.39231742277876,13.7513348364013,4.70043971814109,7.02236781302845,5.8073549220576,8.04439411935845,13.9529232103627,14.3381792499001,7.4757334309664,9.02236781302845,11.4367115421372,10.1674181458317,1,11.7159619902551,11.9971794809376,6.35755200461808,11.3520434257954,6.12928301694497,7.4594316186373,6.52356195605701,13.3498340914572,4,10.6238814900135,3,8.44294349584873,3.58496250072116,7,3.8073549220576,6.8073549220576,1,13.2097579565814,1,7.58496250072116,1,2,9.07146236255662,5.90689059560852,7.4594316186373,5.95419631038687,2.58496250072116,13.2951949558807,7.49185309632967,9.7176764230664,4.16992500144231,13.9261106417853,2,2,8.66533591718518,13.0851404617018,1,1,1,8.75488750216347,1,12.5877775163282,1,3.58496250072116,1,1,3,14.4015462085087,7.32192809488736,2,4.70043971814109,12.2318211786574,9.5352753766208,8.54689445988764,2,6.78135971352466,1,12.1649069266757,8.74819284958946,8.01122725542325,8.62205181945638,2,9.2336196767597,1,8.22881869049588,14.8072542841279,16.1151656041235,3,7.16992500144231,7.58496250072116,14.3417967723918,9.1548181090521,3.58496250072116,1,11.4398308839814,9.55458885167764,15.5046948688182,1,7.84549005094437,3,13.7817695118631,3.32192809488736,7.64385618977472,3.32192809488736,14.5891829670394,8.22881869049588,14.877380003214,14.5166849493096,3.32192809488736,11.9643408677924,3.8073549220576,5.16992500144231,1,8.44294349584873,9.05528243550119,10.2336196767597,1,5.16992500144231,9.11894107272351,8.6724253419715,"1"
"TCGA.39.5040.11A",6.28540221886225,3.58496250072116,2,2,1,6.97727992349992,1,5.32192809488736,1,2,2.58496250072116,10.0195907283579,3,6.83289001416474,7.8073549220576,9.84862294042934,2,3,1,3,15.6677214087501,12.2562086885274,3,17.120116351415,3,6.64385618977472,4.70043971814109,5.32192809488736,3.58496250072116,14.5585402951031,6.08746284125034,5.39231742277876,11.7039035734447,9.7515440590891,1,1,13.6479080742818,1,8.62935662007961,1,4,9.92481250360578,13.5318687751776,2.58496250072116,3.8073549220576,1,7.2667865406949,5.58496250072116,4.4594316186373,2,5.85798099512757,1,12.9476369379518,3.58496250072116,2.58496250072116,2,1,12.7431513941125,2,4.16992500144231,9.31288295528435,3.32192809488736,15.399010832952,9.1548181090521,6.39231742277876,2.58496250072116,3.58496250072116,1,1,1,8.96578428466209,1,4,1,1,1,13.6295843001938,1,1,4.8073549220576,1,1,16.5543790029456,6.83289001416474,5.95419631038687,3,1,12.3581017074408,6.58496250072116,1,4.16992500144231,2,7.93073733756289,2.58496250072116,5.39231742277876,5.85798099512757,2,13.6156296369681,1,13.4739593656948,8.22881869049588,6.4594316186373,1,2.58496250072116,6,12.7253662578956,7.4594316186373,2,1,5.8073549220576,8.28540221886225,17.0988751089688,1,2,2,4.8073549220576,1,2.58496250072116,2,11.7540523675289,6.78135971352466,4.32192809488736,15.8417608868005,1,3.58496250072116,1,1,1,13.4845711809158,7.02236781302845,10.0980320829605,1,2,3,3,"1"
"TCGA.60.2715.01A",13.1049263038078,9.85174904141606,5.24792751344359,4.58496250072116,1,10.5137275959524,2.58496250072116,8.76818432477693,3.32192809488736,3.8073549220576,8.38370429247405,11.8540891798706,5.24792751344359,6.88264304936184,7.4757334309664,6.70043971814109,1,11.8533095554037,10.0389189892923,4.32192809488736,14.2784494582205,12.6279897843157,5.85798099512757,15.5639112445817,3.32192809488736,9.85798099512757,6.58496250072116,8.86418614465428,11.4542992936199,14.6267357129222,6.83289001416474,7.20945336562895,12.0265234425198,10.8780509127285,5.39231742277876,4.70043971814109,13.2390017577656,3.8073549220576,10.9218409370745,1,6.95419631038687,8.24792751344359,14.1244444600086,3,10.2502984179063,6.4262647547021,9.39231742277876,6.24792751344359,6.75488750216347,2.58496250072116,5.90689059560852,1,13.6443069615456,2,5.90689059560852,4.4594316186373,3,11.1724275086455,5.90689059560852,6.4262647547021,6.55458885167764,3.8073549220576,13.9140113285413,9.51569983828404,8.97727992349992,6.6724253419715,11.8360503550581,3,3.32192809488736,7.78135971352466,11.9614496943982,1,1,4.32192809488736,11.0552824355012,1,13.403544678202,1,10.1111356702347,3.32192809488736,2.58496250072116,2,15.3109677318498,11.0687782779854,6.04439411935845,4,4.4594316186373,10.2215871212648,8.32192809488736,2,7.90689059560852,1,11.3049216695817,8.29462074889163,8.73470962022584,9.48784003382305,1,11.4737057496194,2.58496250072116,11.5736471874933,13.0416591516372,14.5675996343906,2.58496250072116,4.32192809488736,9.78463484555752,14.356039240984,9.60362634498619,1,1,9.59245703726808,10.0168082876866,16.6227382178711,1,4.70043971814109,3.58496250072116,9.74819284958946,2.58496250072116,8.13955135239879,1,15.4946056156712,7.33985000288462,11.7772553151919,16.0939126836656,3.58496250072116,9.37068740680722,3,4.70043971814109,2,9.77478705960117,8.77478705960117,11.0874628412503,1,7.90689059560852,8.64385618977472,7.10852445677817,"1"
"TCGA.60.2712.01A",14.2270141936491,13.0738068471785,6.70043971814109,2.58496250072116,1,11.2167458581953,1,8.4757334309664,7.55458885167764,7,8.72109918870719,11.2203783276952,4.16992500144231,13.0491678723722,8.11894107272351,7.14974711950468,2.58496250072116,12.0126245388651,11.7176764230664,2,12.1605017475557,13.0227145730448,8.59245703726808,13.7821791938312,2.58496250072116,10.4817994316658,6.88264304936184,10,11.9262959947811,12.7287708495427,4,8.7279204545632,11.7919768208987,10.5698556083309,2,9.00562454919388,11.1811522568656,1,8.19967234483637,4.16992500144231,6.49185309632967,6.16992500144231,13.6124077931387,1,10.6402449362223,5.58496250072116,10.6220518194564,3,9.21431912080077,2.58496250072116,5,1,12.8540891798706,1,7.89481776330794,4.16992500144231,3,8.60733031374961,4.32192809488736,8.75488750216347,5.39231742277876,3.32192809488736,12.6755160440828,8.49185309632967,13.1449768240501,8.58496250072116,11.8049376720519,1,2,6.75488750216347,11.9693865213423,1,2,1,5.64385618977472,2,11.0525680508042,2.58496250072116,1,1,7.70043971814109,4.58496250072116,12.8181827049486,5,2.58496250072116,3.58496250072116,6.6724253419715,10.7176764230664,7.4594316186373,1,3.32192809488736,1,11.2900188469326,4,4.8073549220576,8.4757334309664,1,8.36632221424582,6.39231742277876,6.61470984411521,14.1631779244042,10.3106127816595,3.8073549220576,7.44294349584873,8.04439411935845,14.1054174897766,7.62935662007961,3.32192809488736,3.8073549220576,11.1137421660492,10.2714630279044,13.7168194613299,2,5.52356195605701,2,11.6733090755617,2.58496250072116,12.4787696194758,2.58496250072116,13.537461094633,7,12.4325419003883,12.9151324489507,2.58496250072116,6.12928301694497,3,1,4.70043971814109,7.53915881110803,9.2045711442492,8.48381577726426,1,3.58496250072116,1,7.7279204545632,"1"
"TCGA.60.2707.01A",15.0461008450288,17.0078813797013,9.90989308377004,4.16992500144231,2,9.9915218460757,5.08746284125034,12.502334580198,3,2.58496250072116,13.7120970510875,14.1318569606088,2.58496250072116,6.16992500144231,9.07146236255662,6.61470984411521,6.49185309632967,13.9616305625788,9.54689445988764,3.32192809488736,12.036860446673,13.344850683943,8.84549005094437,14.8033239190415,5.39231742277876,7.83289001416474,5.95419631038687,6.78135971352466,14.5449644327892,12.3717766443379,6.64385618977472,10.5736471874933,11.2264121927888,9.69696752623429,5.75488750216347,6.04439411935845,9.66177809777199,2.58496250072116,9.56224242422107,1,6.85798099512757,5.52356195605701,13.7603041252864,1,13.8593406539675,2,8.33091687811462,3,4.58496250072116,3.32192809488736,5,1,14.1057448542075,1,7.20945336562895,1,4,7.59991284218713,4.90689059560852,7.35755200461808,4.16992500144231,2.58496250072116,12.0559602344523,9.03342300153745,13.9115792414021,3.8073549220576,16.7768442324022,1,3,2,13.427312844135,1,1,3.32192809488736,6.75488750216347,1,12.0794847838268,1,1,1,3,3.32192809488736,16.9700834157512,6.4594316186373,5.58496250072116,2.58496250072116,3.58496250072116,10.8811139606751,8.37503943134692,1,6.55458885167764,1,11.7498694273968,5.08746284125034,1,6.4594316186373,1,7.18982455888002,1,6.6724253419715,16.2672621886248,16.3856602150843,2,6.39231742277876,8.44294349584873,14.4639074744129,6.08746284125034,2.58496250072116,3.32192809488736,11.292321632802,9.72109918870719,13.3998119593257,1,7.91886323727459,4.58496250072116,9.02790599656988,2.58496250072116,8.37503943134692,1,14.362080801331,6.4594316186373,14.6963155588928,13.3000665099573,3.8073549220576,10.515699838284,4.4594316186373,1,1,8.53915881110803,9.65105169117893,9.12412131182919,1,5.95419631038687,8.31288295528435,1,"1"
"TCGA.39.5034.01A",4.70043971814109,5.4594316186373,1,1,1,10.7565563225241,1,11.8795832496128,2,1,2.58496250072116,10.729620743553,2,5.32192809488736,5.95419631038687,4.90689059560852,1,12.0279059965699,13.2146226863023,8.20945336562895,9.17492568250068,12.1446582428319,4,11.3083390301394,1,7.8073549220576,8.16992500144231,8.06608919045777,3.8073549220576,11.9181178510318,5.90689059560852,3.58496250072116,11.8795832496128,8.98868468677217,1,1,9.91587937883577,4,7.70043971814109,4.8073549220576,4.70043971814109,6.04439411935845,12.6626683755175,1,9.04984854945056,5.64385618977472,6.4594316186373,2.58496250072116,5.90689059560852,3.32192809488736,3,1,12.7030383889864,5,7.35755200461808,2,2,4.8073549220576,1,6.32192809488736,3.32192809488736,4.58496250072116,11.7714894695006,11.6733090755617,7.16992500144231,4.16992500144231,12.5338163894334,1,3,8.33985000288462,11.2455527062557,1,1,1,7.71424551766612,1,12.496853777388,1,6.85798099512757,1,6.24792751344359,1,13.6816776552097,5.58496250072116,4.70043971814109,5.08746284125034,9.29920801838728,10.467605550083,9.56985560833095,1,5.8073549220576,6.32192809488736,11.2348174311173,3.32192809488736,9.87958324961278,6.78135971352466,1,6.12928301694497,4.4594316186373,5.16992500144231,11.2667865406949,5,1,5,10.0633950812885,11.9893944998447,7.55458885167764,2.58496250072116,1,9.14465824283188,10.1848753429083,11.791162888555,3.58496250072116,5.64385618977472,1,7.4757334309664,2,4.90689059560852,2,11.0579917227592,12.3325960577892,8.18982455888002,12.4933551214949,6.75488750216347,12.0647427647503,2,1,2,4.8073549220576,9.2045711442492,10.0768155970508,1,1,11.4346282276367,6.35755200461808,"1"
"TCGA.77.8131.01A",12.3777527950222,16.9096821754333,9.00562454919388,4.32192809488736,8.01122725542325,6,4.4594316186373,9.02790599656988,5.32192809488736,3,8.38370429247405,10.6054795180617,2,5.70043971814109,4.4594316186373,6.12928301694497,4.58496250072116,13.3258675805754,7.74146698640115,3,10.8579809951276,11.9262959947811,7.98868468677217,13.1506992887445,2.58496250072116,5,6.24792751344359,5.16992500144231,13.2732128098543,12.8193807908646,2.58496250072116,6.24792751344359,11.0834793273318,7.90689059560852,1,5.24792751344359,10.7159619902551,6.08746284125034,8.15987133677839,2.58496250072116,8.33985000288462,6.04439411935845,12.8045344029952,3.8073549220576,11.8895039634115,6.12928301694497,8.77478705960117,3.58496250072116,3.58496250072116,2,5.64385618977472,1,12.8372337003391,1,7.10852445677817,2,2,8.99435343685886,2,6.70043971814109,5,2.58496250072116,13.3148664310532,6.75488750216347,8.21916852046216,4.58496250072116,14.5946745036899,1,5.64385618977472,5.32192809488736,9.77478705960117,1,1,3.32192809488736,5.16992500144231,1,11.7498694273968,1,3,1,2.58496250072116,3.58496250072116,13.4236411950759,7.4262647547021,4.32192809488736,2.58496250072116,2.58496250072116,9.63662462054365,9.62935662007961,1,6.16992500144231,1,11.9865531497567,2,3.58496250072116,6.24792751344359,3,9.8008998999203,1,7.4262647547021,15.4044763508472,14.0227145730448,1,3.8073549220576,8.39231742277876,12.334831928118,7.4594316186373,2,1,8.82654848729091,8.56985560833095,12.5698556083309,1,6.08746284125034,3,14.334831928118,1,9.34429590791582,3.32192809488736,11.8672787397097,5.58496250072116,13.827739648807,12.4701504352744,1,6.39231742277876,1,1,1,7.44294349584873,8.3037807481771,7.5077946401987,1,2.58496250072116,10.0980320829605,2,"1"
"TCGA.22.5491.11A",7.12928301694497,2.58496250072116,2,1,1,5.52356195605701,2.58496250072116,4.58496250072116,1,1,5.85798099512757,11.7788984760084,1,6.58496250072116,7.02236781302845,8.4093909361377,1,4.4594316186373,4.58496250072116,2.58496250072116,15.5444815223108,11.7397806097733,4.70043971814109,17.5950680395157,1,7.79441586635011,5.52356195605701,3.8073549220576,3.32192809488736,16.8373076272015,3.32192809488736,5.52356195605701,12.3858624006415,11.539158811108,2.58496250072116,1,13.508042334429,1,8.01122725542325,1,3.58496250072116,9.76155123244448,13.914198242455,1,4.58496250072116,2,6.4594316186373,6.28540221886225,4.58496250072116,1,6.4262647547021,1,13.6327680547287,2.58496250072116,2,2,2,14.2547333892467,2,4.16992500144231,8.36632221424582,2,14.3872095807196,9.61102479730735,5.39231742277876,1,3,1,1,1,10.3014961949825,1,2,1,1,1,14.7504976420991,1,1,4.16992500144231,1,2,17.9449407807105,5.58496250072116,3.32192809488736,3.32192809488736,4.8073549220576,12.2726297849764,5.85798099512757,1,1,1,8.4757334309664,2,7.08746284125034,6.93073733756289,1,12.5304063370991,1,13.6422773785039,6.78135971352466,4.8073549220576,1,2,6.24792751344359,13.2336196767597,5.95419631038687,1,1,5.24792751344359,6.8073549220576,17.5404761957167,1,2,1,5.85798099512757,1,3.8073549220576,1,11.1111356702347,5.70043971814109,5.52356195605701,18.1788204395794,1,5.16992500144231,1,1,1,12.729620743553,6.64385618977472,10.8407779235951,1,1,2.58496250072116,2,"1"
"TCGA.98.A53D.01A",9.37937836707126,11.515699838284,2,2,1,6.08746284125034,1,5.4594316186373,1,1,2.58496250072116,12.4767462039395,3.8073549220576,5.24792751344359,5,8.67948009950545,2,7.90689059560852,6.58496250072116,3,15.1627060184824,12.1996723448364,3.32192809488736,14.7951264785649,2,7.3037807481771,4.90689059560852,8.12928301694497,6.12928301694497,16.4807271007376,3,6.04439411935845,11.3376219019925,9.2807707701306,1,7.33985000288462,11.5574637015978,2,10.0223678130285,1,6.24792751344359,6.04439411935845,13.5643876960526,1,8.63662462054365,2,7.88264304936184,6.61470984411521,3.32192809488736,2,6,1,14.1622339581496,2,4,2,1,9.2045711442492,5,4.58496250072116,8.09803208296053,3,12.0299773465896,9.19967234483636,7.78135971352466,4.16992500144231,8.78135971352466,1,1,1,9.93663793900257,1,2,1,5.70043971814109,1,12.0175044011094,1,1,4.16992500144231,5,1,16.3831642606351,5.85798099512757,1,3,3.8073549220576,11.1163439612375,6.83289001416474,2,3.8073549220576,1,10.0251395622785,2,2.58496250072116,7.58496250072116,1,10.4614794472862,2,7.3037807481771,10.9772799234999,10.2288186904959,1,6.16992500144231,7.61470984411521,13.2547333892467,6.70043971814109,2,1,5.08746284125034,7.98868468677217,15.8998289317743,1,3.58496250072116,3,9.18982455888002,1,5.4594316186373,3.32192809488736,12.4645457503339,6.83289001416474,7.8703647195834,16.4031119112987,4.90689059560852,7.79441586635011,2.58496250072116,2.58496250072116,1,8.60733031374961,7.12928301694497,10.1085244567782,1,1,3,2.58496250072116,"1"
"TCGA.77.8007.01A",13.9333218207329,8.82654848729091,6.35755200461808,6.35755200461808,2.58496250072116,11.6908710092923,2,13.6110247973074,1,1,1,14.286990851632,5.52356195605701,5.52356195605701,1,7.06608919045777,4.70043971814109,11.4093909361377,10.0714623625566,2.58496250072116,10.0416591516372,12.7866780338907,4.8073549220576,18.3130158625467,3,5.85798099512757,6.28540221886225,4.8073549220576,3.8073549220576,7.94251450533924,4.70043971814109,4.90689059560852,12.1363503414542,10.0028150156071,1,2.58496250072116,10.2070143201775,1,9.66533591718518,2.58496250072116,7.12928301694497,5.64385618977472,14.501961549804,1,9.96000193206808,5.32192809488736,11.813781191217,3.8073549220576,3,2.58496250072116,6.6724253419715,1,14.3083390301394,2.58496250072116,2,1,3.32192809488736,7.49185309632967,3,3.8073549220576,6.12928301694497,1,14.876516946565,9.13442632022093,4.90689059560852,2.58496250072116,16.8880535047284,3,4,2,9.13955135239879,1,1,2,9.51569983828404,1,13.3370643386847,1,1,1,1,2,16.8058949845279,4.70043971814109,2,7.16992500144231,8.44294349584873,10.5468944598876,7.49185309632967,1,4.90689059560852,2,13.7862696276485,1,6.12928301694497,7.04439411935845,1,5.08746284125034,1,2,11.1019756709492,5.16992500144231,1,2.58496250072116,8.91886323727459,16.3718106697631,7.96578428466209,2,2,4.32192809488736,9.82017896241519,8.6724253419715,1,7.5077946401987,3.32192809488736,7.14974711950468,3,8.78790255939143,1,12.179287104646,7.97727992349992,4.8073549220576,14.2363132270428,11.1935253605012,8.17990909001493,2,1,1,3,9.94544383637791,10.7648715907361,1,1,3,4.16992500144231,"1"
"TCGA.85.8481.01A",14.9643408677924,15.1919074277873,7.2667865406949,4,7.65821148275179,8.37503943134692,1,6.8073549220576,2.58496250072116,2,7.35755200461808,12.6013065261218,4.8073549220576,5,5.52356195605701,4.90689059560852,4.16992500144231,10.6348110501717,11.0498485494506,1,7.90689059560852,12.2784494582205,8.68650052718322,13.4785168476765,3.32192809488736,9.78135971352466,4.32192809488736,7.32192809488736,13.8153832958135,6.4594316186373,4.32192809488736,6.52356195605701,9.90086680798075,7.89481776330794,1,6.64385618977472,9.30833903013941,1,8.68650052718322,1,7.16992500144231,5.4594316186373,13.204876767604,2,11.4199601778479,3.58496250072116,8.40087943628219,3,6.28540221886225,2.58496250072116,6.49185309632967,1,14.0844762374539,1,7.37503943134692,2,2,4,3.8073549220576,7.5077946401987,3.32192809488736,2,12.4429434958487,8.45121111183233,12.7895336449704,2,13.653964643249,2,3.32192809488736,8.19967234483637,13.2015113445001,1,1,2,6.78135971352466,1,10.2288186904959,1,3,1,8.65105169117893,2,15.6965329140783,8.39231742277876,6.75488750216347,1,3.58496250072116,7.22881869049588,9.18487534290828,1,7.4757334309664,2,11.2562086885274,5.24792751344359,4.90689059560852,9.27612440527424,1,9.10852445677817,1,2.58496250072116,14.7798219322021,12.2928967554092,1,10.9527412471865,7.84549005094437,14.5704486998258,8.4594316186373,2.58496250072116,1,7.70043971814109,8.53138146051631,11.7944158663501,1,7.58496250072116,2,8.12928301694497,1,12.2354159356025,3.8073549220576,13.2943335596718,6.70043971814109,9.40514146313634,9.37503943134693,1,6.75488750216347,2,1,1,2.58496250072116,8.36632221424582,8.88874324889826,1,4,2.58496250072116,4.4594316186373,"1"
"TCGA.22.1002.01A",14.6905436819986,14.0630579636235,4.16992500144231,3,3.8073549220576,6.32192809488736,3,8.8073549220576,3,6,15.961359251804,13.5308939811939,3.58496250072116,7.2667865406949,8.72109918870719,6.55458885167764,4.8073549220576,10.9068905956085,7.55458885167764,1,14.3652288492515,13.0758133774615,9.07681559705083,14.9327683925409,1,9.72451385311995,10.0028150156071,8.35755200461808,14.2387032794277,14.843430388753,4.4594316186373,6.83289001416474,11.5774288280357,9.44708322620965,6.16992500144231,6.8073549220576,12.1059085085712,5.58496250072116,9.43045255166553,3.58496250072116,6.93073733756289,7.22881869049588,13.6582114827518,3.58496250072116,8.48381577726426,6.61470984411521,8.01122725542325,5,7.93073733756289,3.8073549220576,5.75488750216347,1,12.3976746329483,4.32192809488736,9.17990909001493,1,4.90689059560852,11.7321674256634,3.8073549220576,7.71424551766612,6.35755200461808,3.58496250072116,12.539158811108,11.4604558963096,11.8201789624152,3.8073549220576,13.407798850222,1,2,4.4594316186373,11.8864586957037,1,2,3.32192809488736,8.89481776330794,1,12.3982092614669,1,1,2.58496250072116,2.58496250072116,4.16992500144231,15.7362433614552,4.90689059560852,7.89481776330794,6.83289001416474,4.70043971814109,9.51963625284321,8.06608919045777,3,7.32192809488736,1,11.9621730311097,7.56985560833095,12.7817695118631,6.97727992349992,9.06608919045777,12.7747870596012,2,11.0901124196643,15.8053912150414,16.9621956295392,4.16992500144231,6.83289001416474,7.16992500144231,13.7636273517276,9.90989308377004,4.32192809488736,4.4594316186373,10.8217739819706,9.467605550083,16.9172322043819,2,4.8073549220576,2.58496250072116,6.58496250072116,3,8.18982455888002,3,13.0402897210257,6.49185309632967,8.09803208296053,15.7934000984838,5.64385618977472,6.75488750216347,2.58496250072116,1,1,10.2045711442492,9.53138146051631,9.82017896241519,1,4,3.32192809488736,5.32192809488736,"1"
"TCGA.58.8388.01A",14.9592775057205,4.90689059560852,5,2,3.32192809488736,5.52356195605701,2.58496250072116,7.44294349584873,3.32192809488736,1,10.667111542075,12.9162526988122,4.4594316186373,4.58496250072116,8.39231742277876,6.58496250072116,6.64385618977472,9.49984588708321,2,3,12.9155059622319,12.9968265280207,9.10852445677817,12.7764330324447,4,10.0901124196643,7.58496250072116,4.32192809488736,5.16992500144231,12.6657800283295,7.39231742277876,7.39231742277876,11,9.50382573799575,1,6.32192809488736,9.83920378809694,6.12928301694497,13.3872095807196,1,5.32192809488736,7.24792751344359,13.4880911775335,3,11.3955341354623,1,11.9708249013626,4.16992500144231,6.75488750216347,2,5.32192809488736,1,12.2306209331299,2.58496250072116,8.28540221886225,3.58496250072116,1,7.98868468677217,1,8.39231742277876,5.70043971814109,2,11.4594316186373,6.7279204545632,14.6466712053818,5.64385618977472,7.68650052718322,3,1,3,13.1761731491075,1,1,5.58496250072116,8.62935662007961,2,10.5868397879618,1,2.58496250072116,1,2,3.8073549220576,13.0828143376723,4.32192809488736,6.35755200461808,6.28540221886225,3.8073549220576,10.729620743553,9.0389189892923,1,7.58496250072116,4.32192809488736,11.0251395622785,2,12.0182001788132,14.1803754031282,1,10.4878400338231,7.74146698640115,8.48381577726426,8.73470962022584,8.75488750216347,5,7.98868468677217,7.56985560833095,14.2349670805175,10.1189410727235,2,2,7.93073733756289,9.57742882803575,12.4136279290242,4.16992500144231,2,2,7.16992500144231,1,12.8544788341716,1,13.0306671362469,5.39231742277876,9.98299357469431,14.3626287816019,3.8073549220576,7.83289001416474,2,1,1,7.35755200461808,9.18982455888002,8.62205181945638,1,3,4.16992500144231,5.24792751344359,"1"
"TCGA.58.8386.01A",13.5915223465707,9.63662462054365,7.4594316186373,5.16992500144231,8.19967234483637,10.2597432636908,1,8.10852445677817,5.24792751344359,2,11.7590559391602,12.1761731491075,3.32192809488736,5.39231742277876,8.44294349584873,5.58496250072116,2,12.0014081943928,8.07681559705083,5.85798099512757,14.661778097772,13.0717975222842,8.24792751344359,16.8309607811939,6.28540221886225,6.08746284125034,4.32192809488736,10.6238814900135,13.8855057297923,13.4504380323957,5.95419631038687,4,11.6952282914958,9.19475685442225,1,6.97727992349992,10.7698378436294,5.4594316186373,7.71424551766612,2,8.29462074889163,4.58496250072116,14.0026392379595,2,9.3037807481771,6.83289001416474,10.8201789624152,4,6.90689059560852,4.32192809488736,9.94251450533924,1,13.062720767165,3,8.14974711950468,1,2.58496250072116,9.4594316186373,3.58496250072116,7.22881869049588,6.16992500144231,4.16992500144231,13.5171772526895,6.88264304936184,9.00562454919388,5.39231742277876,14.6210216091243,1,3.32192809488736,2,13.5819066893088,1,2,3,2,2,12.0341111460966,1,2,2,2,2.58496250072116,15.2268637169824,5.16992500144231,1,2,3.8073549220576,11.5887146355823,11.6438561897747,1,6.93073733756289,1,11.6838718686226,3.58496250072116,7.12928301694497,6.97727992349992,1,10.8470573460913,1,8.59991284218713,14.7791037395843,16.3830292210842,4.4594316186373,3.58496250072116,11.1137421660492,15.1055811812774,7.18982455888002,1,3,9.02236781302845,9.31741261376487,15.5321732632733,1,1,2,9.89784545600551,2,9.83605035505807,4.32192809488736,14.0904432750816,6.12928301694497,7.98868468677217,16.3903033291375,2,11.3275526440812,2,1,4.58496250072116,9.97154355395077,10.1774195379892,10.2644426002266,1,1,5.52356195605701,2.58496250072116,"1"
"TCGA.22.5478.11A",8.38370429247405,4.4594316186373,2.58496250072116,1,1,6.61470984411521,2.58496250072116,4.4594316186373,1,1,3.8073549220576,12.3258675805754,1,7.08746284125034,7.18982455888002,7.78135971352466,2,5,3.8073549220576,2.58496250072116,16.0550281787743,12.5497846679479,3,17.7604990568558,1,7.49185309632967,4.58496250072116,1,6.12928301694497,15.1455341719577,4.90689059560852,5.85798099512757,13.3828941688921,10.5641494899857,2.58496250072116,4,14.5787264809668,1,9.89178370321831,3.58496250072116,2,9.66533591718518,14.2597432636908,3.58496250072116,6.35755200461808,2,7.18982455888002,7,4,2,5.32192809488736,1,13.3520434257954,3.58496250072116,1,1,1,13.7437825403308,2.58496250072116,3.32192809488736,8.36632221424582,1,16.7367454395762,9.12928301694497,7.62935662007961,2,5.95419631038687,1,1,3,9.876516946565,1,1,1,1,1,15.391444994073,1,2,4.16992500144231,2,2.58496250072116,18.1680942506825,7.70043971814109,3.8073549220576,5.39231742277876,3.58496250072116,12.5849625007212,5.70043971814109,1,1,1,8.76818432477693,2,7.65821148275179,7.44294349584873,1,14.0249664838738,1,13.3652288492515,8.33091687811462,7.56985560833095,1,2,8.4757334309664,14.1587674546361,7.4594316186373,1,1,6.04439411935845,7.5077946401987,18.3279297584973,1,1,1,5.24792751344359,1,5.4594316186373,1,11.410451351504,6.32192809488736,5,17.5398252249377,2,4.70043971814109,1,1,1,12.6728672764338,7.24792751344359,11.3387363825739,1,1,5.39231742277876,3,"1"
"TCGA.22.5481.01A",8.25738784269265,4.16992500144231,2,1,1,11.5896511465148,1,6.61470984411521,1,5.52356195605701,3.32192809488736,11.1472049249422,1,3.58496250072116,3.58496250072116,4.8073549220576,1,11.5612879451648,2.58496250072116,4.32192809488736,7.78135971352466,12.8344710499842,5.32192809488736,11.1699250014423,4,8.03342300153745,11.1331422124006,10.7125270004398,10.4346282276367,9.03342300153745,4.16992500144231,9.34872815423108,10.8917837032183,12.7809497987497,1,1,8.91886323727459,2,7.24792751344359,2,4.16992500144231,4.32192809488736,13.5748300153376,1,8.5077946401987,5.64385618977472,9.21916852046216,1,3.8073549220576,2,2.58496250072116,1,12.1573469353628,3.58496250072116,8.71424551766612,1,1,6.16992500144231,2,7.8073549220576,3,1,8.01122725542325,5.4594316186373,6.6724253419715,10.6635581042173,4.58496250072116,1,4.4594316186373,2.58496250072116,6.04439411935845,1,1,1,10.5736471874933,4.70043971814109,10.581200581925,1,2.58496250072116,1,9.16490692667569,4.90689059560852,10.6202198255075,4.4594316186373,1,1,7.8703647195834,8.17990909001493,10.8841705191084,1,7.62935662007961,7.24792751344359,11.1573469353628,3,7.55458885167764,10.0195907283579,2,7.32192809488736,3.32192809488736,6.70043971814109,11.4252159032994,3.58496250072116,1,8.5077946401987,8.60733031374961,13.7934000984838,7.76818432477693,2.58496250072116,1,10.2455527062557,9.95419631038687,8.59991284218713,4.58496250072116,1,1,9.61838550225861,2.58496250072116,9.45532722030456,1,11.9255544398736,5.58496250072116,12.7706638929168,10.7714894695006,6.20945336562895,11.8963324039099,2,1,2,1,9.2807707701306,8.81378119121704,1,1,1,9.02790599656988,"1"
"TCGA.21.5787.01A",15.8767087815551,10.9351650496037,5,2.58496250072116,1,5.75488750216347,1,12.6156296369681,1,1,4.8073549220576,10.5961897561444,2,5.39231742277876,5.8073549220576,6,2,11.9373738201921,12.3613955331659,1,11.0306671362469,12.9600019320681,4.16992500144231,12.8749813476538,2.58496250072116,6.24792751344359,3.32192809488736,5.32192809488736,7.18982455888002,10.2191685204622,3.32192809488736,5.90689059560852,10.8856963733394,7.4594316186373,1,6.58496250072116,10.9173720794768,1,8.03342300153745,5.52356195605701,7.75488750216347,5.39231742277876,14.4291451704787,5.75488750216347,9.41362792902417,5.4594316186373,5.39231742277876,5.16992500144231,6.49185309632967,4.58496250072116,5.52356195605701,1,13.8213753923725,2.58496250072116,6.39231742277876,1,1,6.55458885167764,7.83289001416474,4.16992500144231,4.58496250072116,2,11.3376219019925,12.5008418795569,8.94251450533924,1,15.1728962458698,1,1,9.08746284125034,8.90086680798075,1,1,1,8.03342300153745,1,13.5018371849023,1,11.6635581042173,1,8.03342300153745,2,14.9786210921759,5.85798099512757,7.97727992349992,7.08746284125034,5.08746284125034,9.7279204545632,10.9858419370033,1,5.32192809488736,1,11.609178738142,8.57742882803575,5.08746284125034,9.06608919045777,1,5.8073549220576,6.7279204545632,4.8073549220576,11.0606959316876,10.5274770060604,1,10.7056323873614,8.17990909001493,12.8917837032183,9.12928301694497,2.58496250072116,1,7.61470984411521,8.05528243550119,11.8336807486547,1,9.95128471496697,2,8.97154355395077,1,7.79441586635011,4.16992500144231,11.0112272554233,11.5887146355823,6.28540221886225,11.7397806097733,2,8.97154355395077,4.16992500144231,1,1,4.8073549220576,9.2045711442492,11.4817994316658,1,1,2,5.08746284125034,"1"
"TCGA.22.5483.11A",6.52356195605701,4,3.58496250072116,1,1,6.58496250072116,2,3.32192809488736,1,1,4.58496250072116,11.8297227350861,2,5.39231742277876,7,8.59245703726808,1,3,6.20945336562895,2,16.5727002264873,11.8917837032183,3.8073549220576,16.7003313385414,1,7.2667865406949,3.8073549220576,5.52356195605701,5,15.850479879735,3.58496250072116,4.70043971814109,12.1743015444676,10.4858293087019,2,1,11.9908130791536,1,7.61470984411521,4,4.58496250072116,8.20945336562895,13.8113746935099,2,5.4594316186373,1,5.95419631038687,6.52356195605701,2.58496250072116,1,4.70043971814109,1,13.0035179121086,3.58496250072116,1,1,1,12.1567151442247,1,4.16992500144231,7.35755200461808,3,16.0197644528497,7.18982455888002,5.8073549220576,1,4.4594316186373,1,2,2,9.89178370321831,1,1,1,1,1,14.1320176797134,1,2,3,1,1,17.6075614963542,5.52356195605701,2,4.32192809488736,4.32192809488736,10.8626373575588,5,1,3.8073549220576,1,8.99435343685886,1,5.24792751344359,5.52356195605701,1,12.0084286220706,1,11.65999589243,7.79441586635011,6.75488750216347,1,3.8073549220576,7.39231742277876,12.9729797860663,6.85798099512757,1,1,4.90689059560852,8.35755200461808,16.5682827356774,1,1,1,5.39231742277876,2,4.4594316186373,1,10.9439799143437,5.70043971814109,4.32192809488736,18.4233457458373,3.32192809488736,4.8073549220576,2,1,1,12.8944388545623,7.85798099512757,10.2784494582205,1,2.58496250072116,2,2,"1"
"TCGA.22.1000.01A",14.5912885792461,13.6382096266336,7.5077946401987,3.58496250072116,5.08746284125034,8.98299357469431,9.29920801838728,8.16992500144231,4.58496250072116,1,12.2033480029798,12.8742129348309,3.32192809488736,7.18982455888002,7.97727992349992,6.49185309632967,6.12928301694497,13.2188659100697,13.6497052654714,2.58496250072116,12.5588989811467,12.5929241556276,7.24792751344359,15.7705606626179,1,8.90689059560852,6.70043971814109,5.8073549220576,12.4439795426013,13.6361714416359,3,8.4262647547021,11.595257481449,10.0416591516372,1,9.56605403817109,11.0195907283579,1,11.3420746679991,1,8.55458885167764,6.52356195605701,13.5943246039248,2,9.19967234483636,4.90689059560852,8.4178525148859,4,5.85798099512757,2.58496250072116,7.08746284125034,1,13.3682336113809,3,6.12928301694497,2,2.58496250072116,9.2667865406949,5.24792751344359,7.70043971814109,6.12928301694497,2.58496250072116,13.7708703313575,8.70735913208088,13.1088511170402,6.70043971814109,13.1111356702347,2,2.58496250072116,2,11.8225708309502,1,1,2,8,1,12.6434052771157,1,1,1,2,1,14.6382096266336,5.39231742277876,5.95419631038687,3.8073549220576,4.8073549220576,11.7523806465529,10.3553510964248,1,6,1,11.6537407787066,2,4.90689059560852,9.06608919045777,1,9.71424551766612,1,6.70043971814109,14.1600289652998,16.0923855198194,3.58496250072116,4.8073549220576,8.75488750216347,13.644982855229,8.96578428466209,1,2.58496250072116,9.36632221424582,9.43045255166553,12.7919768208987,2,7.06608919045777,6.16992500144231,8.76155123244448,2,8.12928301694497,3.32192809488736,13.3384578431308,6.49185309632967,14.806549621986,14.0899469634979,3.32192809488736,8.83920378809694,5,2,1,8.06608919045777,9.33539035469392,9.4594316186373,1,3.32192809488736,8.55458885167764,5.08746284125034,"1"
"TCGA.77.8138.01A",15.1379517347154,13.0532471259124,4.8073549220576,2.58496250072116,5.32192809488736,9.06069593168755,1,6.12928301694497,2.58496250072116,4.58496250072116,7.3037807481771,13.2491134527137,3,3,4.32192809488736,5.75488750216347,4.16992500144231,10.8872206154684,12.3955341354623,3.8073549220576,11.1799090900149,12.0525680508042,7.32192809488736,12.7494504655699,1,7.89481776330794,6.4262647547021,8.3037807481771,11.1395513523988,12.5003439692704,3,8.6582114827518,10.1749256825007,9.01122725542325,1,5.32192809488736,8.89481776330794,2.58496250072116,13.6431797679255,1,7.08746284125034,5.58496250072116,12.8610869059954,2,14.7566605597295,3.58496250072116,8.11894107272351,2.58496250072116,3.8073549220576,6.24792751344359,5.95419631038687,1,13.9190495236769,3,7.4093909361377,1,2.58496250072116,6.39231742277876,2.58496250072116,8.22881869049588,3.8073549220576,3.32192809488736,10.1972166931101,7.49185309632967,8.40087943628219,4.70043971814109,10.8978454560055,1,3,2,11.8494051009478,1,1,3,2.58496250072116,1,10.8517490414161,1,2,1,1,1,14.4145531148271,4.8073549220576,6.7279204545632,2,6.32192809488736,8.58496250072116,9.2667865406949,1,7.83289001416474,1,11.103287808412,5.24792751344359,2.58496250072116,9.09803208296053,1,9.34429590791582,3.32192809488736,4.4594316186373,13.8997345423575,14.4908508767403,2.58496250072116,4.16992500144231,10.8703647195834,14.0096536922341,6.08746284125034,1,1,9.19475685442225,8.31288295528435,13.8620561334695,1,5.64385618977472,4,8.6582114827518,2,10.5333297323058,1,12.5536292939164,6.75488750216347,11.2526654324502,13.007027266894,2,8.33985000288462,2,1,1,3.58496250072116,9.20945336562895,8.15987133677839,1,3.58496250072116,3,3.58496250072116,"1"
"TCGA.56.7222.11A",6.08746284125034,3.32192809488736,1,1,1,5.58496250072116,2.58496250072116,4.70043971814109,1,1,3.32192809488736,10.8121773055144,3.58496250072116,5.85798099512757,8.7279204545632,6.6724253419715,1,5.32192809488736,4.4594316186373,2,17.525291393535,12.2270141936491,2,17.1143117098226,3,7.4093909361377,4.16992500144231,2,5.32192809488736,13.5485811181651,5.16992500144231,5.70043971814109,12.4807902010958,11.4512111118323,1,2,14.3346922876939,3.58496250072116,7.35755200461808,1,2.58496250072116,8.07681559705083,13.8049376720519,1,3.32192809488736,1,5.64385618977472,5.39231742277876,4,1,4.4594316186373,1,11.8595347863827,1,2.58496250072116,3.32192809488736,1,11.3487281542311,3,3.32192809488736,7.56985560833095,2,16.3193193061349,6.55458885167764,5.90689059560852,2,5.32192809488736,1,1,1,10.3706874068072,1,1,1,1,1,14.6223950594852,1,2.58496250072116,5.58496250072116,1,1,18.0205893586269,6.61470984411521,1,2,5.4594316186373,8.85798099512757,5.8073549220576,1,3,1,6.85798099512757,1,4.58496250072116,3.32192809488736,1,12.1143930548673,1,12.2894425756883,6.70043971814109,6.24792751344359,1,1,6.88264304936184,13.7982692749497,7.75488750216347,2,1,6.24792751344359,6.39231742277876,17.3065067651203,1,1,2.58496250072116,6.08746284125034,1,3.8073549220576,1,11.5488219084588,6.97727992349992,5.16992500144231,17.7029302044383,3,3.58496250072116,2,1,1,13.211279947482,5.52356195605701,10.951284714967,1,2,4.16992500144231,2,"1"
"TCGA.77.8007.11A",8.07681559705083,4.4594316186373,2.58496250072116,1,1,8.58496250072116,1,5.64385618977472,1,1,2.58496250072116,10.9053870050181,3,6.16992500144231,6.24792751344359,7.76818432477693,2.58496250072116,3.58496250072116,1,2.58496250072116,16.8260767140278,12.120237877342,3,15.7769984021753,1,5.85798099512757,4.90689059560852,4.70043971814109,3.32192809488736,15.2505204905676,6.88264304936184,5.4594316186373,11.8579809951276,9.90689059560852,1,1,13.2494097852691,1,8.55458885167764,3.58496250072116,5.16992500144231,8.13955135239879,13.9681267613563,1,7.10852445677817,1,7.2667865406949,6.55458885167764,4,2,5.85798099512757,1,12.6640027628865,2.58496250072116,2.58496250072116,1,1,11.7465143211385,3.32192809488736,6.16992500144231,7.14974711950468,2.58496250072116,15.211203886059,7.97727992349992,8.23840473932508,1,7.82017896241519,1,3.32192809488736,2,10.2215871212648,1,1,1,1,2,13.8895039634115,1,1,4.90689059560852,1,2,16.6760948143208,6.49185309632967,3.8073549220576,4.32192809488736,4.32192809488736,9.53915881110803,6,1,2.58496250072116,1,9.81057163474115,2.58496250072116,5,6.08746284125034,1,11.9158793788358,1,11.1279943209764,9.48381577726426,7.76818432477693,1,4.90689059560852,7.02236781302845,12.6865005271832,7.70043971814109,1,1,5.32192809488736,9.4093909361377,15.4095898233987,2,4.8073549220576,3,6.7279204545632,1,5.16992500144231,2.58496250072116,12.4320198468125,6.61470984411521,4,17.07290718307,4.70043971814109,4.16992500144231,2.58496250072116,1,1,13.1114617398577,7.89481776330794,9.98868468677217,1,1,7.22881869049588,2.58496250072116,"1"
"TCGA.56.7730.11A",8.99435343685886,8.67948009950545,1,1,1,6.7279204545632,1,5,1,1,5.58496250072116,11.240791332162,1,5.70043971814109,8.64385618977472,10.729620743553,2,8.85798099512757,3.58496250072116,2.58496250072116,14.7338627196785,12.0195907283579,4.32192809488736,16.8847190587601,2.58496250072116,7.18982455888002,4.32192809488736,4.32192809488736,6.04439411935845,13.8362476466879,4.58496250072116,7.71424551766612,11.3901689562002,10.12153351734,2,2.58496250072116,12.2801907922169,1,8.06608919045777,1,3,8.10852445677817,13.2682495719945,1,6.20945336562895,2,6.55458885167764,6.49185309632967,2.58496250072116,3.32192809488736,5.95419631038687,1,13.0761475280225,1,3.58496250072116,1,1,12.4701504352744,1,5.08746284125034,7.3037807481771,1,14.0406322005623,8.53138146051631,7.64385618977472,1,8.52356195605701,1,2,1,9.86727873970966,1,2,1,2,1,15.315644908198,1,1,4.58496250072116,2.58496250072116,1,17.6742060637407,5.32192809488736,1,2,6.20945336562895,11.5137275959524,5.32192809488736,1,5.16992500144231,1,8.22881869049588,2.58496250072116,5.8073549220576,5.08746284125034,1,12.2951949558807,1,12.5910547740368,9.51569983828404,10.047123912114,1,3,7.24792751344359,12.732591435965,8.6582114827518,2.58496250072116,1,7.32192809488736,6.32192809488736,15.1672613226302,1,2,2.58496250072116,8.84549005094437,1,4.32192809488736,1,11.6688849842662,6.28540221886225,10.4757334309664,17.2627188404872,2,6.64385618977472,1,1,1,12.6666678406904,5.70043971814109,9.3037807481771,1,1,5.32192809488736,4.16992500144231,"1"
