"","SLC46A2","POPDC3","NLRP10","PPP2R2C","FMO5","IRS1","RAD51AP2","SLC34A2","PLAAT1","AKR1C7P","SSX1","WNK2","DCAF8L1","SLC7A11","GCLC","ADGRF5","OR11N1P","MYOSLID","MAGEA3","LINC01234","LIPK","CAPN9","TRPM8","SLC47A2","SH2D5","LINC02598","CLEC3B","NALF2","GINS2","MIR4713HG","PDE10A","NUS1P2","RCOR2","CHRD","SPRR2D","TPTE","OLFM3","CHIAP2","FAM83A","SPRR2G","VIL1","RGS20","MMRN1","RPL26P13","FAM72C","VCAN","CYP4F2","PTCHD3","ALOX15P2","CDKN2A","DUXAP9","LINC02434","MAB21L3","CCNP","DEFA5","CLEC4M","FTCD","OTOP1","SMC1B","POU3F2","CCDC141","KRT3","CD5L","ABCA3","IL19","CFHR4","NR0B1","H3C4","PPP1R27","TLX3","LINC02377","LINC01549","DSCR4","KLK9","OR7E5P","CACNA1I","IL6","PRSS3","ONECUT3","SRMP1","NTSR2","PLXNB3","OR5M11","C14orf39","PPFIA4","KCNA10","C7orf33","IMPDH1P8","KIAA0895LP1","LINC01228","MAGEA6","CR1","PPP4R3C","DCAF8L2","TEK","CCDC140","FOXD3","LINC01036","PTPN5","GTF2IRD2P1","ALOXE3","SBSN","B4GALNT2","MAP1LC3C","MRC1","CDH5","GIMAP8","COL4A3","BPIFB4","AGER","RGL1","DLX1","DES","ISM2","C7","LINC02471","ESCO2","ANGPT4","LINC02457","C4orf17","GALNT14","KCNV1","GNG4","OTOP2","PCNPP3","SLC6A5","LINC01639","GKN2","CENPI","DSEL","PRORY","KLK12","DMRT3","COL9A3","JPH3","AQP1","SCUBE1","ACP7","ASCL4","SP8","status"
"TCGA.77.A5GA.01A",5,9.43045255166553,2,11.581200581925,6.4262647547021,10.6110247973074,5.52356195605701,12.4130989849153,6.52356195605701,6.20945336562895,1,11.5245417150358,1,12.9340593949008,15.1788982275739,10.2761244052742,2,6.58496250072116,12.7056323873614,5.24792751344359,3.58496250072116,4.70043971814109,2.58496250072116,8.59991284218713,6.97727992349992,3.8073549220576,7.3037807481771,10.631177055704,11.4655664048094,4.16992500144231,7.24792751344359,2,7.06608919045777,8.4178525148859,13.2067091493586,1,1,2,10.0443941193585,7.32192809488736,3,9.74483383749955,8.07681559705083,4.70043971814109,2.58496250072116,11.4346282276367,3.8073549220576,1,1,4.16992500144231,3.32192809488736,1,4,7.04439411935845,1,2,5.24792751344359,1,6.28540221886225,1,4.70043971814109,7.62935662007961,1,10.91288933623,2,3,12.7232343008934,6.24792751344359,3.8073549220576,2,1,3.58496250072116,1,1,1,6.4262647547021,10.4737057496194,8.52356195605701,6.04439411935845,2,2.58496250072116,10.6952282914958,4.16992500144231,2.58496250072116,9.96866679319521,1,2,5,3,6.55458885167764,3.58496250072116,6.55458885167764,1,1,7.75488750216347,1,5.8073549220576,1,2.58496250072116,5.8073549220576,8.16992500144231,11.5372184005386,5.95419631038687,2,7.18982455888002,10.1369911120802,8.38370429247405,7.61470984411521,1,9.22881869049588,8.56985560833095,7.49185309632967,8.11894107272351,4.90689059560852,11.2384047393251,3.32192809488736,9,3.32192809488736,5,5,11.1318569606088,4.32192809488736,7.32192809488736,5.90689059560852,2.58496250072116,2,1,4,9.83605035505807,5.85798099512757,1,6.08746284125034,9.16490692667569,4.58496250072116,3.58496250072116,12.3253054550897,5.58496250072116,10.3128829552844,1,3.58496250072116,"0"
"TCGA.85.7697.01A",4.32192809488736,8.18982455888002,5.39231742277876,12.0640690803855,9.3037807481771,13.0140204703149,5.85798099512757,13.815183130008,8.6724253419715,6.88264304936184,1,12.782588759495,1,11.2264121927888,14.3121739096904,11.7523806465529,2,7.53915881110803,9.96289600533726,11.8734441125154,6.35755200461808,8.77478705960117,5.58496250072116,7.89481776330794,7.22881869049588,4.90689059560852,8.09803208296053,9.51175265376738,10.4635243732712,6.7279204545632,9.23840473932508,6.49185309632967,9.34872815423108,9.76487159073609,15.1926780982335,1,3.8073549220576,2,14.8393022219005,11.6662240028032,7.32192809488736,8.10852445677817,8.88874324889826,5.32192809488736,6.49185309632967,14.7693213225395,4.16992500144231,6.08746284125034,2,13.6494807389686,6.78135971352466,6.28540221886225,8.4594316186373,6.95419631038687,1,1,5.64385618977472,5,6.61470984411521,3.8073549220576,5.39231742277876,9.25738784269265,1,10.3750394313469,6.78135971352466,6.90689059560852,4.16992500144231,8.38370429247405,4.90689059560852,8.67948009950545,6.61470984411521,4,2,6.35755200461808,2.58496250072116,7.76818432477693,8.97727992349992,9.05528243550119,2.58496250072116,3,1,10.6899979714194,3.58496250072116,5.8073549220576,8.86418614465428,1,1,3.8073549220576,5.90689059560852,3.8073549220576,10.0794847838268,9.14974711950468,9.41362792902417,7.4594316186373,10.3014961949825,4.16992500144231,6.83289001416474,5.85798099512757,1,9.4178525148859,10.8281364841941,14.4257404243162,5.95419631038687,5.95419631038687,10.3923174227788,12.0498485494506,10.7582232147267,7.91886323727459,4.16992500144231,9.44708322620965,12.1636496760158,7.74146698640115,8.49185309632967,7.22881869049588,12.0216740428584,2,10.2597432636908,4.90689059560852,3,4.16992500144231,11.2395985292491,3.58496250072116,9.47167521439204,8.55458885167764,6.4262647547021,2,2,3.32192809488736,10.1598713367784,9.3264294871223,1,10.8313072438021,8.14974711950468,10.3944626946103,6.55458885167764,14.0484868739923,7.59991284218713,8.03342300153745,3.8073549220576,7.88264304936184,"0"
"TCGA.NK.A5D1.01A",8.12928301694497,9.00562454919388,1,11.2419831496943,8.70735913208088,12.0573148777827,2,14.8963324039099,9.00562454919388,1,1,12.567480801143,1,7.24792751344359,11.5631962722167,10.7862696276485,2,4.16992500144231,12.2167458581953,4.32192809488736,1,4.70043971814109,6.90689059560852,3,7.8703647195834,2.58496250072116,7.97727992349992,8.33091687811462,12.4812949046311,6.7279204545632,10.5774288280357,5,12.3608470841797,10.2900188469326,1,6.49185309632967,1,5.70043971814109,8.23840473932508,1,1,4.4594316186373,4.90689059560852,2,7.39231742277876,14.243173983473,7.98868468677217,1,1,5.16992500144231,6.8073549220576,6.85798099512757,5,5.08746284125034,2,2,6.35755200461808,1,7.94251450533924,11.2620948453702,5.52356195605701,3,1,13.4207497582968,2.58496250072116,3.58496250072116,5.75488750216347,6.39231742277876,3.32192809488736,8.4594316186373,7.28540221886225,2.58496250072116,1,1,5.8073549220576,9.27146302790437,7,7.85798099512757,4,1,4.70043971814109,10.0498485494506,1,7.65821148275179,12.0559602344523,1,1,6.12928301694497,5.52356195605701,1,12.211888294546,5,8.99435343685886,7.28540221886225,6.70043971814109,5.52356195605701,9.06069593168755,1,7.35755200461808,9.35314682549808,8.33091687811462,2.58496250072116,5.24792751344359,3,8.64385618977472,10.240791332162,8.16992500144231,8.28540221886225,7.52356195605701,9.70390357344466,10.8641861446543,9.13955135239879,7.4262647547021,8.54689445988764,11.8726748802706,4.70043971814109,10.4573808790725,3.8073549220576,3.58496250072116,1,11.7176764230664,7.49185309632967,12.929258408637,1,1,1,1,5.58496250072116,10.0552824355012,8.28540221886225,2,3.58496250072116,7.5077946401987,14.7535301627812,11.120237877342,13.3998119593257,7.22881869049588,6.55458885167764,3.58496250072116,8.55458885167764,"0"
"TCGA.L3.A4E7.01A",6.4594316186373,2,2,6.90689059560852,9.25738784269265,12.724087461794,7.37503943134692,15.5630174737482,9.12412131182919,4,1,10.6474584264549,1,8.11894107272351,13.7174622303497,12.4377520723236,1,7.62935662007961,1,1,2.58496250072116,7.71424551766612,4.16992500144231,7.2667865406949,8.67948009950545,6.16992500144231,9.42206476617281,7.98868468677217,9.91587937883577,5.32192809488736,10.8579809951276,5.64385618977472,10.1996723448364,8.83289001416474,11.2106713437856,1,1,3.58496250072116,12.9125151448024,4,2.58496250072116,7.14974711950468,6.04439411935845,5.58496250072116,3.8073549220576,13.6456584324087,2,3,1,13.7391477099865,5.32192809488736,1,7.2667865406949,4.90689059560852,1,1,4.32192809488736,4.58496250072116,4.16992500144231,5.95419631038687,6.35755200461808,8.08746284125034,3,14.2479275134436,3.8073549220576,1,2,6.8073549220576,5,2,1,4,1,1,1,5.39231742277876,8.45121111183233,5.58496250072116,8.05528243550119,1,2,13.4681148863781,3.8073549220576,5.85798099512757,11.2714630279044,1,1,5.52356195605701,4.16992500144231,1,1,8.58496250072116,1,1,9.2240016741981,1,3,1,2.58496250072116,4.70043971814109,4.16992500144231,5.95419631038687,2.58496250072116,2.58496250072116,11.2934716488381,11.7960396088298,9.94544383637791,9.94544383637791,4.4594316186373,12.2276159434142,11.4604558963096,6.12928301694497,8.07681559705083,4.70043971814109,11.1736771363034,5.16992500144231,9.8008998999203,3.8073549220576,3.58496250072116,2.58496250072116,13.0495082510551,2,5.24792751344359,4.90689059560852,2.58496250072116,2,1,7.4262647547021,9.70735913208088,9.32192809488736,1,4.90689059560852,8.08746284125034,6.08746284125034,4.32192809488736,14.4714211964249,6.7279204545632,6.52356195605701,4.32192809488736,7.65821148275179,"0"
"TCGA.21.5786.01A",3.58496250072116,7.32192809488736,3.58496250072116,12.3608470841797,7.12928301694497,11.9001120629775,5.4594316186373,13.8470573460913,9.3037807481771,3,1,11.3880172853451,3,9.2240016741981,13.0317012027403,10.2877123795494,1,8.59991284218713,10.2854022188622,9.93369065495223,6.6724253419715,5.24792751344359,5.8073549220576,5.75488750216347,9.61838550225861,3.32192809488736,7.58496250072116,9.99717948093762,12.9954138522252,5.39231742277876,7.44294349584873,6.70043971814109,10.4387918525783,9.23840473932508,11.1124395067816,1,6.83289001416474,1,12.9509203520301,10.3858624006415,3.32192809488736,8.81378119121704,6.58496250072116,4,7,14.292321632802,1,1,1,14.3440184398813,6.24792751344359,3.8073549220576,8.35755200461808,6.4594316186373,2.58496250072116,1,5.24792751344359,2.58496250072116,6.04439411935845,1,3.58496250072116,4,1,11.8384160757973,4.58496250072116,6.88264304936184,1,7.10852445677817,3.32192809488736,7.49185309632967,8.29462074889163,2,1,2,1,7.52356195605701,7,4.58496250072116,3.58496250072116,2,3.8073549220576,10.6456584324087,3,6.20945336562895,9.79116288855502,1,1,5,6.39231742277876,1,4.8073549220576,7.14974711950468,1,2.58496250072116,8.83920378809694,7.16992500144231,6.93073733756289,3,4.90689059560852,6.28540221886225,8.57742882803575,13.6910891862365,4.16992500144231,4,10.1085244567782,10.9158793788358,9.29001884693262,6.20945336562895,10.0714623625566,7.02236781302845,11.9837061926593,6.75488750216347,6.78135971352466,7.12928301694497,9.86418614465428,1,10.4655664048094,6.12928301694497,4.16992500144231,1,12.9447120610435,1,12.4828079567267,6.16992500144231,2,1,2,1,10.7548875021635,9.34429590791582,1,7.62935662007961,8.67948009950545,10.1241213118292,13.3657756353263,11.9351650496037,7.89481776330794,9.37937836707126,9.25266543245025,6.52356195605701,"0"
"TCGA.58.A46J.01A",8.44294349584873,6.85798099512757,1,5.32192809488736,8.40087943628219,11.843921051289,5.39231742277876,15.2190928738145,9.2045711442492,3.8073549220576,1,11.286557761608,1,9.56224242422107,14.5909378572215,12.6679985356725,3,5.39231742277876,9.63662462054365,2.58496250072116,2.58496250072116,7.3037807481771,3.58496250072116,5.39231742277876,6.90689059560852,6.4262647547021,11.5679560754155,10.3706874068072,11.2679570844028,5.39231742277876,9.5352753766208,7.12928301694497,10.9322147519684,9.62205181945638,11.8249587405285,1,3.32192809488736,2,10.2691266791494,7.28540221886225,4.58496250072116,8.43462822763673,9.21916852046216,5,6.85798099512757,13.6562013801946,2.58496250072116,1,1,13.093417564388,6.61470984411521,2,7.64385618977472,4.70043971814109,1,4.58496250072116,5.64385618977472,1,8.56985560833095,2,6.75488750216347,4.8073549220576,6.20945336562895,14.4181161412075,1,5.24792751344359,2,8.06608919045777,6.16992500144231,2.58496250072116,1,3.32192809488736,1,1,4,6.83289001416474,11.8073549220576,5.4594316186373,3.58496250072116,2,1,11.292321632802,4.58496250072116,1,10.8344710499842,3,2,6.52356195605701,5.85798099512757,1,7.59991284218713,9.13442632022093,1,1,10.9351650496037,1,5.58496250072116,3,4.8073549220576,4,4.32192809488736,6,3.32192809488736,6.49185309632967,12.8951965725633,13.1299269335104,10.6987046667703,8.82017896241519,3.8073549220576,13.8938703047851,10.5038257379958,6.4594316186373,13.0202855008446,6.58496250072116,13.1221809012598,4.4594316186373,10.6688849842662,5.08746284125034,1,3.58496250072116,13.1379517347154,2,6.70043971814109,4.90689059560852,2,1,7.70043971814109,9.78463484555752,11.632995197143,7.8073549220576,1,7.6724253419715,9.32192809488736,6.20945336562895,4.70043971814109,15.6881956605587,9.3264294871223,8.31288295528435,2.58496250072116,7.96578428466209,"0"
"TCGA.56.8305.01A",4.32192809488736,11.7813597135247,9.13955135239879,13.7084372989653,7.74146698640115,11.6724253419715,4.8073549220576,13.0101784040205,6.95419631038687,8.01122725542325,4,11.120237877342,1,13.4424251933316,13.4149494414743,10.9158793788358,2,10.5097750043269,11.9715435539508,11.2502984179063,6.95419631038687,5.70043971814109,4.58496250072116,8.59991284218713,7.58496250072116,4.4594316186373,8.14974711950468,9.75822321472672,10.8297227350861,6.28540221886225,6.4262647547021,6.95419631038687,10.7056323873614,8.88874324889826,14.2556187498396,6.16992500144231,2,1,13.6494807389686,10.1724275086455,4.32192809488736,8.70735913208088,8.22881869049588,7.75488750216347,6.16992500144231,14.0244471240406,6.16992500144231,3,1,5.24792751344359,7.16992500144231,1,4.90689059560852,6.35755200461808,1,2.58496250072116,6.20945336562895,2,6.12928301694497,3.32192809488736,5.85798099512757,7.56985560833095,2,10.8626373575588,2,6.90689059560852,4.70043971814109,5.52356195605701,4.58496250072116,7.90689059560852,3.32192809488736,2.58496250072116,2.58496250072116,4.58496250072116,3.58496250072116,7.65821148275179,9.06608919045777,9.38370429247405,5.64385618977472,2,3,11.3641346550081,4.16992500144231,5.52356195605701,9.61838550225861,1,1,4.90689059560852,5.70043971814109,5.52356195605701,9.39660478118186,7.71424551766612,5.52356195605701,4.16992500144231,8.33985000288462,1,7.02236781302845,2.58496250072116,4.16992500144231,8.74146698640115,9.93369065495223,13.5435152161522,6.32192809488736,5.58496250072116,12.4599438483749,10.9008668079807,9.06608919045777,7.4262647547021,5.08746284125034,9.76818432477693,10.0028150156071,5.75488750216347,6.64385618977472,4.16992500144231,11.4858293087019,4.16992500144231,10.0112272554233,4.16992500144231,2,3.32192809488736,11.0701209444768,6.55458885167764,11.631177055704,2.58496250072116,4.58496250072116,2,6.20945336562895,4.32192809488736,8.88874324889826,9.09275714091985,7.83289001416474,7.6724253419715,7.06608919045777,9.58496250072116,8.07681559705083,12.7082217300384,4.58496250072116,10.2992080183873,2,8.76818432477693,"0"
"TCGA.NC.A5HO.01A",3,5.08746284125034,1,9.50382573799575,5,9.0389189892923,4.4594316186373,12.6238814900135,3.32192809488736,4.4594316186373,2,13.1978309980122,1,9.5352753766208,14.1446582428319,8.92481250360578,2,4.16992500144231,2,7.90689059560852,1,5.08746284125034,3,5.64385618977472,6.08746284125034,3,5.16992500144231,8.92481250360578,9.82972273508606,3.32192809488736,5.90689059560852,2.58496250072116,7.90689059560852,6.6724253419715,13.7484025283982,1,1,1,12.0484868739923,6.4262647547021,1,5.52356195605701,4,3.32192809488736,6.08746284125034,11.664447284548,1,1,1,10.6865005271832,7.4262647547021,1,6.24792751344359,4.8073549220576,1,1,5.70043971814109,1,5.75488750216347,2,3.8073549220576,3.58496250072116,1,7.88264304936184,4.4594316186373,1,2,5.39231742277876,5.39231742277876,8.07681559705083,1,2.58496250072116,1,1,1,5.16992500144231,4.8073549220576,7.33985000288462,2,1,1,10.5313814605163,3.58496250072116,4,8.54689445988764,1,1,4.16992500144231,5.64385618977472,1,11.5717526435035,4.58496250072116,1,1,6.04439411935845,4.8073549220576,6.61470984411521,1,3.8073549220576,8.83289001416474,7.82017896241519,11.2946207488916,4.16992500144231,2,7.84549005094437,9.51175265376738,7.56985560833095,4.58496250072116,5.8073549220576,9.83289001416474,8.467605550083,4.8073549220576,4.16992500144231,6.32192809488736,8.09803208296053,2.58496250072116,9.74146698640115,2,2,2,10.2167458581953,3.32192809488736,4,1,1,2,2,1,9.2045711442492,7.4262647547021,1,6.20945336562895,4.4594316186373,5.90689059560852,2.58496250072116,10.2761244052742,5.64385618977472,4,4.4594316186373,2,"0"
"TCGA.85.7950.01A",4.70043971814109,9.99435343685886,3,13.6535168794214,7.61470984411521,10.5755392468345,6.12928301694497,11.5717526435035,6.04439411935845,6.35755200461808,1,15.7529032674754,2.58496250072116,10.9158793788358,10.7797193551434,12.4701504352744,3.32192809488736,8.54689445988764,4,11.1736771363034,3.58496250072116,4.32192809488736,4,8.82017896241519,5.70043971814109,7.78135971352466,6.7279204545632,6.52356195605701,10.5603328342124,7.44294349584873,8.64385618977472,6.04439411935845,11.0914353863236,8.36632221424582,5.4594316186373,1,6,1,5.95419631038687,3.32192809488736,4.4594316186373,7.37503943134692,6.85798099512757,3,6.28540221886225,15.3592691309615,4.58496250072116,1,7.39231742277876,13.4141566792741,5.16992500144231,2,5,5.16992500144231,1,1,6.12928301694497,3,8.63662462054365,9.43879185257826,9.24317398347295,5.75488750216347,2,15.3338541611942,2.58496250072116,6.28540221886225,5.4594316186373,5.24792751344359,3.8073549220576,4.32192809488736,4.4594316186373,2,1,1,5.8073549220576,6.61470984411521,11.1873520732005,3.58496250072116,2.58496250072116,1,2,9.80413102118332,3.58496250072116,5.24792751344359,11.8153832958135,1,1,6,6.04439411935845,1,4.16992500144231,6.12928301694497,9.16992500144231,8.467605550083,8.98868468677217,2,7.18982455888002,1,1,3.8073549220576,5.08746284125034,5.75488750216347,13.8362476466879,3,9.48381577726426,11.3793783670713,9.88569637333939,9.64385618977473,3.8073549220576,9.0389189892923,11.4625022725973,7.06608919045777,4.90689059560852,5.52356195605701,10.3944626946103,2.58496250072116,9.77478705960117,6.8073549220576,7.22881869049588,1,7.37503943134692,2.58496250072116,7.39231742277876,1,1,1,5.70043971814109,3.32192809488736,9.90689059560852,11.4283601727043,1,2.58496250072116,4.8073549220576,6.32192809488736,5.8073549220576,13.3074854485895,5.58496250072116,4.8073549220576,10.2479275134436,10.8902642770211,"0"
"TCGA.63.7022.01A",5.58496250072116,3,2,6.4594316186373,7.65821148275179,12.7801296196253,5.24792751344359,13.0244471240406,7.79441586635011,4.90689059560852,1,11.240791332162,1,9.81057163474115,12.7702509273949,12.140829770773,1,5.64385618977472,7.22881869049588,5.95419631038687,2.58496250072116,3,5.58496250072116,4.4594316186373,6.49185309632967,4.16992500144231,8.76818432477693,6.16992500144231,9.62935662007961,3,8.88874324889826,4.32192809488736,9.29001884693262,9.84549005094438,12.3123157466901,1,2,1,10.8948177633079,5.52356195605701,5.4594316186373,4.90689059560852,10.4199601778479,2,3.58496250072116,16.2915664362781,2.58496250072116,2,2.58496250072116,10.3151495622563,6.83289001416474,1,6,6.39231742277876,1,2,4.8073549220576,1,6.70043971814109,3.8073549220576,5.52356195605701,4.4594316186373,3,11.3674147512468,3.58496250072116,5,1,5.58496250072116,4.16992500144231,4.16992500144231,2.58496250072116,2,6.95419631038687,1,1,6.08746284125034,6.90689059560852,7.94251450533924,3,1,1,10.1497471195047,3,4,8.4594316186373,1,5.52356195605701,3,5.16992500144231,5.4594316186373,7.89481776330794,10.1318569606088,2,1,9.70735913208088,1,5.24792751344359,4,2.58496250072116,6.32192809488736,5.16992500144231,9.2240016741981,2.58496250072116,4.58496250072116,13.0801513096141,12.418379719365,10.8626373575588,8.15987133677839,1,8.4093909361377,12.1195896207411,5.24792751344359,8.43462822763673,6.52356195605701,13.4426843678658,3.32192809488736,8.15987133677839,4.32192809488736,1,1,10.1996723448364,1,8.15987133677839,2.58496250072116,2,2,2.58496250072116,2,8.34872815423108,9.3037807481771,1,6.78135971352466,7.32192809488736,6.70043971814109,5.52356195605701,13.0136716140586,6.6724253419715,4.70043971814109,3,4.16992500144231,"0"
"TCGA.33.4547.01A",5.4594316186373,3.8073549220576,1,11.140829770773,9.34872815423108,12.586370695114,5.8073549220576,14.7399915146842,9.33539035469392,7.18982455888002,1,11.2854022188622,1,11.3331553503106,14.023581108623,12.1836353814732,1,8.59245703726808,4.32192809488736,7.84549005094437,4,6.08746284125034,7,8.05528243550119,5.52356195605701,6,8.44294349584873,9.30833903013941,10.2807707701306,3.8073549220576,10.3553510964248,7.44294349584873,8.6582114827518,8.54689445988764,11.2632692003727,1,2,2,13.4625022725973,7.28540221886225,4,6,7.95419631038687,5.90689059560852,5.4594316186373,15.1059903287918,3.32192809488736,1,1,12.9693865213423,6.58496250072116,1,7.91886323727459,5.64385618977472,1,2,5.24792751344359,1,6.04439411935845,4,5.70043971814109,7.79441586635011,1,12.1548181090521,3.32192809488736,1,2.58496250072116,3,5.85798099512757,2,1,4.4594316186373,1,3.32192809488736,2.58496250072116,8.68650052718322,8.05528243550119,5.90689059560852,5.08746284125034,3.8073549220576,1,11.5830827675029,3,4.8073549220576,9.36632221424582,3.58496250072116,1,3.8073549220576,7.14974711950468,1,4.16992500144231,7.28540221886225,1,1,9.7714894695006,2.58496250072116,5.4594316186373,1,3.8073549220576,4.32192809488736,8.01122725542325,9.89784545600551,9.43045255166553,3,9.8008998999203,11.3542493819452,9.97154355395077,8.86418614465428,7.02236781302845,9.77478705960117,12.9708249013626,6.83289001416474,8.49185309632967,4.8073549220576,12.3370643386847,4.32192809488736,9.70043971814109,3.58496250072116,3,5.39231742277876,11.2443638351205,2,9.64745842645492,2,3.58496250072116,2,3,4.16992500144231,9.56224242422107,8.11894107272351,1,5.32192809488736,2.58496250072116,8.15987133677839,4.32192809488736,13.7517532514393,6.75488750216347,8.43462822763673,3,8.16992500144231,"0"
"TCGA.37.4129.01A",4.4594316186373,10.9381093262192,1,13.6112553886993,8.61470984411521,7.58496250072116,1,8.31288295528435,9.63662462054365,2,2,13.959096342282,1,6.12928301694497,12.5760118742068,10.7648715907361,1,3.32192809488736,3,4.16992500144231,1,8.90086680798075,3.32192809488736,4.4594316186373,4.70043971814109,1,10.4450148458684,9.17492568250068,10.6402449362223,1,10.0084286220706,3.58496250072116,9.55458885167764,7.96578428466209,4.16992500144231,1,3,1,3.58496250072116,1,5.4594316186373,4.32192809488736,6.04439411935845,3.32192809488736,2,12.5255208090951,2.58496250072116,3.32192809488736,1,7.28540221886225,4.16992500144231,1,5.4594316186373,9.40087943628218,2.58496250072116,2,6.70043971814109,1,3.8073549220576,5.32192809488736,5.32192809488736,1,4.58496250072116,14.0968798363038,1,1,14.9174653220066,4.58496250072116,3,2.58496250072116,1,2,1,1,1,11.0620461377205,8.14974711950468,2.58496250072116,2.58496250072116,1,2,9.93073733756289,1,9.56985560833095,8.58496250072116,2,1,4.32192809488736,6.24792751344359,1,1,6.12928301694497,1,1,9.02790599656988,1,9.84862294042934,1,5.24792751344359,6.61470984411521,6.35755200461808,2,1,3,9.78135971352466,11.0402897210257,9.35755200461808,9.70390357344466,6.49185309632967,10.2597432636908,12.3083390301394,12.0953970227926,11.7838167593202,4.16992500144231,6.83289001416474,1,6.7279204545632,3.58496250072116,1,1,12.7473538294781,1,15.4809794856131,3,2.58496250072116,5.24792751344359,1,3.8073549220576,5.8073549220576,7.06608919045777,1,2,1,8.85798099512757,9.41362792902417,14.3459595964041,4.4594316186373,3,1,1,"0"
"TCGA.18.3409.01A",5.75488750216347,5.8073549220576,2,11.3465137331656,8.76818432477693,13.5882461520448,5.90689059560852,13.88378880326,7.12928301694497,3.32192809488736,1,10.8993569229231,1,8.34872815423108,12.8951965725633,12.1472049249422,1,8.4262647547021,2,3,4.32192809488736,6.12928301694497,9.38801728534514,7.2667865406949,7.94251450533924,4.32192809488736,8.66533591718518,8.12928301694497,10.3398500028846,3.32192809488736,8.34872815423108,6.04439411935845,8.56224242422107,11.5717526435035,3.8073549220576,1,1,1,8.11894107272351,2,5.52356195605701,7.62935662007961,9.2667865406949,1,3.58496250072116,16.3812725557118,3.32192809488736,1,1,10.4817994316658,7.14974711950468,1,5.95419631038687,1,2,2,3.8073549220576,2,5.32192809488736,3,3.8073549220576,3,1,11.6662240028032,3.58496250072116,2.58496250072116,2,2.58496250072116,3.58496250072116,1,1,4.4594316186373,1,2.58496250072116,5.64385618977472,6.8073549220576,7.8703647195834,5,2,2,1,9.04984854945056,1,2.58496250072116,9.09803208296053,2,1,5,5.39231742277876,1,2,8.79441586635011,1,1,9.51963625284321,1,2,1,2.58496250072116,3.32192809488736,5.75488750216347,9.25738784269265,4.58496250072116,4.70043971814109,12.4933551214949,11.5933911227917,10.1369911120802,7.71424551766612,3.32192809488736,10.7073591320809,11.9314762338868,9.54303182025524,11.211888294546,6.4594316186373,13.134747168669,2.58496250072116,8.91886323727459,5.32192809488736,2.58496250072116,2,9.46352437327118,2,9.76487159073609,1,2.58496250072116,1,1,6.6724253419715,8.53138146051631,9.72109918870719,4.90689059560852,2,4.70043971814109,6.58496250072116,11.0182001788132,13.7010898248172,7.52356195605701,2.58496250072116,6.58496250072116,1,"0"
"TCGA.66.2770.01A",7.4594316186373,10.8041310211833,3.32192809488736,13.6013065261218,9.14974711950468,12.4893462407191,6.7279204545632,15.3337842953359,10.1189410727235,9.2045711442492,1,13.9563761572497,1,14.5180383795781,14.7807447976778,12.3157156580222,2,7.49185309632967,1,7.78135971352466,7.3037807481771,8.18982455888002,5.95419631038687,12.0216740428584,10.5216004397237,4,8.85798099512757,6.75488750216347,11.5603328342124,7.12928301694497,8.467605550083,5.52356195605701,8.73470962022584,10.1548181090521,14.035830072835,1,2,1,12.1286388128526,10.9083926207737,3.58496250072116,7.14974711950468,9.59245703726808,2,6.52356195605701,15.5547686977281,8.44294349584873,3.32192809488736,1,7.18982455888002,7.18982455888002,1,8.2667865406949,5,1,4.8073549220576,9.25738784269265,1,5.24792751344359,8.22881869049588,6,7.02236781302845,4,13.2012050072995,2.58496250072116,1,9.31288295528435,6.93073733756289,6,8.63662462054365,1,1,1,5.32192809488736,3,8.77478705960117,13.9082049531259,7.8073549220576,4.4594316186373,3.8073549220576,1,12.1427452767515,1,4,10.7108064336994,1,1,7.28540221886225,8.88264304936184,2.58496250072116,1,9.8008998999203,1,1,9.60733031374961,3,6.49185309632967,1,2.58496250072116,8.89481776330794,8.2667865406949,12.0532471259124,5.32192809488736,5.39231742277876,12.2240016741981,11.6429542234803,10.5717526435035,9.91288933622996,1,11.3320365483617,11.7829982089204,8.4594316186373,8.04439411935845,5.90689059560852,12.4460494067166,6.55458885167764,11.5068034377956,2,7.39231742277876,3.8073549220576,12.5783726913608,4.16992500144231,7.64385618977472,8.01122725542325,2,2.58496250072116,2.58496250072116,7.55458885167764,10.2240016741981,9.60362634498619,1,9.02790599656988,8.5077946401987,7.62935662007961,5.64385618977472,14.4051414631363,7.59991284218713,5.95419631038687,2.58496250072116,4.32192809488736,"0"
"TCGA.98.8023.01A",4.70043971814109,7.76818432477693,3,10.0251395622785,7.3037807481771,10.3575520046181,4.90689059560852,12.0272148851598,8.49185309632967,4.16992500144231,1,13.5075469034348,1,9.8008998999203,12.6307221621038,10.6054795180617,2,7.74146698640115,2,6.7279204545632,4,6.08746284125034,4,5.24792751344359,4.90689059560852,2,7.56985560833095,6.4594316186373,11.1098306542788,6.4594316186373,7.65821148275179,5.24792751344359,8.65105169117893,8.94251450533924,5.8073549220576,1,3.58496250072116,1,7.22881869049588,2,3.8073549220576,6.97727992349992,8,5,6.28540221886225,14.4441089961471,1,1,1,6.20945336562895,6.35755200461808,1,6.08746284125034,5.64385618977472,1,2.58496250072116,5.75488750216347,1,2.58496250072116,1,6.24792751344359,4,3,14.2788849888022,2.58496250072116,1,5.16992500144231,6.39231742277876,4.70043971814109,1,1,2,1,1,7.2667865406949,3.8073549220576,8.39231742277876,3.58496250072116,1,1,2,10.4470832262097,3.8073549220576,8.56224242422107,10.5887146355823,1,1,5.16992500144231,2,3,1,7.93073733756289,1,1,8.63662462054365,1,4.4594316186373,1,3.58496250072116,6.90689059560852,6.6724253419715,6.16992500144231,9.05528243550119,3.32192809488736,11.2597432636908,11.0714623625566,9.58871463558226,9.6724253419715,2.58496250072116,8.38370429247405,11.2656150464845,1,8.55458885167764,3.32192809488736,10.2045711442492,1,10.0112272554233,4,4.16992500144231,1,11.9865531497567,3,6.08746284125034,1,1,1,1,2.58496250072116,8.25738784269265,8.70735913208088,1,4,2.58496250072116,7,3.8073549220576,11.7202442582876,6.4594316186373,5.39231742277876,5.58496250072116,3.58496250072116,"0"
"TCGA.85.8355.01A",4.70043971814109,8.467605550083,3.32192809488736,12.1085244567782,9.02790599656988,11.0430272835945,5.32192809488736,12.9210970881068,9.87958324961278,7.83289001416474,2.58496250072116,12.7776662808808,1,13.2761244052742,14.6384359139905,11.7481928495895,2.58496250072116,6,9.66533591718518,7.2667865406949,2,6.70043971814109,4.90689059560852,7.95419631038687,6.90689059560852,3.8073549220576,8.8008998999203,6.4262647547021,9.69696752623429,5.16992500144231,8.25738784269265,5.32192809488736,8.79441586635011,8.62205181945638,11.2585660338899,1,1,4.8073549220576,10.6073303137496,5,3.32192809488736,7.74146698640115,10.868822554775,3.8073549220576,5.24792751344359,13.3556263936379,5.58496250072116,7.49185309632967,1,11.5868397879618,7.33985000288462,1,6.12928301694497,4,1,9.54689445988764,5.52356195605701,2,6.85798099512757,3.8073549220576,7.59991284218713,6.61470984411521,8.467605550083,11.1111356702347,2.58496250072116,6,5.75488750216347,6.20945336562895,5.24792751344359,6.78135971352466,1,3,3.8073549220576,1,1,9.63299519714296,9.58496250072116,9.67595703294175,5.75488750216347,3.32192809488736,1,10.2992080183873,1,4.16992500144231,6.95419631038687,2.58496250072116,1,3.58496250072116,3,4,9.15987133677839,11.0237543532994,1,1,10.4408691676109,1,5,1,6.39231742277876,8.89481776330794,6.75488750216347,10.4757334309664,7.5077946401987,6.70043971814109,13.5875431413718,12.0091287895393,11.4231159101471,9.60733031374961,1,9.97154355395077,12.6960981709559,7.55458885167764,9.30833903013941,7.89481776330794,14.0652478216575,2.58496250072116,9.43045255166553,7.53915881110803,4.16992500144231,3.32192809488736,9.38801728534514,3.32192809488736,10,7.28540221886225,1,2.58496250072116,3.58496250072116,3.32192809488736,9.30833903013941,8.66533591718518,1,4.58496250072116,10.1163439612375,8.82017896241519,5.32192809488736,13.6512759733466,8.04439411935845,10.0794847838268,4.16992500144231,8.23840473932508,"0"
"TCGA.63.A5MV.01A",6.32192809488736,8.83920378809694,1,13.1573469353628,8.38370429247405,12.393390457444,7.04439411935845,10.7228075311695,9.43045255166553,5.58496250072116,2,11.2131042196419,3,11.4377520723236,13.135388651579,11.3509391815464,1,6.20945336562895,11.5924570372681,9.55458885167764,2.58496250072116,2.58496250072116,4.4594316186373,7.4757334309664,6.95419631038687,4.58496250072116,7.62935662007961,9.13442632022093,10.1446582428319,6.16992500144231,10.0168082876866,7.6724253419715,10.9262959947811,8.94251450533924,11.2094533656289,4,3.58496250072116,1,10.8902642770211,8.5077946401987,6.35755200461808,5.08746284125034,10.243173983473,6.49185309632967,4.70043971814109,15.2416108124685,6.4594316186373,3,7.84549005094437,5.85798099512757,6.55458885167764,2,7.32192809488736,7.76818432477693,1,2,8,1,7.4757334309664,3.58496250072116,5.90689059560852,9.49984588708321,3,9.2807707701306,1,5.39231742277876,1,5.52356195605701,5.16992500144231,6.64385618977472,7.64385618977472,2.58496250072116,1,1,7.02236781302845,10.8344710499842,9.37503943134693,10.2288186904959,2.58496250072116,3.32192809488736,2.58496250072116,10.5449644327892,4,6.32192809488736,10.4429434958487,1,1,6.35755200461808,5.64385618977472,3,10.9068905956085,9.94544383637791,10.3923174227788,6.58496250072116,8.94251450533924,3,7.88264304936184,1,4.8073549220576,8.32192809488736,7,9.73809225962049,6.93073733756289,4.4594316186373,12.6974020075027,11.2749604721406,10.0741414627525,8.29462074889163,5.52356195605701,9.60362634498619,12.2848241002246,3.58496250072116,8.92481250360578,8.4093909361377,12.668441828053,1,7.59991284218713,5.85798099512757,4,2,11.8113746935099,5.52356195605701,10.243173983473,4.58496250072116,2.58496250072116,4,5.08746284125034,1,9.65105169117893,7.32192809488736,1,4.32192809488736,10.6653359171852,8.85174904141606,9.68299458368168,12.118292233027,6,10.0195907283579,3,6.90689059560852,"0"
"TCGA.34.A5IX.01A",5.24792751344359,9.24317398347295,4.32192809488736,12.1984450414524,5.85798099512757,10.3241805466187,4.90689059560852,13.6910891862365,8.5077946401987,3.58496250072116,1,7.8073549220576,1,9.22881869049588,11.7903484967519,10.4512111118323,2.58496250072116,8.4178525148859,3.58496250072116,3.58496250072116,1,2,3.8073549220576,4.16992500144231,8.76155123244448,1,6.4594316186373,6.8073549220576,11.5176693881338,6.20945336562895,8.09803208296053,1,6.35755200461808,6.52356195605701,12.8668925276766,1,6.20945336562895,2,15.2532565797812,6.55458885167764,3,9.13955135239879,4.4594316186373,4.32192809488736,6.7279204545632,12.5166849493096,1,4,1,12.5372184005386,5.32192809488736,5.95419631038687,5.08746284125034,7.35755200461808,1,2,5.08746284125034,1,9.10328780841202,2,4.70043971814109,2,2,13.1774195379892,3.8073549220576,1,1,7.37503943134692,2,6.75488750216347,1,4.32192809488736,1,1,1,4.58496250072116,9.34429590791582,4.70043971814109,1,1,2,11.8169836232554,1,3,8.59991284218713,1,1,4,4.16992500144231,1,4.32192809488736,5.8073549220576,1,1,7.33985000288462,2,6.12928301694497,1,2,6.78135971352466,8.72109918870719,10.9985904297453,3.58496250072116,2,9.57364718749332,9.88264304936184,8.77478705960117,7.94251450533924,1,8.97154355395077,10.6073303137496,7.71424551766612,6.4262647547021,2.58496250072116,8.33091687811462,3,10.2264121927888,3,2,1,11.0056245491939,2,7.04439411935845,1,3,2,1,5.52356195605701,10.1699250014423,5.70043971814109,1,2,2,8.12928301694497,3.8073549220576,12.2772874001304,4.16992500144231,7.22881869049588,2,2,"0"
"TCGA.85.A4JB.01A",3.58496250072116,6.97727992349992,4.8073549220576,12.0927571409199,7.14974711950468,12.1922928144708,6.39231742277876,11.3826240265749,9.02790599656988,5.08746284125034,1,10.8201789624152,2,9.8073549220576,13.3638609767295,10.403012023575,1,7.58496250072116,11.5651020783603,5.8073549220576,7.10852445677817,6,4,6.04439411935845,10.753216749179,3.58496250072116,6.4594316186373,9.7714894695006,10.1111356702347,2.58496250072116,7.4594316186373,6.28540221886225,11.0512089409148,8.19967234483637,14.5808473985928,7.16992500144231,4.90689059560852,1,12.8719052376592,7.14974711950468,4,9.0389189892923,6.35755200461808,2,5.39231742277876,14.6234242898699,3,1,1,11.0251395622785,7.4093909361377,1,5.75488750216347,5.52356195605701,1,2,7.68650052718322,3,7.74146698640115,3.8073549220576,3.58496250072116,5.75488750216347,1,10.8579809951276,5.8073549220576,6.4594316186373,1,7.91886323727459,2.58496250072116,6.20945336562895,6.55458885167764,1,1,1,1,10.4199601778479,10.7039035734447,8.19967234483637,5.4594316186373,1,1,12.0660891904578,2,5.70043971814109,10.9901039638575,1,2,4,4.16992500144231,1,12.5072991241228,5.95419631038687,8.4093909361377,6.64385618977472,7.49185309632967,1,6.6724253419715,1,2,9.33539035469392,9.70043971814109,13.6068678373742,3.8073549220576,2,8.33985000288462,9.876516946565,7.88264304936184,6.8073549220576,5.8073549220576,9.44708322620965,11.3185428097027,10.4241662888181,7.04439411935845,7.2667865406949,5.64385618977472,1,9.63299519714296,4.16992500144231,3.8073549220576,1,11.8169836232554,5.32192809488736,9.4178525148859,2,3.32192809488736,1,5.58496250072116,1,10.2191685204622,8.56985560833095,1,6.4262647547021,7.62935662007961,10.9381093262192,4.58496250072116,11.4398308839814,4.8073549220576,9.55842071326866,3.58496250072116,7.08746284125034,"0"
"TCGA.77.8144.01A",4.8073549220576,6.12928301694497,2,11.2807707701306,5.95419631038687,13.739569674026,5.16992500144231,6.70043971814109,9.2336196767597,3,2,10.3060616894283,1,12.380461065089,12.9080172610628,10.240791332162,2,9.57742882803575,14.5875431413718,2.58496250072116,5.70043971814109,3.32192809488736,3.32192809488736,7.71424551766612,11.7347096202258,2.58496250072116,4.90689059560852,10.0056245491939,12.5887146355823,5.52356195605701,6.28540221886225,2,6.70043971814109,6.4594316186373,16.1049672423598,7.04439411935845,1,2,15.0319596035961,13.9255544398736,2,9.68299458368168,6.04439411935845,2.58496250072116,7.35755200461808,12.9370059265166,3,2,1,12.7858611057596,7.71424551766612,6.16992500144231,6.6724253419715,6.04439411935845,1,4.32192809488736,3,2,4.70043971814109,3,4.90689059560852,4.70043971814109,2,6.28540221886225,4.32192809488736,5.32192809488736,1,8.10852445677817,2,1,5.58496250072116,2,1,4.58496250072116,3.32192809488736,5.24792751344359,9.13442632022093,2,4.70043971814109,1,1,10.8025163651212,3.8073549220576,2,7.56985560833095,2.58496250072116,1,3.58496250072116,4,1,14.0129736483745,5.08746284125034,5,2.58496250072116,7.85798099512757,1,2,1,2,7.76818432477693,9.93073733756289,15.1212906734555,4,2,10.12153351734,10.6582114827518,8.51569983828404,3.8073549220576,6.32192809488736,8.40087943628219,9.78790255939143,8.2667865406949,4.4594316186373,4.16992500144231,5.32192809488736,1,10.2070143201775,5.70043971814109,3.32192809488736,1,12.353698209048,3.32192809488736,6.70043971814109,6.39231742277876,3,1,1,1,10.4115109880121,8.33985000288462,1,11,3.32192809488736,8.45121111183233,3.8073549220576,11.270295326472,4.70043971814109,6.28540221886225,1,4.16992500144231,"0"
"TCGA.39.5024.01A",5.08746284125034,5.90689059560852,3,13.6557543101442,9.59991284218713,11.7219536128014,7.4757334309664,15.3415188232452,11.0821490413539,5.52356195605701,1,11.5641494899857,2,9.58871463558226,13.5137275959524,11.4252159032994,3.58496250072116,7.22881869049588,13.2366122002158,6.12928301694497,6.6724253419715,7.02236781302845,6,6.97727992349992,7.16992500144231,3.58496250072116,9.09803208296053,10.1267044728432,11.4938554492408,5.95419631038687,13.6300395526561,4.70043971814109,9.31741261376487,8.4262647547021,14.8543814304623,1,4.32192809488736,6.28540221886225,15.4874632362653,7.59991284218713,5.24792751344359,8.06608919045777,8.4178525148859,4.90689059560852,7.5077946401987,12.7334390828994,1,1,1,6.55458885167764,4.4594316186373,1,8.88874324889826,7.88264304936184,1,1,4.90689059560852,2,6.4594316186373,3.8073549220576,5.75488750216347,6.61470984411521,1,11.652844973002,10.2143191208008,3.32192809488736,1,5.64385618977472,4.16992500144231,1,6.64385618977472,4,1,2,2.58496250072116,7.94251450533924,8.56224242422107,10.4614794472862,3.8073549220576,1,4.8073549220576,11.7030383889864,4.32192809488736,4,9.34429590791582,1,1,3.32192809488736,5.32192809488736,1,13.9078295445781,6.93073733756289,1,1,10.0821490413539,6.39231742277876,7.35755200461808,1,5.08746284125034,10.8105716347411,7.83289001416474,9.29001884693262,5.39231742277876,5.39231742277876,9.57742882803575,12.0518886559054,10.1318569606088,9.37937836707126,6.95419631038687,12.3026389237876,11.5439984501345,6.93073733756289,7.93073733756289,7.08746284125034,11.9922302649659,3.58496250072116,10.0687782779854,5.8073549220576,1,3.8073549220576,13.9601829818319,5.8073549220576,7.4262647547021,6.85798099512757,2.58496250072116,2,1,5.08746284125034,10.3309168781146,9.19967234483636,1,1,5.08746284125034,10.7648715907361,4.4594316186373,13.9474543067672,7.08746284125034,5,3.8073549220576,7.14974711950468,"0"
"TCGA.60.2716.01A",5.75488750216347,2.58496250072116,1,9.01122725542325,10.1472049249422,9.78463484555752,6,13.331196877153,9.2807707701306,2.58496250072116,1,11.7723145739217,1,9.83605035505807,13.7067118449807,11.3869402453243,3.32192809488736,6.7279204545632,1,4.16992500144231,1,9.70735913208088,6.08746284125034,8.21916852046216,6.70043971814109,7.74146698640115,7.65821148275179,10.5018371849023,11.0728025345442,7.98868468677217,11.9922302649659,6.4262647547021,10.6724253419715,6.61470984411521,9.05528243550119,1,1,2.58496250072116,10.6934869574993,3,2.58496250072116,5.16992500144231,6.55458885167764,1,5.4594316186373,12.9964734887332,4.32192809488736,1,2,11.7355560239115,5.75488750216347,1,8.88264304936184,4.58496250072116,2,2.58496250072116,4.90689059560852,1,6.08746284125034,1,1,7.83289001416474,1,11.8902642770211,4.32192809488736,1,1,6.52356195605701,5.64385618977472,1,1,1,1,1,1,6.08746284125034,4,10.2455527062557,2.58496250072116,1,2,12.6519486107234,5,5,7.70043971814109,1,1,6.39231742277876,5.58496250072116,1,1,5.39231742277876,1,2,8.90689059560852,1,2,1,4.8073549220576,5.8073549220576,6.04439411935845,13.4558409091264,4.16992500144231,4.4594316186373,9.00562454919388,11.2106713437856,8.70735913208088,8.02236781302845,5.24792751344359,10.3901689562002,11.4938554492408,1,6.90689059560852,6.32192809488736,9.7279204545632,3.32192809488736,10.0821490413539,4.8073549220576,1,3.58496250072116,10.2597432636908,3.32192809488736,6.32192809488736,4,1,2,1,4.70043971814109,9.39231742277876,7.4594316186373,1,6,5.70043971814109,5.39231742277876,3.8073549220576,12.5788443915582,5.90689059560852,6,1,3.32192809488736,"0"
"TCGA.96.A4JL.01A",5.58496250072116,1,1,7.24792751344359,8.6582114827518,10.753216749179,6.75488750216347,14.1024678623593,4,4.32192809488736,1,15.1527601687754,2,10.7073591320809,12.357002092265,11.602698865018,1,5.08746284125034,1,2,2,9.01122725542325,6.78135971352466,5.24792751344359,2.58496250072116,4.8073549220576,8.53138146051631,6.08746284125034,10.4998458870832,6.55458885167764,9.64385618977473,1,7.83289001416474,8.03342300153745,2,1,2.58496250072116,1,7.10852445677817,4.16992500144231,5.64385618977472,6.28540221886225,9.68650052718322,3.8073549220576,5.70043971814109,13.6873756834375,3,3.32192809488736,1,11.9541963103869,5.08746284125034,1,4,5.64385618977472,1,3,6.16992500144231,3,4.16992500144231,3.32192809488736,7.59991284218713,3.32192809488736,3,15.7974082214828,3.8073549220576,2,1,6.04439411935845,6.4262647547021,1,1,6.04439411935845,2.58496250072116,1,1,6.35755200461808,8.65105169117893,1,4.32192809488736,3.8073549220576,1,11.3706874068072,5.08746284125034,3,9.7279204545632,1,1,5.08746284125034,5.58496250072116,1,1,8.39231742277876,1,1,9.97441458980553,1,7.22881869049588,1,4.4594316186373,5.32192809488736,5.85798099512757,4.8073549220576,5.39231742277876,3.8073549220576,10.0953970227926,12.0559602344523,11.2348174311173,10.2264121927888,5.85798099512757,10.3174126137649,12.7435721889356,4.8073549220576,9.16490692667569,4.58496250072116,12.5679560754155,3,10.5333297323058,4.90689059560852,5.58496250072116,2,7.8073549220576,1,7.78135971352466,3.58496250072116,2.58496250072116,1,1,4.90689059560852,9.57364718749332,8.08746284125034,1,2.58496250072116,6,7.82017896241519,4.32192809488736,13.0791514054219,9.27612440527424,4,7.62935662007961,9.02236781302845,"0"
"TCGA.58.8390.01A",4.58496250072116,7.76818432477693,2,10.6348110501717,6.7279204545632,12.8898841703028,5.52356195605701,12.5507467853832,6.78135971352466,4.58496250072116,2,13.6697708885255,1,10.3465137331656,13.9082049531259,11.5830827675029,2,6.52356195605701,11.3431857154479,5.24792751344359,7,6.16992500144231,4,6,8.29462074889163,4.32192809488736,7.37503943134692,4.58496250072116,10.6635581042173,6.95419631038687,8.61470984411521,6.4262647547021,10.5117526537674,8.72109918870719,12.7351328841399,1,5.4594316186373,1,10.4553272203046,10.5488219084588,6.61470984411521,5.58496250072116,6.70043971814109,2,5.58496250072116,16.1713722927319,2,1,1,6.7279204545632,6.08746284125034,1,8.08746284125034,4.70043971814109,1,1,2.58496250072116,1,6.7279204545632,2.58496250072116,3,4.58496250072116,3.8073549220576,12.6465587101545,6,5.32192809488736,6.20945336562895,6.4594316186373,4.16992500144231,8.72109918870719,1,2.58496250072116,4,1,6.24792751344359,2.58496250072116,7.16992500144231,3.58496250072116,1,1,1,10.7846348455575,2,1,10.1922928144708,1,1,5.64385618977472,5.90689059560852,1,9.8008998999203,7.33985000288462,1,1,9.55458885167764,3.58496250072116,6.83289001416474,4,7.4093909361377,6.75488750216347,3,12.1548181090521,11.9053870050181,5.08746284125034,10.1598713367784,11.2443638351205,9.74146698640115,9.51569983828404,1,10.1623913287569,12.7004397181411,10.9571020415623,6.61470984411521,3.58496250072116,8.98299357469431,2.58496250072116,9.95710204156229,1,5.8073549220576,1,5.8073549220576,1,9.18487534290828,1,3,1,3,5.16992500144231,10.0223678130285,9.31288295528435,2,5.58496250072116,7.22881869049588,10.9758479680068,5.58496250072116,13.2749604721406,6.4594316186373,9.27146302790437,9.34872815423108,3.32192809488736,"0"
"TCGA.34.5232.01A",7.93073733756289,5.95419631038687,1,8.40087943628219,9.16992500144231,12.3690520070014,6.20945336562895,15.3208710463304,10.7548875021635,6.58496250072116,1,14.8657332708518,1,10.292321632802,13.6101020629997,12.1130909834424,3.32192809488736,6.52356195605701,3.58496250072116,2,3.8073549220576,7.70043971814109,9.31741261376487,6.35755200461808,7.74146698640115,6.6724253419715,9.28540221886225,10.729620743553,12.0573148777827,7.35755200461808,8.28540221886225,5.70043971814109,7.68650052718322,8.57742882803575,15.1987519651937,1,1,4.4594316186373,15.0430272835945,5.32192809488736,3.8073549220576,7.14974711950468,9.95128471496697,4.32192809488736,6.49185309632967,13.7412562970921,2.58496250072116,3,2,14.0443941193585,5.90689059560852,1,10.2143191208008,4,1,4.58496250072116,7.76818432477693,1,6.04439411935845,2.58496250072116,7.49185309632967,4.70043971814109,3.58496250072116,12.8583695998547,9.51963625284321,1,1,6.28540221886225,5.08746284125034,9.3264294871223,1,1,1,1,4.90689059560852,8.88264304936184,9.67948009950545,4,5.32192809488736,1,1,11.6137894644726,3,4.4594316186373,9.54303182025524,1,2.58496250072116,3.8073549220576,7.74146698640115,1,3.58496250072116,9.8703647195834,1,1,10.2644426002266,1,6.78135971352466,1,3,9.39231742277876,10.3944626946103,11,4.90689059560852,4.90689059560852,11.4787696194758,12.3944626946103,11.3106127816595,9.74146698640115,3,12.0707918094231,12.7809497987497,6.16992500144231,8.71424551766612,6.08746284125034,13.1270270430046,5.08746284125034,11.806549621986,3.58496250072116,2,2,13.2479275134436,1,7.89481776330794,2.58496250072116,2,2.58496250072116,2,7.04439411935845,10.4429434958487,8.25738784269265,1,7.7279204545632,7.28540221886225,8.64385618977472,5.64385618977472,14.7201373563542,7.8073549220576,9.24317398347295,5,3.58496250072116,"0"
"TCGA.37.3783.01A",3,9.62935662007961,1,10.6054795180617,7.08746284125034,9.16490692667569,6.28540221886225,9.9915218460757,9.04984854945056,6.04439411935845,1,7.52356195605701,1,9.53915881110803,11.9359016822676,10.3331553503106,1,8.65105169117893,12.4491486453754,6.24792751344359,10.4008794362822,3,4.16992500144231,3.8073549220576,8.17990909001493,1,9.13955135239879,4,12.4346282276367,5.39231742277876,10.3923174227788,2.58496250072116,6.32192809488736,7.76818432477693,15.1743795764898,1,3,1,14.8338783645774,9.03342300153745,4,8.40087943628219,8.18982455888002,3.32192809488736,6.97727992349992,13.6295843001938,3,8.51569983828404,1,7.12928301694497,6.08746284125034,3.32192809488736,7.56985560833095,8.876516946565,1,3.8073549220576,3.58496250072116,1,9.38801728534514,1,4.4594316186373,4.70043971814109,6.4262647547021,8.91886323727459,3.8073549220576,6.61470984411521,1,6.93073733756289,4.16992500144231,4.16992500144231,1,3,1,2,1,4,10.8517490414161,3,3,2,7.65821148275179,10.0633950812885,3,3,8.97154355395077,1,1,4,1,1,3.58496250072116,8.70735913208088,1,1,9.0389189892923,1,3.8073549220576,1,2,9.55842071326866,7.06608919045777,11.3398500028846,4.8073549220576,4.90689059560852,10.0525680508042,10.6724253419715,8.96578428466209,3.8073549220576,4.70043971814109,7.85798099512757,11.1836353814732,2.58496250072116,8.3037807481771,3.58496250072116,7.39231742277876,1,11.2033480029798,4.8073549220576,1,1,11.5830827675029,2,12.6461086415061,5.70043971814109,2.58496250072116,1,2,2.58496250072116,10.0389189892923,8.4178525148859,1,5.90689059560852,5.08746284125034,9.7515440590891,4.32192809488736,12.8419573990995,5.24792751344359,6.20945336562895,1,1,"0"
"TCGA.77.A5G8.01B",5.32192809488736,8.33091687811462,3,11.3376219019925,6.4262647547021,11.12153351734,7.04439411935845,12.9121408562957,7.53915881110803,8.52356195605701,2.58496250072116,11.4938554492408,1,12.7095146607067,14.3788367132106,10.0498485494506,1,7.84549005094437,3.8073549220576,10.1267044728432,3.32192809488736,3.58496250072116,2.58496250072116,9.46352437327118,9.35755200461808,3.58496250072116,6.6724253419715,7.70043971814109,10.1369911120802,5.52356195605701,8.06608919045777,5.08746284125034,9.93663793900257,7.53915881110803,14.0613711926598,1,1,1,12.2167458581953,12.1617617433047,2,8.8008998999203,7.78135971352466,5.70043971814109,6.93073733756289,12.7776662808808,3.58496250072116,2,1,12.7172480058276,4.58496250072116,2,6.75488750216347,8.06608919045777,1,2,6.24792751344359,2,4.32192809488736,2.58496250072116,4.4594316186373,5.95419631038687,2,11.1935253605012,2.58496250072116,2,3.58496250072116,5,5.16992500144231,4.4594316186373,2,3,1,1,1,8.17990909001493,7.78135971352466,7.84549005094437,6.6724253419715,1,2.58496250072116,11.2276159434142,2,5.4594316186373,11.2946207488916,1,2.58496250072116,3.58496250072116,4.8073549220576,5.32192809488736,2.58496250072116,6.4262647547021,1,1,7.74146698640115,1,4.16992500144231,1,3.8073549220576,9.48381577726426,7.95419631038687,12.7427304765192,4,2,10.3376219019925,9.84549005094438,8.14974711950468,7.18982455888002,2,8.8073549220576,11.1674181458317,7.61470984411521,4.4594316186373,7.61470984411521,11.2620948453702,2,9.13955135239879,2,4.90689059560852,6.58496250072116,10.6238814900135,2,7.55458885167764,6.12928301694497,1,3.58496250072116,1,3,9.07681559705083,6.6724253419715,1,8.876516946565,8.93073733756289,7.44294349584873,2.58496250072116,11.8548683832602,5.16992500144231,9.9915218460757,1,6.32192809488736,"0"
"TCGA.60.2708.01A",3.58496250072116,10.8470573460913,2.58496250072116,13.1241213118292,7.10852445677817,12.8261512148002,3.8073549220576,12.0341111460966,8.54689445988764,5.85798099512757,1,10.5565060546719,1,11.0498485494506,12.2094533656289,11.742309436084,1,9.06608919045777,6.8073549220576,8.15987133677839,2,5.24792751344359,8.76155123244448,4.58496250072116,9.2807707701306,4.32192809488736,7.33985000288462,8.6724253419715,11.0620461377205,4.58496250072116,10.1922928144708,5,8.91886323727459,9.80413102118332,12.3066313617125,1,2,2,14.0914353863236,6.4262647547021,4.4594316186373,9.2336196767597,7.20945336562895,4.32192809488736,4.4594316186373,16.3880845736566,4.32192809488736,2,1,12.8517490414161,5.39231742277876,1,7.14974711950468,7,2,2.58496250072116,4.70043971814109,7.10852445677817,6.95419631038687,6.20945336562895,3,4.58496250072116,2,10.5077946401987,5,4.8073549220576,2.58496250072116,6,1,2,4.16992500144231,6.70043971814109,2.58496250072116,1,1,8.4757334309664,9.34872815423108,6.95419631038687,6.28540221886225,3.32192809488736,2,12.2449583931511,1,1,10.1111356702347,2,5.8073549220576,4.58496250072116,5.8073549220576,9.01122725542325,7.74146698640115,7.7279204545632,1,2,9.58120058192496,1,4.58496250072116,1,3.32192809488736,9.18982455888002,7.62935662007961,12.1440208692669,6.75488750216347,4.90689059560852,11.9203528554151,11.661778097772,9.14465824283188,6.70043971814109,6.39231742277876,7.7279204545632,11.2143191208008,7.5077946401987,7.8703647195834,8.98299357469431,7.94251450533924,3.58496250072116,9.2240016741981,4.58496250072116,4.32192809488736,1,12.4115109880121,1,11.0098286173681,2.58496250072116,6.35755200461808,3,1,2.58496250072116,9.63299519714296,9.5352753766208,1,6.88264304936184,8.39231742277876,6.08746284125034,10.1059085085712,12.5304063370991,7.32192809488736,5.08746284125034,7.8703647195834,8.53138146051631,"0"
"TCGA.66.2755.01A",6,10.7210991887072,2,14.0771495155897,7.70043971814109,9.36632221424582,6.58496250072116,11.7992816215219,6.35755200461808,5.52356195605701,1,13.546653347655,1,12.1189410727235,12.0389189892923,12.3140167039014,2,6.64385618977472,2,5.70043971814109,4.70043971814109,5.08746284125034,2,5.8073549220576,6.93073733756289,1,6.90689059560852,4.58496250072116,11.5137275959524,5.90689059560852,8.31288295528435,3.58496250072116,10.0306671362469,8.55458885167764,8.98299357469431,1,3.32192809488736,4.58496250072116,6.49185309632967,9.65105169117893,3.8073549220576,5,7.98868468677217,3.58496250072116,6.64385618977472,14.2080819099811,2,1,3.32192809488736,7.7279204545632,2.58496250072116,1,5.75488750216347,6.78135971352466,1,2,10.4408691676109,1,7.35755200461808,5.08746284125034,6.95419631038687,2,4.16992500144231,14.8312082629752,1,1,6.16992500144231,5.8073549220576,5.70043971814109,3,1,1,1,1,6.88264304936184,7.22881869049588,9.51175265376738,6.61470984411521,3.32192809488736,2.58496250072116,3,9.4797802640291,3,1,10.0953970227926,1,3,5.08746284125034,4,1,2,8.93663793900257,1,1,9.55074678538324,2.58496250072116,3,1,3,4.70043971814109,4.58496250072116,9.4594316186373,11.8328900141647,8.10852445677817,12.0986900966736,12.2288186904959,10.5176693881338,8.4262647547021,3.32192809488736,8.48381577726426,12.3766680618577,3.8073549220576,3.32192809488736,4.70043971814109,8.8703647195834,1,11.0714623625566,5.58496250072116,5.24792751344359,1,12.468624042918,2,6.85798099512757,1,1,2,1,3,10.4199601778479,9.54303182025524,1,3.58496250072116,3.58496250072116,10.2479275134436,3.32192809488736,11.3998119593257,4.90689059560852,4.8073549220576,12.4625022725973,5.08746284125034,"0"
"TCGA.98.A538.01A",4.32192809488736,1,1,6,6.83289001416474,12.9091430473399,5.64385618977472,10.0334230015375,10.813781191217,3,1,12.2796105810525,1,10.9643408677924,14.5781367834147,10.4573808790725,3,3,12.7112367677938,2.58496250072116,1,2,3,5.4594316186373,8.2667865406949,4.58496250072116,6.16992500144231,9.93073733756289,11.6838718686226,6.7279204545632,11.0512089409148,6.04439411935845,10.5488219084588,7.89481776330794,12.7414669864011,1,1,1,12.9574648468052,2,3,5.24792751344359,8.33985000288462,2,6.4594316186373,14.6840911065291,1,1,1,13.1497471195047,6.52356195605701,1,10.1623913287569,2,1,2.58496250072116,7.7279204545632,1,7.24792751344359,1,3.58496250072116,4.4594316186373,2,9.02790599656988,4.32192809488736,6.75488750216347,1,8.4262647547021,4,4.8073549220576,1,2,7.88264304936184,1,1,6.24792751344359,6.93073733756289,4.8073549220576,9.08746284125034,3,1,12.2508905357233,1,6.12928301694497,9.96289600533726,2,1,3,1,9.69696752623429,12.3465137331656,7.97727992349992,1,1,8.21916852046216,4.32192809488736,3.8073549220576,1,1,6.8073549220576,4,5,4.16992500144231,3.32192809488736,12.0741414627525,10.5565060546719,9.54689445988764,5.8073549220576,2,8.49185309632967,11.1176431013891,3,7.2667865406949,8.82017896241519,9.86727873970966,3.58496250072116,10.8407779235951,4,3,1,11.8719052376592,1,4.16992500144231,4.16992500144231,2,1,1,2,10.2691266791494,7.58496250072116,1,1,10.3575520046181,9.97154355395077,4.32192809488736,11.3531468254981,6.12928301694497,4,2,5.24792751344359,"0"
"TCGA.43.8116.01A",6.39231742277876,8.06608919045777,1,7.8703647195834,7.32192809488736,11.2191685204622,5.16992500144231,13.8546736218639,8.70043971814109,4.16992500144231,1,13.0707918094231,1,9.7515440590891,12.5038257379958,10.7632123668144,2,7.49185309632967,8.20945336562895,5.08746284125034,2,5.24792751344359,3.58496250072116,6.08746284125034,6.24792751344359,4,6.32192809488736,5.24792751344359,10.3728650601126,5.70043971814109,7,5.4594316186373,10.6934869574993,7.5077946401987,5.24792751344359,1,3.58496250072116,1,10.3837042924741,4,6.4262647547021,6.24792751344359,8.51569983828404,3.8073549220576,5.70043971814109,13.4452735556406,1,1,2,5.70043971814109,7.28540221886225,1,6.75488750216347,6.12928301694497,1,1,4,1,7.12928301694497,2.58496250072116,6.39231742277876,2,2,13.612868497291,2.58496250072116,3,1,5.8073549220576,4.4594316186373,7.95419631038687,1,4.32192809488736,1,1,3.8073549220576,5.16992500144231,8.02236781302845,2,1,1,2,9.06069593168755,2,4.32192809488736,8.85174904141606,1,1,6.35755200461808,5.70043971814109,1,11.7253662578956,7.68650052718322,1,1,8.17990909001493,2.58496250072116,6.75488750216347,6.39231742277876,2.58496250072116,3.58496250072116,3,3.58496250072116,10.5755392468345,2.58496250072116,10.5622424242211,10.5736471874933,8.6582114827518,9.66888498426625,2,9.59991284218713,11.6474584264549,3,7.55458885167764,3.58496250072116,10.9886846867722,3.58496250072116,9.05528243550119,2,3,2.58496250072116,10.8041310211833,1,6.90689059560852,1,1,1,1,3.32192809488736,9.467605550083,7.79441586635011,1,3,1,6.24792751344359,4.16992500144231,12.1966021265232,6.16992500144231,4.4594316186373,8.07681559705083,6.64385618977472,"0"
"TCGA.68.A59I.01A",3,4,1,11.6995724532873,9.03342300153745,13.0136716140586,7.20945336562895,12.8466656818997,7.8703647195834,5.16992500144231,1,11.6768386064742,1,9.63662462054365,13.5565060546719,10.8856963733394,1,5.90689059560852,11.2288186904959,2.58496250072116,7.14974711950468,4.70043971814109,2,5.95419631038687,8.5077946401987,6.20945336562895,7.64385618977472,6.85798099512757,9.5077946401987,6.20945336562895,8.82654848729091,6.04439411935845,9.88569637333939,9.44708322620965,12.0947375050481,1,2,1,12.3928540398729,6.64385618977472,3,6.6724253419715,9.89178370321831,5.24792751344359,3.8073549220576,14.6633357234784,2,1,2,11.5478585060584,5.75488750216347,1,10.3241805466187,8.72109918870719,1,2.58496250072116,5.08746284125034,2,7.18982455888002,5.58496250072116,5.39231742277876,2.58496250072116,5.52356195605701,11.6608872703026,2.58496250072116,1,2,8.64385618977472,5.95419631038687,1,1,1,1,1,3,7.76818432477693,11.8415643477306,3.32192809488736,4.4594316186373,2,7.65821148275179,11.4398308839814,2.58496250072116,4.32192809488736,11.581200581925,2,1,5,2,1,8.53138146051631,9.2807707701306,1,1,9.02790599656988,1,7.28540221886225,1,5.39231742277876,4.58496250072116,6.28540221886225,10.7004397181411,3,4.16992500144231,10.0660891904578,11.1873520732005,9.98013957763916,8.8703647195834,6.16992500144231,9.4757334309664,11.8113746935099,6.95419631038687,9.42206476617281,7.85798099512757,13.0818162781092,1,9.04439411935845,5.32192809488736,1,1,10.9971794809376,1,11.6054795180617,1,2,4.32192809488736,1,3.58496250072116,9.01680828768655,9.79116288855502,1,6.7279204545632,9.41362792902417,10.5698556083309,6.85798099512757,12.7760217152528,7.76818432477693,9.5274770060604,2,9.21916852046216,"0"
"TCGA.68.8251.01A",4,8.85174904141606,3,8.93663793900257,6.75488750216347,11.1699250014423,3.58496250072116,11.3342732853072,8.40087943628219,3.8073549220576,3.58496250072116,13.6087168540206,2,9.88874324889826,12.6675551070411,11.5584207132687,3.32192809488736,6.6724253419715,4.16992500144231,4.4594316186373,1,6.83289001416474,9.94251450533924,5.64385618977472,5.32192809488736,3.58496250072116,7.96578428466209,11.1189410727235,10.9571020415623,5.85798099512757,8.10852445677817,6.85798099512757,9.467605550083,9.13442632022093,7.8073549220576,1,3,1,8.99435343685886,4.32192809488736,6.64385618977472,6.88264304936184,8.2667865406949,4,3.58496250072116,15.1448971853406,1,1,3,6.08746284125034,7.4757334309664,1,6.95419631038687,7.52356195605701,1,1,4.70043971814109,1,5.70043971814109,3.32192809488736,11.1972166931101,3.32192809488736,3.58496250072116,15.035572364351,3.58496250072116,2.58496250072116,5.32192809488736,5.90689059560852,5.75488750216347,6.93073733756289,1,2.58496250072116,1,1,2,5.8073549220576,7.91886323727459,5.16992500144231,2,1,3.32192809488736,10.1137421660492,2,9.4262647547021,9.94251450533924,1,1,5.70043971814109,3.32192809488736,1,3.32192809488736,8.24792751344359,1,1,8.33985000288462,1,8.27612440527424,1,2.58496250072116,7.8073549220576,6.32192809488736,6.75488750216347,2,5.8073549220576,13.1456137755134,11.5362472156881,9.5274770060604,10.902375114486,3.32192809488736,9.2240016741981,11.1189410727235,5.52356195605701,8.27612440527424,3.58496250072116,10.3641346550081,2,10.4878400338231,4.4594316186373,2.58496250072116,1,12.0327345285867,7.91886323727459,9.69348695749933,1,2.58496250072116,3,2,5.08746284125034,10.2737955992143,9.30833903013941,1,3.32192809488736,4.8073549220576,6.20945336562895,5.24792751344359,11.940313597146,5.16992500144231,6.39231742277876,6.64385618977472,7.4594316186373,"0"
"TCGA.63.A5MS.01A",5.08746284125034,4.70043971814109,1,9.4093909361377,9.37068740680722,12.0894504811159,5.39231742277876,13.1491119907069,5.90689059560852,3,1,9.09803208296053,1,7.55458885167764,12.4578938373147,10.8933015308606,1,4.70043971814109,9.55842071326866,3.32192809488736,1,5.39231742277876,3.8073549220576,5.58496250072116,8.09803208296053,1,6.88264304936184,5.52356195605701,8.467605550083,3.58496250072116,6.12928301694497,4.16992500144231,6.75488750216347,9.36194377373524,8.70735913208088,1,1,4.32192809488736,5.58496250072116,3.8073549220576,2.58496250072116,6,7.33985000288462,3.58496250072116,3.32192809488736,13.0247933847025,1,1,1,10.612868497291,4.8073549220576,1,5.16992500144231,4,1,3.8073549220576,4.16992500144231,1,3,2,7.08746284125034,2,3.8073549220576,12.667111542075,1,1,2.58496250072116,6.95419631038687,4,3.32192809488736,4.4594316186373,2,1,1,1,6.7279204545632,6.49185309632967,2.58496250072116,4.32192809488736,2,1,10.0821490413539,1,2.58496250072116,8.28540221886225,2,2,3.8073549220576,3.8073549220576,2,10.5468944598876,6.32192809488736,1,1,7.79441586635011,1,5.32192809488736,1,3,5.70043971814109,5,5.95419631038687,2.58496250072116,4.58496250072116,10.4532706340106,10.129283016945,8.34872815423108,8.53915881110803,4,11.3365065598103,10.0901124196643,6.08746284125034,6.64385618977472,5.52356195605701,11.3420746679991,4,6.64385618977472,5.24792751344359,3,2.58496250072116,7.59991284218713,2.58496250072116,6.95419631038687,1,1,1,1,5.90689059560852,8.06608919045777,7.28540221886225,1,2.58496250072116,7.12928301694497,9.97441458980553,4.58496250072116,12.0808175276083,6.6724253419715,7.95419631038687,4,4.4594316186373,"0"
"TCGA.21.A5DI.01A",1,6.52356195605701,3,10.1344263202209,5.75488750216347,12.590587049915,5.95419631038687,11.7338627196785,8.36632221424582,4.8073549220576,1,10.4797802640291,1,10.5565060546719,13.262388523751,8.93663793900257,1,8.467605550083,10.5255208090951,8,4.58496250072116,3.32192809488736,2.58496250072116,8.27612440527424,7.75488750216347,6.8073549220576,5.75488750216347,5.52356195605701,10.292321632802,6.12928301694497,6.8073549220576,6.88264304936184,9.08214904135387,7.55458885167764,10.9322147519684,1,1,1,12.1078709142796,5.39231742277876,7.33985000288462,9.38801728534514,4.4594316186373,5.85798099512757,6.24792751344359,12.5260101070617,1,1,1,12.4120405145517,2,2.58496250072116,4.8073549220576,3.58496250072116,1,1,6,1,6.35755200461808,3.32192809488736,3.32192809488736,3.8073549220576,2.58496250072116,6.75488750216347,2.58496250072116,1,2,6.12928301694497,3.8073549220576,2,1,3.8073549220576,1,1,1,3.8073549220576,9.09275714091985,4.90689059560852,8.44294349584873,1,1,12.1401907031918,4.90689059560852,6.16992500144231,10.5755392468345,1,1,3,3.8073549220576,1,6.75488750216347,3.8073549220576,1,1,5.52356195605701,1,3,1,1,4,4.90689059560852,7.61470984411521,9.97154355395077,2,7.59991284218713,7.37503943134692,7.12928301694497,5,1,9.49984588708321,10.4262647547021,5.64385618977472,6.88264304936184,4,6.52356195605701,1,9.19967234483636,4.90689059560852,5.16992500144231,2.58496250072116,9.4262647547021,1,7.56985560833095,1,3.58496250072116,3.8073549220576,1,1,9.7515440590891,7.4262647547021,1,4.16992500144231,6.83289001416474,5.90689059560852,4,9.62935662007961,2.58496250072116,6.6724253419715,4.58496250072116,4.32192809488736,"0"
"TCGA.52.7810.01A",2.58496250072116,9.29001884693262,1,12.6908710092923,5.32192809488736,11.6679985356725,6.20945336562895,10.9571020415623,7.96578428466209,4.58496250072116,2.58496250072116,10.652844973002,1,13.0694497674278,14.1093409687932,10.3619437737352,1,8.5077946401987,12.6702136367386,7.12928301694497,3,5.95419631038687,3.32192809488736,9.70390357344466,7.62935662007961,5.70043971814109,6.4594316186373,9.65463602852797,10.929258408637,6.28540221886225,4.58496250072116,5.24792751344359,9.97441458980553,7.56985560833095,12.3674147512468,1,6.4594316186373,1,12.1401907031918,4.16992500144231,1,9.35314682549808,5.32192809488736,3.8073549220576,7.61470984411521,13.0573148777827,1,2,1,7.7279204545632,7.89481776330794,1,6.32192809488736,6.85798099512757,2.58496250072116,1,3,1,7.62935662007961,4.32192809488736,2,5.4594316186373,2,8.45121111183233,4,2,6.24792751344359,6.93073733756289,2,9.43045255166553,1,2,1,2,1,7.7279204545632,9,10.9829935746943,3.58496250072116,1,2,11.393390457444,2,5.8073549220576,9.13955135239879,1,1,4.16992500144231,4.58496250072116,1,3.32192809488736,4.58496250072116,1,1,6.16992500144231,1,2,1,3.32192809488736,10.2360141919001,7.2667865406949,7.37503943134692,10.3309168781146,2.58496250072116,7.75488750216347,9.29462074889163,7.32192809488736,5.08746284125034,2.58496250072116,7.4757334309664,10.2714630279044,9.87958324961278,6.93073733756289,5.58496250072116,8.10852445677817,2,9.09275714091985,2,2.58496250072116,2,12.6461086415061,1,12.4696418172395,5.70043971814109,2,1,3.8073549220576,2.58496250072116,10.2045711442492,10.5924570372681,1,5.52356195605701,4.8073549220576,9.56224242422107,4,10.1674181458317,5.32192809488736,10.1774195379892,2,1,"0"
"TCGA.85.A50Z.01A",5.75488750216347,1,2,3.8073549220576,7.35755200461808,13.9061389961954,5,14.759992179981,10.3151495622563,4,2,10.2737955992143,1,11.602698865018,13.720030446499,11.729620743553,1,8.19967234483637,5.08746284125034,1,5.58496250072116,4.16992500144231,4.70043971814109,7,9.58871463558226,4.32192809488736,7.70043971814109,9.67948009950545,10.7632123668144,4.90689059560852,7.02236781302845,4.32192809488736,7.89481776330794,7.96578428466209,12.5107641679179,5.32192809488736,2,1,13.579787329527,5.75488750216347,2,7.62935662007961,5.32192809488736,5,4.32192809488736,13.5338163894334,1,3.8073549220576,1,10.8392037880969,7.14974711950468,1,8.48381577726426,4,1,3,2,1,5.39231742277876,1,3.58496250072116,1,1,11.5127404628035,7.64385618977472,4.70043971814109,1,7.55458885167764,5.08746284125034,1,3.58496250072116,3.58496250072116,1,1,2,3.58496250072116,11.635718120331,2,2.58496250072116,1,1,11.7304701371842,1,7.02236781302845,9.11374216604919,1,1,4.32192809488736,5.08746284125034,1,4.70043971814109,9.2667865406949,7.8073549220576,5.64385618977472,7.8073549220576,1,1,1,2,3.8073549220576,4.16992500144231,2.58496250072116,9.10852445677817,1,7.90689059560852,11.1382718001722,9.01680828768655,7.49185309632967,8.28540221886225,8.70735913208088,11.664447284548,3.8073549220576,5.39231742277876,7.55458885167764,8.82017896241519,4,10.5526690975143,3.32192809488736,1,1,14.1130909834424,1,4.32192809488736,1,2,1,1,2.58496250072116,10.1674181458317,6.04439411935845,1,1,2,7.56985560833095,2.58496250072116,12.4908508767403,6.04439411935845,2,2,3.58496250072116,"0"
"TCGA.63.7021.01A",6.6724253419715,8.84549005094437,2.58496250072116,12.2597432636908,6.93073733756289,11.2679570844028,5.24792751344359,12.5660540381711,9.74819284958946,7,2.58496250072116,11.8161836814323,1,11.5068034377956,12.1579784499454,10.9425145053392,2,6.39231742277876,8.33091687811462,8.90086680798075,5.4594316186373,5.75488750216347,6.52356195605701,9.10852445677817,7.10852445677817,3.58496250072116,7.98868468677217,10.047123912114,10.4304525516655,6,7.74146698640115,4.4594316186373,7.59991284218713,9.03342300153745,16.2582347648559,1,1,1,13.8929222236306,12.9668659003875,2.58496250072116,7.12928301694497,10.292321632802,4.32192809488736,5.58496250072116,13.8221724614762,2,2,1,5.85798099512757,5.16992500144231,2,6.75488750216347,7.5077946401987,1,1,3.8073549220576,1,7.3037807481771,1,5.8073549220576,6.70043971814109,4,12.0640690803855,7.71424551766612,4.70043971814109,3.8073549220576,6.78135971352466,4.90689059560852,2,1,2.58496250072116,1,3.32192809488736,1,8.12928301694497,10.8719052376592,10.1699250014423,9.04984854945056,1,1,11.0874628412503,2,3.58496250072116,9.38370429247405,1,1,2,6.52356195605701,3.32192809488736,6.75488750216347,8.05528243550119,3.58496250072116,2,8.86418614465428,1,5.95419631038687,1,3.32192809488736,9.2045711442492,9.67948009950545,15.4481808483036,2.58496250072116,3,10.4817994316658,11.3286749273279,9.17990909001493,7.88264304936184,2.58496250072116,8.86418614465428,11.1636496760158,5.32192809488736,6.85798099512757,3,10.8548683832602,3,8.6724253419715,3.58496250072116,5.8073549220576,1,11.2300204357056,1,9.02790599656988,4,2,1,4,2,8.90086680798075,7.8073549220576,1,11.8834069863884,7.22881869049588,6.49185309632967,4.58496250072116,12.3788367132106,6.35755200461808,6.8073549220576,1,7.70043971814109,"0"
"TCGA.63.A5MR.01A",5,9.24317398347295,4.70043971814109,10.0389189892923,5.4594316186373,12.7017396386744,7.28540221886225,12.0721326041672,8.8073549220576,6.28540221886225,2,7.4093909361377,1,8.97154355395077,12.5161924778794,9.77807712953536,3.32192809488736,8.70043971814109,11.3998119593257,11.1510165388922,6.88264304936184,2,5.85798099512757,8.31288295528435,9.91587937883577,4.90689059560852,6.7279204545632,8.34872815423108,10.9886846867722,7.96578428466209,5.08746284125034,3.8073549220576,9.7176764230664,8.02236781302845,15.2975611469307,1,5.52356195605701,1,15.2366122002158,7.4262647547021,3,8.89481776330794,5.64385618977472,5,6.12928301694497,12.6825557410803,4.8073549220576,7.35755200461808,1,12.8494051009478,6,5.85798099512757,6.52356195605701,7.06608919045777,1,1,6,2,7.16992500144231,4.32192809488736,3,4,2,8.35755200461808,5.08746284125034,6.52356195605701,1,7.10852445677817,4.32192809488736,7.14974711950468,2,1,1,4.16992500144231,1,6.6724253419715,9.82336724004623,7.61470984411521,4.16992500144231,1,2,12.2615073092021,2.58496250072116,3.58496250072116,11.427312844135,1,1,4.58496250072116,5.75488750216347,1,6.78135971352466,6.58496250072116,2,1,6.75488750216347,1,4.4594316186373,3.58496250072116,1,8.88264304936184,9.55458885167764,13.7481928495895,5.4594316186373,4.58496250072116,10.6147098441152,9.34872815423108,7.90689059560852,6.55458885167764,5.8073549220576,8.81378119121704,9.14974711950468,7.61470984411521,7.61470984411521,5.70043971814109,10.0741414627525,1,10.8595347863827,2.58496250072116,5.4594316186373,2.58496250072116,12.0707918094231,2,10.1823943534045,3.8073549220576,4.8073549220576,1,2,1,9.30833903013941,7.10852445677817,1,9.93957921431469,3.32192809488736,7.3037807481771,4.58496250072116,10.8470573460913,3.8073549220576,8.4178525148859,1,4.16992500144231,"0"
"TCGA.63.A5MW.01A",3.58496250072116,8.67948009950545,2,10.8470573460913,8.33985000288462,13.2871351860867,4.4594316186373,7.90689059560852,9.45532722030456,3,1,11.18982455888,2,11.4777582664439,13.9686667931952,10.8963324039099,3.32192809488736,6.28540221886225,12.3202364452416,4.70043971814109,3.8073549220576,6.24792751344359,5.8073549220576,6.83289001416474,8.55458885167764,6.90689059560852,8.5077946401987,8.18982455888002,10.9929383361658,5.85798099512757,10.7262181593322,7.83289001416474,10.9113919878435,13.3780238509255,7.79441586635011,1,3.58496250072116,1,6,3,4,8.36632221424582,8.62205181945638,1,6.49185309632967,15.4633327845445,3.8073549220576,3.8073549220576,1,11.5896511465148,7.75488750216347,1,6.61470984411521,5.64385618977472,1,1,7.44294349584873,1,7.53915881110803,8.43462822763673,7.64385618977472,2,2,9.29920801838728,4.16992500144231,6.83289001416474,3.8073549220576,6.93073733756289,5.95419631038687,7.14974711950468,7.58496250072116,1,1,1,1,10.951284714967,9.11374216604919,3.32192809488736,6.39231742277876,2,5.64385618977472,11.2312211807112,1,8.29462074889163,11.2384047393251,1,4.58496250072116,7.91886323727459,6.7279204545632,1,11.9650627567446,7.89481776330794,1,1,9.3037807481771,5.8073549220576,7.83289001416474,5.16992500144231,6.6724253419715,9.04439411935845,5.90689059560852,4.58496250072116,8.74819284958946,3.58496250072116,10.9322147519684,11.6483575820097,9.5274770060604,5.52356195605701,3.32192809488736,9.95128471496697,12.1516508299734,10.0980320829605,6.78135971352466,7.96578428466209,4.90689059560852,1,9.55458885167764,5.64385618977472,4.4594316186373,1,11.4584066132365,7.74146698640115,13.0098286173681,5,1,1,3,1,9.26209484537018,9.76487159073609,1,2,7.82017896241519,13.4426843678658,11.5166849493096,13.3125993788626,15.2138636527493,8.4757334309664,3.32192809488736,10.1059085085712,"0"
"TCGA.66.2790.01A",5.64385618977472,9.51175265376738,1,13.2647358011301,9.21431912080077,13.4299297413533,6.08746284125034,14.6981620350113,9.70043971814109,5.16992500144231,2.58496250072116,11.4948555844912,2,10.661778097772,13.3451279919767,11.612868497291,2.58496250072116,8.18982455888002,13.3359485652023,9.24792751344359,4.32192809488736,9.85486838326024,6.58496250072116,6.90689059560852,8.33985000288462,5.85798099512757,6.97727992349992,9.64385618977473,12.4325419003883,4.4594316186373,11.6995724532873,6.4262647547021,12.5802585674998,11.5284541107648,7.79441586635011,1,5.95419631038687,4,12.0299773465896,3.32192809488736,9.93369065495223,8.8008998999203,8.48381577726426,5.24792751344359,5.85798099512757,14.6862816551444,6.20945336562895,1,1,11.7364019313183,8.62205181945638,8.79441586635011,6.39231742277876,9.04439411935845,1,2.58496250072116,6.4262647547021,5.90689059560852,8.38370429247405,7.52356195605701,7.71424551766612,3.8073549220576,5.32192809488736,12.9758479680068,4.32192809488736,7.59991284218713,8.56224242422107,5.75488750216347,3.32192809488736,9.2045711442492,8.43462822763673,4.58496250072116,1,3,6.24792751344359,9.90388184573618,11.6608872703026,5.4594316186373,5.85798099512757,1,8.85174904141606,12.075479149488,4.32192809488736,7.04439411935845,10.9901039638575,1,1,3.32192809488736,7.04439411935845,1,12.9307373375629,7.89481776330794,11.3869402453243,10.0821490413539,9.4594316186373,4.70043971814109,8.09803208296053,6.6724253419715,5.52356195605701,9.2045711442492,8.83289001416474,7.33985000288462,8.5077946401987,5.08746284125034,11.2934716488381,11.2215871212648,10.2761244052742,6.90689059560852,6.88264304936184,10.677719641641,12.1548181090521,9.8073549220576,11.4757334309664,9.71424551766612,11.7219536128014,5,10.5117526537674,7,4,1,13.1369911120802,7.20945336562895,9.78463484555752,4.70043971814109,2.58496250072116,3.32192809488736,4.4594316186373,6.7279204545632,10.7944158663501,10.4655664048094,1,3.8073549220576,8.91288933622996,10.3083390301394,11.8297227350861,13.3253054550897,9.82654848729091,7.61470984411521,7.3037807481771,9.04984854945056,"0"
"TCGA.46.3767.01A",8.05528243550119,5.4594316186373,2.58496250072116,10.3398500028846,9.80413102118332,12.5919897676151,5.32192809488736,15.5546488028522,7.88264304936184,4.58496250072116,1,9.97154355395077,1,9.1548181090521,12.4262647547021,13.161446847518,1,7.6724253419715,9.18982455888002,7.6724253419715,5.16992500144231,5.90689059560852,7.79441586635011,7.96578428466209,5,4.4594316186373,9.3264294871223,7.04439411935845,9.77807712953536,3.58496250072116,9.02236781302845,4.4594316186373,8.82017896241519,9.467605550083,11.12153351734,1,2,7.04439411935845,11.9950604670327,6.78135971352466,6.28540221886225,6.64385618977472,11.2215871212648,4.8073549220576,2.58496250072116,15.8835501795573,1,1,3,6.55458885167764,5.32192809488736,1,8.02236781302845,4,1,3.58496250072116,4.58496250072116,2,7.16992500144231,2,6.90689059560852,4.90689059560852,3,13.5724633890837,4.32192809488736,5.16992500144231,2,5.39231742277876,3.58496250072116,2.58496250072116,3,3,1,1,2.58496250072116,6.28540221886225,10.4898479604393,4.8073549220576,5,2,2.58496250072116,9.59618975614441,2.58496250072116,4.58496250072116,9.34872815423108,1,1,3,4,3.32192809488736,10.4635243732712,9.64024493622235,1,2,10.5603328342124,1,3.32192809488736,1,4.32192809488736,6.61470984411521,4.70043971814109,7.85798099512757,3.32192809488736,5.32192809488736,12.0741414627525,12.7189609119842,10.7364019313183,9.67948009950545,5.52356195605701,12.3437409184722,12.1916761463524,7.32192809488736,10.0768155970508,4.16992500144231,13.652844973002,5.90689059560852,8.92481250360578,6.12928301694497,2,1,10.5774288280357,1,10.5430318202552,2,1,2,1,7.06608919045777,8.4594316186373,10.0953970227926,1,3.32192809488736,5,8.53915881110803,8.69348695749932,14.468624042918,7.84549005094437,6.61470984411521,4.4594316186373,5.16992500144231,"0"
"TCGA.66.2763.01A",6.75488750216347,5,2,4.4594316186373,10.4635243732712,11.5459297690855,7.44294349584873,15.958869855988,10.5736471874933,5.85798099512757,5.64385618977472,10.1972166931101,1,9.27146302790437,13.8431359111114,12.7784878612224,1,5.95419631038687,9.09803208296053,7.88264304936184,1,6.52356195605701,6.08746284125034,7.59991284218713,5.16992500144231,4,8.82017896241519,10.0334230015375,11.7515440590891,5.32192809488736,9.1548181090521,5.32192809488736,9.82336724004623,8.62205181945638,12.5186531556734,1,1,2.58496250072116,16.3518709433351,6.20945336562895,3,6.85798099512757,8.4262647547021,2.58496250072116,6.75488750216347,13.9860197730641,1,2.58496250072116,1,14.3642714746811,5.64385618977472,1,10.12153351734,6.64385618977472,1,4.70043971814109,5.32192809488736,1,8.4093909361377,3,6.04439411935845,7,2,13.7378810768578,3.8073549220576,4,1,6.04439411935845,6.35755200461808,7.59991284218713,1,3.58496250072116,1,1,3.32192809488736,5.95419631038687,8.82654848729091,10.0633950812885,5.64385618977472,1,1,11.8257538328831,3.32192809488736,3.8073549220576,10.0361736125535,1,1,5.24792751344359,6.95419631038687,1,9.97727992349992,8.94251450533924,1,1,9.13442632022093,1,4.32192809488736,1,2.58496250072116,10.6934869574993,9.8008998999203,14.4044763508472,4.90689059560852,4.58496250072116,11.6564248632778,11.7887183326905,10.0579917227592,9.14465824283188,5.16992500144231,10.9158793788358,13.3275526440812,4.16992500144231,9.27612440527424,6.83289001416474,12.0265234425198,5.75488750216347,9.87958324961278,4.16992500144231,1,3.32192809488736,10.3420746679991,1,8.86418614465428,4.4594316186373,1,4.90689059560852,4.16992500144231,7.02236781302845,12.5225815312548,8.07681559705083,1,5.85798099512757,5.75488750216347,9.52356195605701,4,14.3590631836783,6.8073549220576,6.55458885167764,1,8.17990909001493,"0"
"TCGA.98.A53J.01A",4.58496250072116,7.7279204545632,1,13.2464437171173,6.49185309632967,10.0980320829605,5.52356195605701,9.01122725542325,9.70735913208088,6.88264304936184,2.58496250072116,11.8494051009478,1,13.0292872269682,13.4278366034585,9.28540221886225,1,7.78135971352466,1,6.12928301694497,6.24792751344359,5.39231742277876,6.04439411935845,11.9701058906122,6.75488750216347,3.58496250072116,6.85798099512757,9.56605403817109,10.3793783670713,5.64385618977472,9.467605550083,2.58496250072116,8.74819284958946,7.76818432477693,14.2155329997457,1,2,1,11.7030383889864,8.05528243550119,3,8.14974711950468,6.12928301694497,4.4594316186373,5.52356195605701,12.5008418795569,4.16992500144231,2,1,12.3083390301394,6.32192809488736,2,10.2384047393251,4.8073549220576,1,2,6.61470984411521,1,4.70043971814109,4.32192809488736,3.58496250072116,9.18982455888002,2.58496250072116,9.98868468677217,9.55842071326866,2.58496250072116,8.14974711950468,7.58496250072116,5.24792751344359,4,1,4,1,4,1,8.95419631038687,8.4093909361377,9.4262647547021,6.85798099512757,1,3,11.6697708885255,3.8073549220576,3,11.6934869574993,1,1,5.52356195605701,6.28540221886225,7.59991284218713,1,6.16992500144231,1,1,7.28540221886225,1,3,1,3.32192809488736,9.07681559705083,10.5449644327892,12.1724275086455,4.58496250072116,2,8.40087943628219,9.49984588708321,7.85798099512757,7.65821148275179,1,7.95419631038687,11.1098306542788,4.70043971814109,4.16992500144231,3,6.16992500144231,2,8.98299357469431,5.64385618977472,4.16992500144231,4.32192809488736,11.6934869574993,4.90689059560852,14.076481601207,4.70043971814109,1,5,1,2.58496250072116,8.44294349584873,6.04439411935845,1,11.6803595235137,6.88264304936184,6.93073733756289,7.78135971352466,11.0887882387169,4.90689059560852,8.49984588708321,2.58496250072116,6.4262647547021,"0"
"TCGA.66.2771.01A",6.7279204545632,4.32192809488736,1,3.8073549220576,9.38370429247405,10.1522848423066,4.90689059560852,15.4469540392796,8.44294349584873,5.16992500144231,1,10.1318569606088,2,8.74819284958946,12.3890935219045,12.0182001788132,2.58496250072116,6.88264304936184,12.5507467853832,9.01122725542325,1,6.12928301694497,4,4.16992500144231,3,5.75488750216347,9.49185309632967,6.85798099512757,12.1736771363034,4.16992500144231,6.78135971352466,5.24792751344359,9.57364718749332,7.16992500144231,12.2485206049384,2.58496250072116,2,4.4594316186373,12.3826240265749,5.8073549220576,4.32192809488736,5.95419631038687,8.55458885167764,3.32192809488736,4.70043971814109,13.0904432750816,3,2,1,6.4594316186373,6.85798099512757,2,8.29462074889163,6.55458885167764,1,2.58496250072116,6.4594316186373,2.58496250072116,7.10852445677817,2.58496250072116,5.08746284125034,7.3037807481771,4.58496250072116,12.791162888555,10.631177055704,4.8073549220576,1,7.10852445677817,3.8073549220576,5.8073549220576,3.32192809488736,1,6.04439411935845,1,2,3.32192809488736,8.76155123244448,9.91886323727459,3.58496250072116,1,3.8073549220576,8.18982455888002,3,2.58496250072116,8.8703647195834,1,2,2.58496250072116,4.16992500144231,1,11.977995368613,10.18982455888,2.58496250072116,1,8.8073549220576,1,3.58496250072116,1,3,8.66533591718518,6.83289001416474,10.3241805466187,9.07146236255662,5.85798099512757,12.8332854355845,10.4614794472862,10.129283016945,8.90689059560852,2,13.5795516528066,11.6679985356725,2,8.2667865406949,5.85798099512757,12.3100446796475,7.4093909361377,11.2597432636908,3.58496250072116,2,3,11.9851303734669,1,7.08746284125034,4.32192809488736,1,3.32192809488736,3,9.7279204545632,9.66533591718518,7.79441586635011,2,8.49185309632967,6.12928301694497,7.5077946401987,4,15.1402706021225,7.04439411935845,3,5.39231742277876,5.8073549220576,"0"
"TCGA.34.8454.01A",7.18982455888002,1,1,10.0633950812885,8.19967234483637,13.4843194236443,6.88264304936184,15.4858921862996,3,5.16992500144231,2,12.7431513941125,1,11.5439984501345,13.7036873259675,12.6206780421354,3,7.53915881110803,2,2,2,6.4594316186373,3.32192809488736,5.32192809488736,5,5.75488750216347,8.86418614465428,5,11.567005370247,5.85798099512757,7.59991284218713,4.4594316186373,7.75488750216347,9.27146302790437,11.5488219084588,1,4,1,15.7122045504387,3.8073549220576,4.32192809488736,5.16992500144231,10.3465137331656,2,6.12928301694497,14.3462366913902,3,2,1,6.8073549220576,3.8073549220576,1,8.74146698640115,5.8073549220576,1,1,6.16992500144231,1,9.38370429247405,1,6.8073549220576,3.8073549220576,2,12.9087678828492,1,4.58496250072116,2,6,4,8.77478705960117,1,2.58496250072116,1,1,1,5.4594316186373,11.6697708885255,3.58496250072116,4.32192809488736,1,1,11.6697708885255,1,8.16992500144231,9.92481250360578,1,1,3.8073549220576,4.70043971814109,1,1,8.56224242422107,2,1,9.95710204156229,1,4.32192809488736,1,5.08746284125034,7.91886323727459,6.93073733756289,6.20945336562895,3,4.16992500144231,10.6220518194564,12.0874628412503,10.3858624006415,8.76155123244448,2,9.88264304936184,11.6384359139905,2.58496250072116,9.68999797141945,4.32192809488736,11.2726297849764,5.8073549220576,9.91587937883577,5.08746284125034,1,1,13.6073303137496,1,6.64385618977472,1,1,1,3.58496250072116,5.90689059560852,10.3750394313469,8.08746284125034,1,4.4594316186373,3,8.62205181945638,4.70043971814109,13.8401878240405,6.93073733756289,3,2,1,"0"
"TCGA.22.A5C4.01A",7.49185309632967,2.58496250072116,2.58496250072116,12.1830150008828,9.61838550225861,12.407798850222,6.16992500144231,14.9250907744217,9.2045711442492,5,2,11.1421070573025,1,12.7553048882624,13.0491678723722,12.0707918094231,3.8073549220576,6.49185309632967,1,11.6284455401372,4.58496250072116,8.62205181945638,5.95419631038687,3.8073549220576,10.0606959316876,7.10852445677817,9.53138146051631,5.75488750216347,11.7723145739217,6.78135971352466,10.7465143211385,2,9.31288295528435,7.35755200461808,7.82017896241519,1,7.55458885167764,5.08746284125034,13.1344263202209,6.78135971352466,2.58496250072116,5.90689059560852,9.55074678538324,6.58496250072116,6.55458885167764,13.1302487840507,10.7927902943011,2.58496250072116,2.58496250072116,10.9801395776392,7.79441586635011,1,9.34429590791582,5.90689059560852,2,3.32192809488736,6.83289001416474,2,10.2312211807112,2.58496250072116,4.90689059560852,6.12928301694497,3,13.9307373375629,2,7.76818432477693,4.16992500144231,6.64385618977472,4.16992500144231,5.32192809488736,1,6.61470984411521,1,1,6.64385618977472,7.55458885167764,10.3750394313469,4.58496250072116,3,1,1,12.8340759534349,6.61470984411521,6.28540221886225,12.5304063370991,1,1,5.08746284125034,7.04439411935845,1,1,7.85798099512757,1,1,9.72109918870719,1,8.38370429247405,3,3.58496250072116,5.58496250072116,7.44294349584873,12.6397928932793,7.22881869049588,5.24792751344359,12.5783726913608,11.5631962722167,11.1098306542788,8.85798099512757,11.1724275086455,12.8978454560055,13.1664769508168,10.4262647547021,9.25738784269265,7.7279204545632,11.4584066132365,4.16992500144231,10.5196362528432,5.24792751344359,2,1,12.171802288683,3,7.94251450533924,1,3.32192809488736,4.16992500144231,7.16992500144231,7.62935662007961,11.6174674652942,7.04439411935845,1,3.32192809488736,8.70735913208088,11.0768155970508,5,13.4016795259825,7.7279204545632,5.24792751344359,6.55458885167764,12.2667865406949,"0"
"TCGA.46.3765.01A",7.5077946401987,8.90689059560852,1,11.4199601778479,8.97154355395077,10.6812384117778,6.93073733756289,14.1073805630459,10.5117526537674,8.82654848729091,1,11.3955341354623,2,13.6211361132746,14.6865005271832,11.6679985356725,1,7.8703647195834,9.32192809488736,10.1137421660492,3.32192809488736,5.75488750216347,5.24792751344359,6.28540221886225,9.84235034341381,5.08746284125034,7.12928301694497,4.90689059560852,10.91288933623,6.39231742277876,6.61470984411521,5.90689059560852,8.93073733756289,8.62935662007961,12.1699250014423,4.8073549220576,2.58496250072116,2,9.10852445677817,6.16992500144231,2.58496250072116,8.05528243550119,9.14465824283188,5.16992500144231,5.24792751344359,13.7221671397819,5.39231742277876,1,1,11.5008418795569,7.58496250072116,2,6.16992500144231,5.8073549220576,1,3.58496250072116,6.85798099512757,1,5.16992500144231,2,7.28540221886225,5.32192809488736,2,11.9329528921947,2,3.58496250072116,8.02236781302845,5.70043971814109,2,6.12928301694497,1,3,1,2,6.85798099512757,8.33091687811462,10.2070143201775,7.4757334309664,1,1,1,9.07146236255662,3,4.4594316186373,7.8703647195834,1,1,4.8073549220576,5.32192809488736,1,8.22881869049588,8.6724253419715,3.32192809488736,1,8.78135971352466,1,7.61470984411521,2.58496250072116,2.58496250072116,2,7.79441586635011,7.78135971352466,6.83289001416474,4.32192809488736,11.0808175276083,10.9008668079807,8.98299357469431,8.05528243550119,3.58496250072116,10.2597432636908,11.2082343583398,6.85798099512757,6.78135971352466,7.83289001416474,10.7548875021635,7.33985000288462,9.24792751344359,2,4.4594316186373,3.8073549220576,9.37068740680722,4.32192809488736,8.05528243550119,5.90689059560852,1,2,1,6.97727992349992,9.26209484537018,9.26209484537018,2,7.33985000288462,8.84549005094437,9.43045255166553,1,13.1059085085712,5.4594316186373,6.97727992349992,4,8.33985000288462,"0"
"TCGA.96.8170.01A",7.82017896241519,3.58496250072116,2,11.5343028824546,10.667111542075,11.7389366816761,5.90689059560852,16.1774584702964,8.99435343685886,4.16992500144231,1,11.0443941193585,2.58496250072116,8.51569983828404,13.0768155970508,12.9893944998447,1,7.18982455888002,1,4,6.20945336562895,6.90689059560852,5.58496250072116,6.20945336562895,4.90689059560852,5.64385618977472,9.90689059560852,10.5622424242211,11.240791332162,5.24792751344359,7.58496250072116,6.97727992349992,8.16992500144231,8.467605550083,14.8211760562699,2,5.16992500144231,5.39231742277876,15.7468816661484,7.37503943134692,5.58496250072116,6.08746284125034,10.9657842846621,3.32192809488736,6.12928301694497,12.99116750614,5.24792751344359,6.75488750216347,1,6.75488750216347,5.16992500144231,1,9.14465824283188,5,1,1,4.4594316186373,4,5.4594316186373,2,7.55458885167764,7.02236781302845,3.8073549220576,14.604900657146,7.85798099512757,5.52356195605701,1,5.64385618977472,3.8073549220576,3.32192809488736,4.32192809488736,2.58496250072116,1,2.58496250072116,1,8.25738784269265,8.19967234483637,3.32192809488736,8,1,2.58496250072116,12.1421070573025,4,5.32192809488736,9.4757334309664,1,1,4,5.4594316186373,1,4.4594316186373,9.09803208296053,1,1,9.7515440590891,1,5.08746284125034,2,3.8073549220576,4.58496250072116,9.03342300153745,15.0102658374342,4,6,13.8984124416842,12.0230612497353,10.047123912114,9.94544383637791,5.75488750216347,13.0261775968892,11.6220518194564,5.24792751344359,9.43045255166553,8.60733031374961,15.005010431073,6,10.2807707701306,6.04439411935845,2,1,12.3674147512468,2,5.16992500144231,4.8073549220576,1,1,1,9.17492568250068,10.5736471874933,9.24792751344359,1,10.2667865406949,3.58496250072116,8.4594316186373,4.32192809488736,14.0596824472476,8.19967234483637,6,4.58496250072116,6.08746284125034,"0"
"TCGA.66.2778.01A",7.4262647547021,4,1,9.76487159073609,10.3174126137649,11.6082548219779,3.32192809488736,15.0200250003701,10.3619437737352,5.58496250072116,4.90689059560852,10.2384047393251,1,8.68650052718322,12.5835529304665,11.8008998999203,1,7.28540221886225,15.4462433043099,8.44294349584873,3,5.64385618977472,5.90689059560852,6.70043971814109,6.35755200461808,5.24792751344359,9.36194377373524,6.04439411935845,11.4304525516655,2.58496250072116,7.65821148275179,6.32192809488736,10.0821490413539,7.28540221886225,16.5038257379958,3.32192809488736,1,1,12.0993478104032,6.70043971814109,2.58496250072116,6,8.83920378809694,4.32192809488736,3.32192809488736,12.579787329527,2,2.58496250072116,1,6.64385618977472,6.61470984411521,1,10.6829945836817,7.82017896241519,1,2.58496250072116,6.90689059560852,1,5.75488750216347,2.58496250072116,5.70043971814109,7.14974711950468,3.58496250072116,12.7915699121269,6.49185309632967,5.58496250072116,3.8073549220576,7.4757334309664,3,7.4262647547021,6.7279204545632,3.8073549220576,1,1,1,5.08746284125034,9.90689059560852,4.8073549220576,4.8073549220576,1,1,11.6375305515253,1,1,7,2,1,3.32192809488736,3,1,15.2233984147116,9.49185309632967,5.16992500144231,1,7.7279204545632,1,4.32192809488736,2.58496250072116,3.32192809488736,6.97727992349992,5.58496250072116,5.95419631038687,4.16992500144231,4.58496250072116,10.813781191217,9.93663793900257,8.4594316186373,7.4262647547021,2.58496250072116,11.9657842846621,10.7108064336994,2.58496250072116,8.33985000288462,6.83289001416474,12.3917806060132,7.78135971352466,11.7780771295354,1,1,1,12.3880172853451,2,5.32192809488736,4.16992500144231,1,1,1,9.35314682549808,10.0741414627525,7.53915881110803,1,1,7.7279204545632,9.34872815423108,1,14.5290644653201,5.08746284125034,2.58496250072116,2,1,"0"
"TCGA.66.2788.01A",5.85798099512757,8.65105169117893,3.8073549220576,12.7793089739599,8.4594316186373,13.111787735801,5.39231742277876,15.5282098966227,8.44294349584873,6.32192809488736,3,10.6257088430645,1,11.9978851278291,14.2114320582988,12.0821490413539,1,8.14974711950468,10.9277779620823,8.876516946565,5.85798099512757,5.32192809488736,5.24792751344359,7.59991284218713,9.89481776330794,5,7.39231742277876,8.5077946401987,11.1150436501617,4.58496250072116,9.48381577726426,6.78135971352466,10.2021238238305,9.24792751344359,14.2038068024878,1,2,1,14.5762481298433,8.49185309632967,9.81698362325538,9.56605403817109,9.876516946565,4.4594316186373,5.70043971814109,15.9862420373177,2.58496250072116,2.58496250072116,4.8073549220576,7.35755200461808,7.37503943134692,1,7.58496250072116,7.90689059560852,1,2,5.52356195605701,6.08746284125034,7.58496250072116,3.32192809488736,4.4594316186373,5.95419631038687,2,9.64024493622235,3.32192809488736,6.16992500144231,4.70043971814109,6.78135971352466,3.8073549220576,7.49185309632967,7.3037807481771,1,1,4.16992500144231,2,8.56224242422107,8.44294349584873,9.18487534290828,2.58496250072116,4,1,11.0084286220706,1,6.49185309632967,9.04439411935845,1,1,4.58496250072116,4.8073549220576,3,10.7448338374995,9.70390357344466,4,2.58496250072116,9.49585502688717,1,4.8073549220576,2.58496250072116,2.58496250072116,8.4093909361377,9.13442632022093,13.6579882762779,8.07681559705083,6.32192809488736,13.0017600283272,12.0794847838268,10.4157417682901,7.91886323727459,8.53915881110803,8.59991284218713,11.5478585060584,5.39231742277876,8.05528243550119,6,11.2946207488916,5.85798099512757,10.8564255286255,5.16992500144231,3.32192809488736,1,11.5736471874933,1,8.59991284218713,4.90689059560852,3.8073549220576,3.32192809488736,3,2,9.7714894695006,10.211888294546,5.90689059560852,8.53138146051631,7.37503943134692,7.89481776330794,6.55458885167764,12.7640422173066,6.61470984411521,8.03342300153745,2,1,"0"
"TCGA.66.2783.01A",5.4594316186373,2.58496250072116,1,12.4189067312579,7.53915881110803,11.3912435894274,6.16992500144231,13.6314044487285,8.69348695749932,8.4757334309664,1,9.70043971814109,1,14.7552005530578,14.1270270430046,10.8595347863827,1,7.55458885167764,3.58496250072116,3.58496250072116,2,7.18982455888002,6.85798099512757,8.3037807481771,8.17990909001493,6.24792751344359,7.24792751344359,8.71424551766612,11.3987436919382,6.39231742277876,8.03342300153745,3,8.876516946565,8.05528243550119,10.9366379390026,1,1,1,11.7448338374995,1,2,8.18982455888002,9.94544383637791,3.8073549220576,3.32192809488736,12.7342862320963,6.4262647547021,1,1,14.4942305812146,5.70043971814109,1,11.3880172853451,3.58496250072116,2,3,2.58496250072116,1,8.91886323727459,4.16992500144231,3,3.8073549220576,2.58496250072116,10.5333297323058,5.08746284125034,4.4594316186373,8.82017896241519,7.89481776330794,4.16992500144231,1,1,3,1,1,2,8.53915881110803,8.96000193206808,3.8073549220576,4.16992500144231,3.32192809488736,2,11.4136279290242,2.58496250072116,3.8073549220576,9.93663793900257,1,1,4.58496250072116,7.4262647547021,1,2.58496250072116,8.49984588708321,1,1,8.44294349584873,1,4.8073549220576,1,1,4.70043971814109,8.6582114827518,3.58496250072116,4.16992500144231,4,10.5488219084588,10.7681843247769,9.45121111183233,7.83289001416474,2.58496250072116,7.59991284218713,11.4304525516655,3.58496250072116,7.52356195605701,3.32192809488736,10.7056323873614,4.32192809488736,9.11894107272351,4.58496250072116,3.32192809488736,2,11.7673568541257,2,8.4178525148859,1,2,2,1,3,9.37937836707126,8.74819284958946,2,4.70043971814109,5.85798099512757,5.90689059560852,4.70043971814109,11.9872640120725,4.8073549220576,3,2,1,"0"
"TCGA.66.2777.01A",9.17990909001493,10.1472049249422,6.08746284125034,12.6479080742818,9.56605403817109,12.1006623390052,3.8073549220576,16.2308460552402,7.79441586635011,8.04439411935845,2,12.7727269492398,3.32192809488736,12.3476213685681,15.2926092227643,12.8415643477306,1,8.44294349584873,13.1250905393033,6.85798099512757,5.95419631038687,6.08746284125034,6.70043971814109,9.83289001416474,9.79766152585376,1,9.5274770060604,8.84549005094437,11.7657004876511,2,7.74146698640115,5,9.33539035469392,9.51963625284321,13.6790401863931,1,4,4.16992500144231,13.9501913499727,12.0140204703149,5.64385618977472,8.13955135239879,9.04439411935845,5.32192809488736,7.56985560833095,14.0425143861402,5.08746284125034,6.16992500144231,4.58496250072116,6.55458885167764,4.70043971814109,6.04439411935845,5.75488750216347,7.08746284125034,1,4.32192809488736,7.4262647547021,1,7.76818432477693,2.58496250072116,6.55458885167764,6.90689059560852,5.39231742277876,14.2085392067384,2,4.70043971814109,11.4304525516655,7.53915881110803,2.58496250072116,1,1,1,1,4.58496250072116,2,8.67948009950545,10.3219280948874,8.25738784269265,3,4.8073549220576,3,9.98299357469431,2,3.58496250072116,8.68650052718322,2,2,3.32192809488736,3.58496250072116,5.39231742277876,12.6577650352654,9.77478705960117,5.70043971814109,2.58496250072116,9.77478705960117,1,4.32192809488736,1,2.58496250072116,8.02236781302845,7.8073549220576,12.6054795180617,9.14465824283188,6.64385618977472,13.732591435965,11.6284455401372,10.4938554492408,8.36632221424582,2,12.4828079567267,11.4797802640291,2.58496250072116,8.6724253419715,6.58496250072116,11.4584066132365,7.28540221886225,10.0794847838268,6.24792751344359,3.8073549220576,4,9.2045711442492,5.8073549220576,12.6361714416359,5.85798099512757,3.32192809488736,3.58496250072116,2.58496250072116,8.51569983828404,9.49585502688717,8.88264304936184,3.32192809488736,6.97727992349992,8.70043971814109,8.31288295528435,7.3037807481771,14.8909292228953,7.06608919045777,12.9897492754621,1,1,"0"
"TCGA.77.A5GH.01A",4.4594316186373,4.8073549220576,1,9.30833903013941,6.20945336562895,10.1163439612375,5.24792751344359,10.9483672315847,4.16992500144231,3.58496250072116,1,9.51963625284321,1,8.92481250360578,11.3309168781146,9.51175265376738,2,7.39231742277876,11.0498485494506,2,4,3.8073549220576,3.58496250072116,4.58496250072116,3.58496250072116,1,5.32192809488736,1,8.70735913208088,5.39231742277876,6.32192809488736,3.32192809488736,7.4093909361377,7,5.08746284125034,1,3.58496250072116,2,5.85798099512757,3.58496250072116,4.4594316186373,7.90689059560852,6.16992500144231,2.58496250072116,2,12.5313814605163,1,1,3,11.5933911227917,4.4594316186373,1,7.4757334309664,6.75488750216347,1,2.58496250072116,7.95419631038687,1,6.70043971814109,2,5.24792751344359,1,2,13.2106713437856,2,5.52356195605701,1,5.16992500144231,1,2,2,1,1,1,1,3.8073549220576,8.37503943134692,2.58496250072116,4.4594316186373,1,1,9.18982455888002,2.58496250072116,5.85798099512757,9.02236781302845,1,1,2,2.58496250072116,1,10.8344710499842,6.04439411935845,1,2,6.85798099512757,1,5.16992500144231,1,3.58496250072116,6,1,4,11.0768155970508,2.58496250072116,7.88264304936184,9.12928301694497,8.98868468677217,10.581200581925,4.32192809488736,8.07681559705083,10.7992816215219,2,4.90689059560852,7.16992500144231,11.1357092861044,2,8.5077946401987,3.32192809488736,2,2,6.4262647547021,1,5.8073549220576,1,1,2,1,2.58496250072116,8.59991284218713,5.52356195605701,1,1,2,8.49984588708321,3,10.3037807481771,4.16992500144231,3.32192809488736,7.53915881110803,5.95419631038687,"0"
"TCGA.37.A5EM.01A",3.58496250072116,10.4051414631363,2,12.5255208090951,7.33985000288462,11.5352753766208,5,7.5077946401987,5.32192809488736,4.4594316186373,2.58496250072116,10.0552824355012,2,11.4573808790725,13.2723381841586,11.3140167039014,1,8.03342300153745,12.2294196882304,4.58496250072116,6.28540221886225,3.58496250072116,3.8073549220576,5.32192809488736,8.16992500144231,3.58496250072116,8.02236781302845,9.07681559705083,11.4604558963096,5,9.64024493622235,1,8.28540221886225,9.46352437327118,14.7970535206298,1,1,2,10.5449644327892,13.1344263202209,4.70043971814109,8.28540221886225,7.18982455888002,6.78135971352466,7.04439411935845,15.3659122994708,2,5.75488750216347,1,13.4499224158638,7.16992500144231,1,3,6.52356195605701,1,2,4.32192809488736,1,10.631177055704,5.64385618977472,6,4.4594316186373,3.8073549220576,11.4787696194758,3.58496250072116,7.06608919045777,1,5,3,9.28540221886225,1,1,3,2.58496250072116,2.58496250072116,4.32192809488736,7,8.31288295528435,7.61470984411521,2.58496250072116,3,10.8486229404293,2,5.08746284125034,10.5430318202552,2.58496250072116,1,3.58496250072116,6.85798099512757,2,11.951284714967,7.35755200461808,3,1,9.62205181945638,1,7.83289001416474,1,4.8073549220576,9.16490692667569,7.5077946401987,15.4571884727008,8.25738784269265,4.70043971814109,13.2594490462857,11.3890935219045,10,6.04439411935845,1,8.38370429247405,11.2877123795494,6.61470984411521,5.24792751344359,3,5.4594316186373,1,10.3553510964248,5.4594316186373,3,1,9.46352437327118,1,11.468624042918,3.32192809488736,4.90689059560852,2,1,1,10.1674181458317,9.80413102118332,1,9.51963625284321,6.8073549220576,7.58496250072116,9.35314682549808,12.1318569606088,6.24792751344359,10.8217739819706,1,9.11894107272351,"0"
"TCGA.85.8350.01A",6.7279204545632,7.8073549220576,3,10.2455527062557,8.88874324889826,13.0871313015405,6.12928301694497,14.2913146162296,10.0028150156071,3.8073549220576,1,11.7397806097733,1,8.6724253419715,12.9095181142966,12.0098286173681,2,7.2667865406949,2.58496250072116,10.7448338374995,6,6.93073733756289,5.8073549220576,9.3037807481771,7.52356195605701,5.95419631038687,9.74819284958946,10.0953970227926,11.0927571409199,5.58496250072116,9.26209484537018,6.16992500144231,9.61838550225861,10.631177055704,10.6202198255075,1,2,4.16992500144231,11.8734441125154,6.70043971814109,4.90689059560852,5.58496250072116,8.94836723158468,5.4594316186373,6.24792751344359,14.4320198468125,4.8073549220576,7.37503943134692,1,12.5859014496908,7.44294349584873,1,8.85798099512757,8.06608919045777,2,3,6.61470984411521,1,7.3037807481771,4.90689059560852,5.85798099512757,6.85798099512757,4.58496250072116,13.2482240896685,4.58496250072116,6.24792751344359,3.32192809488736,7.33985000288462,4,7.91886323727459,1,3.32192809488736,1,1,2,9.13442632022093,9.19475685442225,5.58496250072116,5.90689059560852,2,2,11.2288186904959,1,6.39231742277876,11.5410966153495,3.32192809488736,1,6.04439411935845,6.24792751344359,1,1,7.10852445677817,4.70043971814109,3.32192809488736,9.78463484555752,1,7.08746284125034,5.64385618977472,5.4594316186373,8.75488750216347,7.24792751344359,9.81378119121704,7.55458885167764,4.58496250072116,9.93663793900257,12.2149261879424,9.91587937883577,9.22881869049588,4.8073549220576,13.1526017440192,11.2106713437856,7.2667865406949,10.6882503091332,6.83289001416474,11.9922302649659,3.58496250072116,9.05528243550119,6.93073733756289,3.58496250072116,1,12.6366246205436,3.32192809488736,6.97727992349992,4,1,1,5,7.02236781302845,9.38370429247405,8.4178525148859,1,6.49185309632967,7.4594316186373,9.33091687811462,10.2737955992143,13.7714894695006,9.10852445677817,9.08746284125034,5.90689059560852,7.08746284125034,"0"
"TCGA.43.3920.01A",4.70043971814109,9.05528243550119,2,10.2714630279044,8.53915881110803,11.8025163651212,6.12928301694497,12.6298119443822,9.80413102118332,5.08746284125034,1,8.98868468677217,2,9.86418614465428,13.4361909954814,10.6917435191713,1,7.44294349584873,11.9729797860663,8.467605550083,6.6724253419715,3.8073549220576,6.28540221886225,6.08746284125034,6.20945336562895,5.52356195605701,7.71424551766612,6.28540221886225,11.5294305541462,5.16992500144231,8.74146698640115,7.76818432477693,8.6724253419715,10.4408691676109,12.8595347863827,4,1,1,10.8249587405285,8.58496250072116,7.37503943134692,9.74483383749955,9.19967234483636,4,4.70043971814109,16.443202577297,7.18982455888002,1,1,7.2667865406949,8.25738784269265,1,6.39231742277876,7.32192809488736,5,2.58496250072116,6.20945336562895,2.58496250072116,6.32192809488736,4,4.70043971814109,4.90689059560852,3.32192809488736,8.22881869049588,9.05528243550119,6.8073549220576,3,6.70043971814109,4.70043971814109,5.85798099512757,6.08746284125034,3.58496250072116,1,1,2,9.14974711950468,8.03342300153745,7.4093909361377,1,2.58496250072116,3.32192809488736,9.33985000288462,1,8.89481776330794,8.97727992349992,1,3,5,5.70043971814109,1,12.1446582428319,9.2045711442492,9.49984588708321,7.55458885167764,8.05528243550119,2,4.70043971814109,2,3.58496250072116,10.1059085085712,4.8073549220576,9.37937836707126,3.8073549220576,4.8073549220576,12.2137117981057,9.82336724004623,8.97727992349992,6.39231742277876,4.32192809488736,8.90689059560852,12.8910241901495,8.58496250072116,8.08746284125034,6.85798099512757,11.2842457498297,3.58496250072116,9.95128471496697,3.58496250072116,3.32192809488736,2.58496250072116,12.5003439692704,1,11.7047682393626,4,2.58496250072116,3,2,3.32192809488736,10.4093909361377,10.4998458870832,1,8.13955135239879,8.48381577726426,10.981567281903,5.24792751344359,11.4747199465265,6.52356195605701,6.97727992349992,4,8.53915881110803,"0"
"TCGA.85.8582.01A",3.58496250072116,3.58496250072116,1,12.8872206154684,6.88264304936184,13.6823362697114,5,11.1111356702347,8.2667865406949,4.70043971814109,1,10.4178525148859,1,8.33091687811462,12.0209799389042,10.843921051289,2,7.28540221886225,11.3652288492515,4.32192809488736,5.95419631038687,3.58496250072116,3.32192809488736,6.49185309632967,8.64385618977472,3.8073549220576,7.06608919045777,7.12928301694497,9.90989308377004,4,9.0389189892923,4.8073549220576,13.0182001788132,10.0361736125535,12.5703301010308,1,1,1,13.8299208938723,8.64385618977472,7.8073549220576,8.04439411935845,8.28540221886225,3.58496250072116,4.4594316186373,16.0464845802096,1,1,1,5.8073549220576,5.52356195605701,1,7.6724253419715,8.23840473932508,1,3.8073549220576,2.58496250072116,5.95419631038687,4.16992500144231,2.58496250072116,4.90689059560852,5.4594316186373,2,8.4594316186373,5,2,2,6.39231742277876,3.58496250072116,6.75488750216347,5.24792751344359,1,1,3.58496250072116,1,5.75488750216347,11.1799090900149,3,8.15987133677839,2.58496250072116,1,10.7598881832218,1,3.58496250072116,10.1996723448364,2.58496250072116,2,4,4.8073549220576,1,11.1279943209764,8.98868468677217,6.12928301694497,5.64385618977472,9.14465824283188,3.32192809488736,4.8073549220576,1,4.58496250072116,3.58496250072116,4.70043971814109,11.1045987535644,4.16992500144231,4.16992500144231,9.48784003382305,11.2772874001304,9.13955135239879,7.78135971352466,6.49185309632967,7.8703647195834,11.3174126137649,7.49185309632967,8.83920378809694,8.96000193206808,11.2240016741981,1,8.53915881110803,5.16992500144231,1,2.58496250072116,11.3353903546939,1,6.83289001416474,4.4594316186373,2,3,1,2,8.91288933622996,9.2807707701306,1,4.8073549220576,6.12928301694497,7.64385618977472,6.8073549220576,12.0728025345442,3.8073549220576,7.70043971814109,3.32192809488736,1,"0"
"TCGA.56.8307.01A",5.08746284125034,8.33985000288462,4.16992500144231,12.7481928495895,6.7279204545632,8.64385618977472,3.8073549220576,9.87958324961278,5.4594316186373,5.39231742277876,1,14.8049376720519,2,10.5097750043269,12.2767060198924,12.2288186904959,1,5.58496250072116,3.32192809488736,10.4838157772643,2.58496250072116,6.90689059560852,2.58496250072116,3.8073549220576,6.28540221886225,5.32192809488736,7.52356195605701,9.59991284218713,11.1446582428319,6.7279204545632,6.04439411935845,7.22881869049588,8.03342300153745,6.70043971814109,5.95419631038687,1,2.58496250072116,1,6.16992500144231,3.32192809488736,3.58496250072116,5.16992500144231,7.28540221886225,3.58496250072116,5.85798099512757,12.4599438483749,1,8.43462822763673,4.8073549220576,10.8201789624152,9.31741261376487,1,9.52356195605701,6.24792751344359,1,2,11.0084286220706,1,9.27146302790437,3.8073549220576,11.3376219019925,1,2,14.4031452056698,1,5.4594316186373,4.70043971814109,5.08746284125034,4,7.65821148275179,1,1,1,1,6.95419631038687,5.39231742277876,6.61470984411521,3.32192809488736,1,1,4.16992500144231,11.1548181090521,2.58496250072116,6.90689059560852,9.10328780841202,1,1,5.70043971814109,5.39231742277876,1,2.58496250072116,6.90689059560852,2,1,7.74146698640115,3.32192809488736,8.79441586635011,4,5.32192809488736,5.58496250072116,4.16992500144231,6.04439411935845,6.97727992349992,2.58496250072116,11.3094763538411,10.4220647661728,9.43879185257826,9.4797802640291,5.08746284125034,9.74146698640115,11.642051692928,5.85798099512757,5.16992500144231,3,7.98868468677217,3,10.1649069266757,3,2.58496250072116,1,11.1611318829843,8.01122725542325,5.90689059560852,1,2.58496250072116,1,6.08746284125034,3.32192809488736,9.93957921431469,8.33985000288462,1,1,2,10.843921051289,3.8073549220576,10.3901689562002,5.70043971814109,1,11.3890935219045,8.37503943134692,"0"
"TCGA.56.5898.01A",8.21916852046216,8.44294349584873,4.16992500144231,12.951284714967,9.7515440590891,13.9525592610568,5.16992500144231,16.5241131523521,8.6582114827518,6.4594316186373,1,11.4325419003883,1,12.4619909505856,14.7312129466071,12.9458095849008,2,7.84549005094437,9.12928301694497,6.16992500144231,3.32192809488736,8.23840473932508,4.16992500144231,11.1331422124006,9.32192809488736,4.90689059560852,9.55842071326866,11.1861142395416,10.5352753766208,5.4594316186373,7.16992500144231,5.95419631038687,10.3923174227788,8.95419631038687,13.0791514054219,1,1,5.4594316186373,10.8811139606751,7.74146698640115,5.32192809488736,8.77478705960117,7.39231742277876,6.88264304936184,3,13.9316608988523,4.70043971814109,2,2.58496250072116,12.4413880293467,7.44294349584873,1,6.75488750216347,4.90689059560852,1,3.32192809488736,3.8073549220576,2,5.58496250072116,5.39231742277876,7.32192809488736,4.4594316186373,3.8073549220576,14.9812104882717,3.58496250072116,4,8.82017896241519,7.20945336562895,3.32192809488736,4.16992500144231,1,2.58496250072116,1,4.16992500144231,2,7.90689059560852,9.07146236255662,8.8008998999203,6.8073549220576,3,2,11.8963324039099,3.32192809488736,5.08746284125034,10.2070143201775,2,1,4.32192809488736,6.08746284125034,4.90689059560852,13.0010562746348,8.33985000288462,1,1,9.82972273508606,4,4.90689059560852,1,2.58496250072116,9.53915881110803,5.95419631038687,12.6693280043959,5.16992500144231,4.70043971814109,11.9091430473399,12.1649069266757,10.3597495603223,8.6582114827518,3,12.9989429514431,11.4439795426013,7.37503943134692,9.77478705960117,6.28540221886225,11.981567281903,6.4262647547021,9.12412131182919,5.8073549220576,3.8073549220576,3,12.0202855008446,7.7279204545632,12.0402897210257,8.02236781302845,1,1,2.58496250072116,9.2336196767597,9.08746284125034,9.93369065495223,1,9.81698362325538,8.21916852046216,5.8073549220576,6.28540221886225,14.9022808915137,7.78135971352466,10.2312211807112,4.4594316186373,7.28540221886225,"0"
"TCGA.77.7141.01A",3.32192809488736,10.9277779620823,3,14.7073591320809,9.53138146051631,12.7850437147797,6.93073733756289,11.5323559252888,11.3542493819452,7.8073549220576,2,13.3968723185106,4.58496250072116,14.631177055704,16.1503819688178,11.3420746679991,1,7.5077946401987,3.58496250072116,8.467605550083,4,7.39231742277876,6.70043971814109,8.08746284125034,10.1848753429083,5.8073549220576,8.95419631038687,12.8595347863827,11.4958550268872,6.4594316186373,8.91886323727459,4.70043971814109,9.39231742277876,8.5077946401987,9.96866679319521,2.58496250072116,5.32192809488736,1,11.2632692003727,4.58496250072116,4.70043971814109,10.4429434958487,10.3219280948874,6,5.90689059560852,12.1774195379892,6.04439411935845,1,1,5.64385618977472,6.20945336562895,2.58496250072116,6.83289001416474,6.58496250072116,1,3.32192809488736,6.52356195605701,2,8.22881869049588,6,5.64385618977472,6.04439411935845,4,12.4777582664439,6.16992500144231,4.58496250072116,11.7064960180612,5.32192809488736,3.58496250072116,2,1,3.32192809488736,1,1,2,9.66177809777199,9.4594316186373,5.08746284125034,4.4594316186373,3.8073549220576,8.4757334309664,11.467605550083,4.16992500144231,4,9.49984588708321,1,1,6.55458885167764,6.08746284125034,4,4.32192809488736,7.8073549220576,2.58496250072116,1,10.4115109880121,2,7.91886323727459,1,4.16992500144231,10.4115109880121,8.53138146051631,9.4594316186373,11.5449644327892,4.58496250072116,10.951284714967,11.8703647195834,10.3880172853451,6.04439411935845,3.58496250072116,7.85798099512757,12.0512089409148,7.16992500144231,11.0347989625773,8.74819284958946,12.6960981709559,1,10.791162888555,6.64385618977472,3,4.58496250072116,13.4138923283726,7.76818432477693,13.047123912114,8.15987133677839,2.58496250072116,4.90689059560852,2.58496250072116,2,10.9203528554151,10.7797193551434,1,5.58496250072116,4,7.85798099512757,11.5333297323058,13.7402023887679,8.71424551766612,11.1267044728432,2,7.74146698640115,"0"
"TCGA.56.7221.01A",7.49185309632967,4.70043971814109,7.5077946401987,12.5430318202552,8.68650052718322,12.3331553503106,8.4178525148859,15.1929862511776,10.6110247973074,5.32192809488736,12.800090987625,12.9840623696864,7.22881869049588,13.5802585674998,16.5521287060661,11.5274770060604,1,7.56985560833095,13.4998458870832,10.1972166931101,4,7.2667865406949,9.30833903013941,10.0443941193585,6.28540221886225,4.4594316186373,6.55458885167764,9.4757334309664,11.2045711442492,6.4262647547021,9.89784545600551,6,11.753216749179,7.3037807481771,15.0020238474814,1,1,1,12.4908508767403,11.7364019313183,8.44294349584873,7.04439411935845,7.02236781302845,5,6.04439411935845,12.518161355757,11.1369911120802,2.58496250072116,4.16992500144231,10.2094533656289,7.55458885167764,2.58496250072116,7.88264304936184,6.58496250072116,1,1,6.16992500144231,1,6.61470984411521,4,6.24792751344359,10.1848753429083,4,13.0748104611605,3.32192809488736,7.56985560833095,1,5.70043971814109,7.35755200461808,7.70043971814109,2.58496250072116,3.58496250072116,1,2,2,4.70043971814109,7.28540221886225,11.5603328342124,6.88264304936184,2,3,10.2737955992143,4.4594316186373,4.90689059560852,8.44294349584873,2,2.58496250072116,3,2.58496250072116,2.58496250072116,13.2508905357233,6.4594316186373,8.04439411935845,8.86418614465428,7.65821148275179,1,4,8.23840473932508,3.8073549220576,10.0389189892923,9.44708322620965,11.6156296369681,5.39231742277876,2.58496250072116,9.03342300153745,9.16490692667569,8.27612440527424,8.5077946401987,4.4594316186373,9.9915218460757,12.8352609186275,4.16992500144231,9.80413102118332,8.13955135239879,11.283088353024,4.90689059560852,10.7714894695006,3.8073549220576,2,4,6.16992500144231,3.58496250072116,8.99435343685886,9,1,6.4262647547021,8.97727992349992,5.8073549220576,10.0334230015375,8.35755200461808,1,11.5584207132687,9.1548181090521,8.36632221424582,2.58496250072116,12.8684367558582,7.33985000288462,8.08746284125034,3.8073549220576,3.8073549220576,"0"
"TCGA.18.3421.01A",7,3.32192809488736,1,10.7397806097733,8.05528243550119,9.43462822763673,4.58496250072116,14.4416473902536,10.8548683832602,5.24792751344359,1,7.35755200461808,1,10.7397806097733,13.4317587491662,11.3264294871223,1,7.4262647547021,2.58496250072116,3.32192809488736,3.58496250072116,3.32192809488736,4.90689059560852,4.4594316186373,6.88264304936184,4.70043971814109,8.28540221886225,10.6510516911789,12.7047682393626,3.32192809488736,10.4594316186373,5.70043971814109,8.82654848729091,7.4757334309664,12.111787735801,1,4.32192809488736,2.58496250072116,13.3923174227788,6.04439411935845,2,8.82017896241519,7.8073549220576,3.8073549220576,6.4594316186373,12.7813597135247,1,1,1,13.9618114080872,1,1,3,3.8073549220576,2,3.8073549220576,2,3.58496250072116,6.97727992349992,5.4594316186373,3,2,2,10.967226258836,12.0237543532994,1,4.70043971814109,5.08746284125034,3.32192809488736,2,1,4.8073549220576,1,1,1,3.8073549220576,8.19967234483637,6.95419631038687,3.32192809488736,1,1,10.0056245491939,3,2.58496250072116,7.68650052718322,1,1,3,1,2,2,8.21916852046216,1,1,7.84549005094437,1,6.85798099512757,1,2,8.36632221424582,8.68650052718322,11.0566377151132,9.10328780841202,3.8073549220576,10.9068905956085,10.4777582664439,8.60733031374961,6.35755200461808,1,8.72109918870719,11.2227949028681,6.16992500144231,6.4594316186373,7.4594316186373,11.0014081943928,6.32192809488736,11.5401280385821,2,1,3.8073549220576,12.2644426002266,1,5.8073549220576,2,3.32192809488736,1,1,8.16992500144231,9.55458885167764,8.68650052718322,2,3.8073549220576,7.65821148275179,5.75488750216347,3.32192809488736,13.2252074369435,5.95419631038687,6.35755200461808,7,3.32192809488736,"0"
"TCGA.66.2742.01A",7.12928301694497,8.48381577726426,1,9.01122725542325,9.68299458368168,14.1510165388922,5.64385618977472,14.8953859398985,10.0901124196643,6.49185309632967,1,11.5660540381711,1,11.3376219019925,14.5160693337505,12.0774833568595,3.58496250072116,7.22881869049588,8.33091687811462,3,1,5,4.8073549220576,5.95419631038687,6.12928301694497,6.97727992349992,8.61470984411521,6.8073549220576,11.0848083878044,4.8073549220576,10.7944158663501,8.3037807481771,9.37068740680722,7.75488750216347,10.6724253419715,1,1,2,12.612868497291,6.75488750216347,3.58496250072116,8.02236781302845,8.4594316186373,4.8073549220576,4.4594316186373,14.199058823653,1,2,3.8073549220576,5.52356195605701,3,1,7.88264304936184,6.6724253419715,1,2.58496250072116,1,1,7.84549005094437,3.58496250072116,6.28540221886225,6.08746284125034,3.32192809488736,11.8734441125154,2,3,1,6.20945336562895,3.32192809488736,3,1,2.58496250072116,1,1,1,3.58496250072116,9.00562454919388,3.58496250072116,5.4594316186373,2.58496250072116,1,11.654636028528,1,5,9.86418614465428,2.58496250072116,1,4.58496250072116,4.70043971814109,2,2.58496250072116,8.82017896241519,1,1,9.38370429247405,5.8073549220576,5.39231742277876,2.58496250072116,2.58496250072116,4.32192809488736,4.58496250072116,5.39231742277876,9.66177809777199,4.58496250072116,11.4898479604393,11.2911706993219,9.65463602852797,8.83289001416474,2,11.6724253419715,11.5727002264873,2,7.5077946401987,5.70043971814109,11.8233672400462,5.70043971814109,10.9203528554151,5,1,2.58496250072116,12.1667907507182,1,10.7944158663501,5.32192809488736,3.58496250072116,3,1,7.91886323727459,10.0498485494506,8.96578428466209,1,2,8.49984588708321,6.35755200461808,4.4594316186373,14.0630579636235,5.32192809488736,8.11894107272351,1,5.58496250072116,"0"
"TCGA.21.5784.01A",8.28540221886225,4.16992500144231,2,11.243173983473,10.2143191208008,12.8944388545623,6.39231742277876,15.7309477014296,9.82336724004623,5.85798099512757,2,11.3420746679991,1,7.4757334309664,12.9520131648895,12.3880172853451,2.58496250072116,7.5077946401987,4.16992500144231,1,4.16992500144231,8.82654848729091,4,6,3,4.32192809488736,10.7515440590891,10.4918530963297,10.0741414627525,6.7279204545632,6.93073733756289,5.85798099512757,9.25266543245025,8.19967234483637,14.6885781571157,1,4.58496250072116,3,16.3623548174839,6.64385618977472,5,7.59991284218713,11.5924570372681,6.16992500144231,4.4594316186373,12.6640027628865,2,1,1,12.0347989625773,3,1,9.31741261376487,5.95419631038687,1,4,3.58496250072116,1,4,2,6.97727992349992,3,5.4594316186373,13.8572034715082,7.83289001416474,3.32192809488736,1,7.49185309632967,4,4.4594316186373,1,2.58496250072116,1,1,4.32192809488736,4,10.7397806097733,7.33985000288462,7.83289001416474,2,1,11.2300204357056,3,6.08746284125034,6.7279204545632,1,3,3.32192809488736,7.33985000288462,1,4,8.36632221424582,1,1,10.1922928144708,1,5.24792751344359,1,3,7.7279204545632,7.24792751344359,7.65821148275179,4.32192809488736,7.58496250072116,11.8177831217745,12.3398500028846,10.3923174227788,8.20945336562895,1,13.1414685553931,12.65999589243,7.59991284218713,12.5971214287896,5.32192809488736,13.4506957715729,6.12928301694497,9.05528243550119,4.4594316186373,1,2,12.9322147519684,2.58496250072116,11.2467405984931,3.32192809488736,1,2,1,9.16992500144231,7.8703647195834,10.5943246039248,2,6.95419631038687,5.58496250072116,10.2737955992143,4.4594316186373,15.3742923608136,8.03342300153745,7.39231742277876,2.58496250072116,5.32192809488736,"0"
"TCGA.34.5928.01A",5.85798099512757,8.79441586635011,2,12.2986354067342,9.04984854945056,14.0449063490961,7.4262647547021,13.7058483435089,9.46352437327118,3,3.32192809488736,11.7582232147267,1,9.12412131182919,13.4604558963096,12.8249587405285,3,7.78135971352466,7.55458885167764,5.4594316186373,1,4.90689059560852,6.95419631038687,4.8073549220576,10.1947568544222,1,7.7279204545632,10.0443941193585,11.8595347863827,6.20945336562895,10.7125270004398,3.32192809488736,10.1848753429083,10.632995197143,8.33985000288462,1,5.24792751344359,1,12.7321674256634,5.24792751344359,6.7279204545632,9.5077946401987,9.43879185257826,8.4093909361377,7.37503943134692,17.928622465392,3.32192809488736,1,1,12.6750749203854,6.88264304936184,1,6,7.65821148275179,1,2.58496250072116,4.4594316186373,2,3.58496250072116,5.52356195605701,6.32192809488736,3.32192809488736,2.58496250072116,12.468624042918,5.52356195605701,6.85798099512757,1,6.49185309632967,3.58496250072116,4.32192809488736,1,5.64385618977472,1,2,4.70043971814109,10.2714630279044,10.7193888209421,3.58496250072116,4.58496250072116,2,4.58496250072116,11.8297227350861,2.58496250072116,2.58496250072116,10.3663222142458,1,2.58496250072116,5,6.39231742277876,1,10.8703647195834,9.14974711950468,1,1,9.78463484555752,1,7.12928301694497,1,3.8073549220576,9.68650052718322,7.28540221886225,11.1421070573025,8.25738784269265,5.75488750216347,12.6397928932793,12.5117526537674,10.8811139606751,7.94251450533924,4.4594316186373,8.59991284218713,12.8726748802706,7.91886323727459,8.31288295528435,8.84549005094437,12.9932922414885,3,9.62205181945638,4.58496250072116,4,1,13.9552866455245,5.16992500144231,12.5013396180614,3.32192809488736,2.58496250072116,1,2,4,10.6635581042173,10.8376279331714,1,3.32192809488736,7.12928301694497,11.075479149488,12.0721326041672,13.1373113907009,7.84549005094437,9.3037807481771,3.8073549220576,8.79441586635011,"0"
"TCGA.63.7020.01A",7.75488750216347,3,3.32192809488736,11.8626373575588,9.88569637333939,13.3531468254981,5.39231742277876,15.2074719554045,8.49185309632967,5.58496250072116,1,11.5933911227917,2,10.0821490413539,12.9744145898055,11.7846348455575,1,6.6724253419715,8.96000193206808,8.77478705960117,2.58496250072116,6.70043971814109,5.32192809488736,7.39231742277876,9.35755200461808,5.8073549220576,8.01122725542325,10.4918530963297,10.5868397879618,5.70043971814109,8.93663793900257,5.70043971814109,7.97727992349992,8.08746284125034,8.66533591718518,1,2,1,13.2143191208008,3,3.32192809488736,7.55458885167764,8.7279204545632,4,3.8073549220576,13.1244444600086,1,2.58496250072116,1,11.1885888457073,4.4594316186373,1,8.02236781302845,6.8073549220576,1,1,4,2,5.4594316186373,1,6.55458885167764,7.22881869049588,2,13.0546043179607,2,4.4594316186373,6.4594316186373,6.24792751344359,3.32192809488736,1,1,1,1,1,1,6.64385618977472,8.27612440527424,5.16992500144231,5,2,1,11.6537407787066,4.58496250072116,4.70043971814109,9.36194377373524,1,2,4.90689059560852,5.08746284125034,1,8.4178525148859,7.76818432477693,2.58496250072116,1,8.28540221886225,1,2.58496250072116,1,2.58496250072116,3.8073549220576,7.4262647547021,8.49185309632967,8.12928301694497,4.16992500144231,11.5877775163282,11.0552824355012,9.87344411251538,8.6582114827518,7.18982455888002,10.3858624006415,10.8073549220576,4.90689059560852,8.84549005094437,5.24792751344359,11.4908508767403,5.64385618977472,10.3241805466187,5.52356195605701,2.58496250072116,3.32192809488736,11.3342732853072,1,6.49185309632967,3.32192809488736,1,3.32192809488736,2.58496250072116,5.52356195605701,9.19967234483636,9.10852445677817,1,4.4594316186373,6.7279204545632,7.22881869049588,4.32192809488736,13.3108967487977,7.58496250072116,7.61470984411521,1,2.58496250072116,"0"
"TCGA.33.4533.01A",3,9.73131903102506,1,11.5961897561444,8.467605550083,12.8645730817736,6.12928301694497,8.85174904141606,10.6952282914958,5.32192809488736,1,12.3168471836025,1,9.02790599656988,11.8360503550581,10.9425145053392,1,6.78135971352466,3.8073549220576,5.58496250072116,3,5.16992500144231,8.31288295528435,4.90689059560852,8.28540221886225,2,6.39231742277876,9.93663793900257,11.2969162068793,4.8073549220576,11.5206186805563,6.90689059560852,11.3912435894274,13.468624042918,9.31288295528435,1,9.83920378809694,2,7.89481776330794,4.16992500144231,1,9.85798099512757,6.75488750216347,3,7.62935662007961,16.0543075412787,4.70043971814109,1,1,13.8503822056522,1,1,7.2667865406949,5.58496250072116,7.28540221886225,2.58496250072116,4.8073549220576,4,5.8073549220576,10.9971794809376,3.58496250072116,4.8073549220576,2.58496250072116,10.471675214392,6.70043971814109,1,4.90689059560852,6.7279204545632,2,8.58496250072116,1,3.32192809488736,1,2,1,7.32192809488736,10.1344263202209,9.17990909001493,7.49185309632967,2.58496250072116,5.32192809488736,9.01680828768655,1,8.03342300153745,10.2384047393251,1,2.58496250072116,4.58496250072116,4.70043971814109,1,4.16992500144231,8.94836723158468,1,2,9.79116288855502,6.24792751344359,8.96000193206808,2,8.45121111183233,6.16992500144231,6.28540221886225,7.4262647547021,8.17990909001493,8.12928301694497,10.9527412471865,11.0126245388651,8.70043971814109,5,12.655083445198,8.88874324889826,13.0234078431402,8.91288933622996,9.75822321472672,9.72451385311995,11.4625022725973,1,11.0375469539622,3.8073549220576,2,1,12.4220647661728,3.8073549220576,14.2181091062749,4.4594316186373,3.8073549220576,4.4594316186373,2,2,10.4304525516655,11.4858293087019,1,4.16992500144231,9.94836723158468,11.5196362528432,11.5245417150358,13.3300765547975,9.32192809488736,7.64385618977472,3,11.237209960755,"0"
"TCGA.85.8479.01A",3.32192809488736,3.58496250072116,1,14.1275107630564,6.75488750216347,11.4314976042581,7.08746284125034,8.6582114827518,6.83289001416474,3.58496250072116,4.32192809488736,9.70043971814109,1,10.1823943534045,13.2576824807088,9.98868468677217,1,9.19475685442225,2,4,6.28540221886225,8,1,9.26209484537018,9.36632221424582,4.90689059560852,6.85798099512757,10.2384047393251,11.3630396302565,6.64385618977472,6.64385618977472,5,7.89481776330794,8.94251450533924,10.4512111118323,1,1,1,14.9729797860663,6.49185309632967,3,9.7515440590891,7.88264304936184,5.4594316186373,7.06608919045777,11.3162815317462,2,1,2.58496250072116,13.5087851620645,3.58496250072116,2,7.32192809488736,9.2336196767597,1,1,6.39231742277876,4.16992500144231,11.3174126137649,4.4594316186373,2,6.55458885167764,1,10.4512111118323,3.32192809488736,1,2,7.65821148275179,5.64385618977472,1,1,4.8073549220576,1,3.32192809488736,1,8.74146698640115,6.83289001416474,1,10.8517490414161,1,5.75488750216347,13.0539258815311,2.58496250072116,2.58496250072116,12.1472049249422,1,1,4.8073549220576,8.24792751344359,1,1,4.32192809488736,1,1,8,1,5.90689059560852,1,4.16992500144231,4.16992500144231,7.59991284218713,13.319107575825,1,3,7.84549005094437,10.4797802640291,7.53915881110803,6.70043971814109,3.58496250072116,10.3331553503106,10.8657332708518,8.40087943628219,6.7279204545632,6.24792751344359,6.4594316186373,2,9.5352753766208,5.52356195605701,3.32192809488736,3.58496250072116,10.1623913287569,1,12.3520434257954,5,5.52356195605701,1,4.32192809488736,1,9.71424551766612,6.78135971352466,1,3.58496250072116,8.4178525148859,8.27612440527424,10.4878400338231,12.1000052244227,3.58496250072116,4.58496250072116,3.58496250072116,6.64385618977472,"0"
"TCGA.34.5239.01A",5.24792751344359,5.95419631038687,3.32192809488736,13.2464437171173,8.4594316186373,12.6715410667119,6.58496250072116,12.1867332891289,4.70043971814109,5.90689059560852,2,15.6631133084558,1,8.74146698640115,13.393390457444,12.3613955331659,2.58496250072116,7.37503943134692,4,3,4,7.32192809488736,5.24792751344359,6.8073549220576,7.96578428466209,3.8073549220576,8.28540221886225,5.16992500144231,11.8494051009478,7.06608919045777,10.4178525148859,5.8073549220576,9.81378119121704,10.6635581042173,9.55458885167764,1,1,2.58496250072116,9.95128471496697,7.22881869049588,8.09803208296053,7.55458885167764,9.37503943134693,4,6.20945336562895,17.1788593341009,1,1,2,13.7151040092362,9.09803208296053,1,5.64385618977472,7.3037807481771,1,2,8.54689445988764,7.56985560833095,5.08746284125034,3,8.40087943628219,4.58496250072116,4.4594316186373,15.7761759729424,4.32192809488736,1,2,7.4093909361377,4.8073549220576,2.58496250072116,1,5.90689059560852,1,1,5.39231742277876,6.97727992349992,9.55458885167764,5.75488750216347,5.52356195605701,1,2,10.2094533656289,4.4594316186373,4.16992500144231,10.8610869059954,2,2,5.08746284125034,4.70043971814109,1,3.58496250072116,8.48381577726426,1,1,10.0874628412503,2,7.59991284218713,1,4.4594316186373,4.58496250072116,8.4093909361377,11.4948555844912,10.9158793788358,4.16992500144231,12.3597495603223,12.8229690904533,10.6564248632778,11.8856963733394,3.8073549220576,9.81698362325538,13.1774195379892,5.64385618977472,11.3106127816595,5.64385618977472,13.7544699952756,2,12.1817734388088,5.64385618977472,5.58496250072116,1,11.8864586957037,2,7.02236781302845,3.32192809488736,2,1,1,2,10.0416591516372,10.0084286220706,1,4.4594316186373,5.08746284125034,10.6934869574993,6.97727992349992,14.235864651082,8.40087943628219,4.32192809488736,10.515699838284,6.32192809488736,"0"
"TCGA.60.2713.01A",5.70043971814109,10.1649069266757,3.8073549220576,7.18982455888002,8.59991284218713,11.7473538294781,7.24792751344359,9.24317398347295,10.6238814900135,6.95419631038687,4.70043971814109,12.7198166030181,2,11.4136279290242,14.1371512602783,12.2324209271761,2,7.49185309632967,12.7698378436294,10.9336906549522,2,3,8.98868468677217,5.08746284125034,6.88264304936184,4.90689059560852,7.90689059560852,9.84235034341381,11.1510165388922,6.90689059560852,10.6688849842662,4.4594316186373,9.48784003382305,9.71424551766612,9.88569637333939,2.58496250072116,3.32192809488736,1,11.0525680508042,5.8073549220576,8.02236781302845,7.56985560833095,9.64745842645492,4.32192809488736,6.08746284125034,16.1672221141661,3,3.32192809488736,1,11.8556471660273,7.96578428466209,1,4,5.90689059560852,1,2.58496250072116,5.58496250072116,2,7.68650052718322,4.8073549220576,5.64385618977472,3,3.8073549220576,12.8241632097442,2,5.90689059560852,2,5.58496250072116,4.70043971814109,8.96000193206808,1,6.64385618977472,5.08746284125034,1,3,8.20945336562895,8.92481250360578,5.70043971814109,4,3.32192809488736,2,10.6054795180617,4.8073549220576,3.58496250072116,10.2455527062557,1,3.32192809488736,3.58496250072116,5.32192809488736,1,12.4309751725881,10.5924570372681,5.85798099512757,3.32192809488736,9.60733031374961,1,8.32192809488736,5.52356195605701,4.58496250072116,6,5.95419631038687,7.75488750216347,2.58496250072116,7.39231742277876,14.2804808103184,12.2473341780287,11.0279059965699,5.58496250072116,1,9.64024493622235,12.311748315005,7.62935662007961,6.83289001416474,8.92481250360578,10.1573469353628,2,10.4304525516655,4.70043971814109,1,1,9.56985560833095,3.8073549220576,11.0126245388651,3,3,2.58496250072116,7.06608919045777,1,10.1163439612375,10.3685064615077,1,5.24792751344359,9.61470984411521,6.32192809488736,4.4594316186373,12.5684311931675,6.24792751344359,11.7739633684336,4.4594316186373,10.3750394313469,"0"
"TCGA.63.A5MG.01A",6.04439411935845,1,1,8.37503943134692,8.09803208296053,12.5999128421871,7.95419631038687,13.6838718686226,9.36632221424582,5.16992500144231,1,10.2021238238305,1,9.24317398347295,12.129283016945,11.4072677642447,2,7.04439411935845,4.32192809488736,2,4.4594316186373,4.32192809488736,4.8073549220576,5.24792751344359,5.52356195605701,6.12928301694497,8.83289001416474,10.0389189892923,9,5.24792751344359,10.2992080183873,7.35755200461808,8.83920378809694,8.32192809488736,14.6848581769422,1,2,1,15.4496645384762,5.24792751344359,2.58496250072116,9.2667865406949,8.20945336562895,4.58496250072116,2,13.6447575925163,2,1,1,11.1111356702347,2.58496250072116,1,8.38370429247405,5.39231742277876,1,3,2.58496250072116,5.32192809488736,5.52356195605701,6.58496250072116,4.58496250072116,3,1,11.6411485974112,11.6266216523584,2.58496250072116,2,5.4594316186373,3.8073549220576,1,1,4.4594316186373,1,1,1,5.32192809488736,6.4262647547021,2,11.2360141919001,1,1,12.1692986957928,2.58496250072116,8.03342300153745,8.75488750216347,2,1,3.58496250072116,5.90689059560852,1,1,8.33091687811462,1,1,8.8008998999203,1,5.52356195605701,1,3.58496250072116,4,5.95419631038687,11.3162815317462,2.58496250072116,3.58496250072116,10.6847486204216,11.2106713437856,9.89481776330794,9.21431912080077,3,10.12153351734,11.1344263202209,4.4594316186373,6.75488750216347,5.32192809488736,11.1972166931101,4.32192809488736,10.1522848423066,4.70043971814109,3,2.58496250072116,12.3520434257954,1,8.03342300153745,4.8073549220576,2.58496250072116,2.58496250072116,1,5.24792751344359,9.81378119121704,8.45121111183233,1,7.22881869049588,5.75488750216347,7.4093909361377,5.32192809488736,13.1289609508557,5.58496250072116,4,3,2,"0"
"TCGA.18.4086.01A",5.24792751344359,8.49984588708321,5.16992500144231,13.742309436084,7.4594316186373,11.9001120629775,4.32192809488736,11.1661630826461,8.6582114827518,10.5660540381711,2,12.3842441222431,1,14.650041989721,16.2019707283731,10.9425145053392,1,7.4594316186373,9.74819284958946,8.96578428466209,5.95419631038687,6.70043971814109,4.16992500144231,8.53138146051631,10.5660540381711,5.08746284125034,8.05528243550119,7.4757334309664,12.3520434257954,3.58496250072116,8.25738784269265,3.8073549220576,8.16992500144231,8.36632221424582,13.7919768208987,1,1,1,12.467605550083,10.9829935746943,3.32192809488736,9.4093909361377,9.99717948093762,3.58496250072116,6.08746284125034,14.4144209817464,4.8073549220576,4,1,5.95419631038687,5.85798099512757,1,8.37503943134692,3.8073549220576,1,2,4.8073549220576,1,7.04439411935845,4.32192809488736,5.16992500144231,6,3,9.92777796208234,4,3,11.8313072438021,6.35755200461808,5.24792751344359,1,1,1,1,3.8073549220576,2.58496250072116,5.95419631038687,13.9298131846641,6.95419631038687,2.58496250072116,4.58496250072116,1,9.53915881110803,3,2,8.20945336562895,1,1,3.58496250072116,5,2.58496250072116,6.24792751344359,8.98299357469431,1,1,9.51175265376738,1,3.58496250072116,1,4,5.4594316186373,8.16992500144231,11.6803595235137,7.08746284125034,4,11.120237877342,10.8025163651212,9.77478705960117,7.37503943134692,1,8.5077946401987,11.8241632097442,9.2667865406949,8.8008998999203,5.4594316186373,11.1984450414524,2.58496250072116,11.3674147512468,4,5.08746284125034,2,11.8041310211833,2,11.0484868739923,6.90689059560852,3,1,2,3.58496250072116,10.1189410727235,9.59991284218713,1,8.05528243550119,8.88264304936184,6.85798099512757,5.52356195605701,12.7582232147267,5.39231742277876,9.75488750216347,3.58496250072116,3,"1"
"TCGA.98.8020.01A",7.6724253419715,9.59991284218713,7.32192809488736,11.6375305515253,7.3037807481771,12.5147140541385,5.90689059560852,14.871809003457,2.58496250072116,1,7.14974711950468,5.39231742277876,1,10.8749813476538,10.8641861446543,11.5774288280357,3,8.36632221424582,12.5608104687279,10.3966047811819,4.90689059560852,5.08746284125034,4.4594316186373,5.64385618977472,10.0195907283579,2,7.5077946401987,7.20945336562895,10.2264121927888,5.90689059560852,6.28540221886225,4,7.7279204545632,8.36632221424582,12.6352646565395,3.58496250072116,2.58496250072116,6.4262647547021,15.4083960883514,10.523561956057,1,9.57742882803575,7,2,6.08746284125034,14.2679570844028,6.90689059560852,3.58496250072116,3.32192809488736,10.753216749179,7.28540221886225,7.14974711950468,4.4594316186373,8.27612440527424,1,2.58496250072116,1,1,5.90689059560852,2.58496250072116,6.58496250072116,4.4594316186373,3.8073549220576,13.539158811108,3,4.8073549220576,1,6.4262647547021,2.58496250072116,1,6.85798099512757,2.58496250072116,1,5.4594316186373,1,3,10.2784494582205,10.0794847838268,2,2.58496250072116,1,10.5736471874933,1,2,7.61470984411521,1,1,4,3.58496250072116,1,12.8792003179474,7.55458885167764,4.32192809488736,1,8.70043971814109,1,1,3.58496250072116,3.58496250072116,6.95419631038687,9.76155123244448,14.2149261879424,3,4.70043971814109,12.1472049249422,10.7813597135247,9.73809225962049,7.55458885167764,4,10.4470832262097,10.2877123795494,8.49984588708321,8.88874324889826,5,12.4537850554962,4.16992500144231,8.70735913208088,4.16992500144231,1,1,10.4898479604393,1,7.4262647547021,4.58496250072116,4,2.58496250072116,2,4.58496250072116,9.97154355395077,8.13955135239879,1,7.84549005094437,3,8.70043971814109,2.58496250072116,13.0610336016811,6.16992500144231,6.12928301694497,1,2,"1"
"TCGA.33.4589.01A",2.58496250072116,12.3503867423128,4.90689059560852,11.9872640120725,6.97727992349992,11.3241805466187,1,4.90689059560852,2,7.8703647195834,1,2,1,12.6298119443822,12.6794800995054,8.98868468677217,1,9.58120058192496,13.1366707623418,4.4594316186373,9.10328780841202,1,4.32192809488736,10.9829935746943,10.6384359139905,1,6.39231742277876,1,12.2644426002266,5.95419631038687,5.58496250072116,3.8073549220576,6.64385618977472,5.16992500144231,13.7793089739599,1,1,1,14.9802288505603,13.4719291876417,5.32192809488736,12.4787696194758,6.61470984411521,3.32192809488736,3.8073549220576,10.6474584264549,5.24792751344359,1,1,14.9703755616384,6.90689059560852,3.32192809488736,8.19967234483637,8.03342300153745,1,3,7.24792751344359,1,4.58496250072116,2.58496250072116,3,3.58496250072116,5.24792751344359,6.28540221886225,3.8073549220576,4.4594316186373,2,8.79441586635011,3,1,4.58496250072116,1,1,7.2667865406949,1,1,5.52356195605701,9.51963625284321,2.58496250072116,1,1,6.49185309632967,1,1,3.8073549220576,1,1,1,1,1,12.7673568541257,5.64385618977472,2.58496250072116,1,7.08746284125034,1,1,1,1,9.1548181090521,9.59245703726808,14.400078902622,8.8008998999203,4.70043971814109,11.4848228942621,8.77478705960117,8.54689445988764,3,1,5.64385618977472,9.50382573799575,7.91886323727459,4.16992500144231,3.58496250072116,6.16992500144231,1,9.8008998999203,2.58496250072116,2.58496250072116,1,11.567005370247,1,12.3202364452416,1,3.32192809488736,1,1,1,8.58496250072116,6.28540221886225,1,12.3309168781146,1,6.88264304936184,1,11.3520434257954,4.8073549220576,9.72109918870719,1,2.58496250072116,"1"
"TCGA.98.A53B.01A",7.28540221886225,13.0904432750816,1,11.0112272554233,8.67948009950545,14.6199906626064,6.24792751344359,16.2975969684813,5.39231742277876,4.90689059560852,5.4594316186373,11.5924570372681,1,11.2888660741658,14.3067737446429,12.319672120947,3.8073549220576,7.55458885167764,4.16992500144231,10.7764330324447,6.12928301694497,7.62935662007961,5.08746284125034,10.403012023575,8.97727992349992,4.32192809488736,9.3037807481771,8.8008998999203,10.5196362528432,4.32192809488736,6.52356195605701,7.85798099512757,10.0794847838268,8.74819284958946,8.71424551766612,1,1,3.58496250072116,13.496853777388,5.32192809488736,3.32192809488736,7.32192809488736,9.43879185257826,6.32192809488736,2.58496250072116,13.1570310743784,2,1,2,6.58496250072116,4.8073549220576,1,6.24792751344359,9.10328780841202,1,5,8.14974711950468,1,8.83289001416474,3,5.64385618977472,8.61470984411521,3.58496250072116,14.0275604822488,3,6.6724253419715,2.58496250072116,7.5077946401987,5.58496250072116,3.58496250072116,4.16992500144231,3.32192809488736,1,1,1,8.4178525148859,8.3037807481771,6,3.8073549220576,3.32192809488736,3,11.6943578872215,1,4.58496250072116,9.64385618977473,2,3.58496250072116,4.4594316186373,6.28540221886225,1,11.4231159101471,8.96578428466209,1,2,9.51175265376738,5.39231742277876,5.90689059560852,3.32192809488736,4.4594316186373,7.70043971814109,3.58496250072116,9.75488750216347,10.3083390301394,4.8073549220576,11.9621730311097,11.6447575925163,10.2644426002266,9.79441586635011,5.90689059560852,13.0059753565004,11.8399910705399,6.12928301694497,10.3575520046181,9.24317398347295,12.5915223465707,3.58496250072116,9.7176764230664,5.52356195605701,4.4594316186373,2,12.0927571409199,3,9.5077946401987,4,1,2,1,8.53915881110803,9.9915218460757,7.4093909361377,1,1,3.58496250072116,9.37937836707126,10.7228075311695,14.4079315911744,8.23840473932508,10.0306671362469,5.64385618977472,7.53915881110803,"1"
"TCGA.18.3417.01A",4,8.76818432477693,1,9.50382573799575,5.85798099512757,10.3331553503106,4.58496250072116,11.1922928144708,5.70043971814109,5.4594316186373,2.58496250072116,7.5077946401987,1,8.93663793900257,11.2106713437856,10.1446582428319,3,5.90689059560852,10.2312211807112,8.95419631038687,2,4.90689059560852,4.16992500144231,4.4594316186373,4.4594316186373,3.58496250072116,7.20945336562895,6.83289001416474,10.2946207488916,3.8073549220576,5.95419631038687,3.58496250072116,6.97727992349992,7.24792751344359,3,1,1,1,5.64385618977472,2.58496250072116,9.43045255166553,7.56985560833095,6.4594316186373,2,5,14.6175822518671,1,1,1,10.9262959947811,5.52356195605701,1,3.58496250072116,6.12928301694497,1,2,1,1,4.4594316186373,2,3.8073549220576,1,1,10.8703647195834,1,1,1,4.16992500144231,3,1,1,1,1,1,1,3.58496250072116,9.62570884306447,4,1,1,1,7.6724253419715,1,1,6.20945336562895,1,1,1,1,1,5.08746284125034,5.75488750216347,1,1,7.20945336562895,1,5.16992500144231,1,1,5.58496250072116,6.16992500144231,3.58496250072116,1,3.32192809488736,9.61102479730735,10.1059085085712,7.14974711950468,5,2.58496250072116,5,9.467605550083,1,5.08746284125034,3,10.2191685204622,2,8.36632221424582,3.32192809488736,1,1,5.95419631038687,1,6.7279204545632,2,1,1,1,2.58496250072116,7.95419631038687,7.16992500144231,1,3.58496250072116,2.58496250072116,3.58496250072116,2.58496250072116,11.468624042918,3,5.4594316186373,1,4,"1"
"TCGA.66.2789.01A",8.7279204545632,6.24792751344359,3.32192809488736,9.74146698640115,11.0861362250273,13.4785168476765,7.8073549220576,16.3143354102359,7.90689059560852,4.8073549220576,1,9.40087943628218,5,10.4325419003883,12.9012440324674,13.1601865766007,1,7.83289001416474,12.5947911180893,9.18982455888002,5,7.18982455888002,5.58496250072116,5.58496250072116,6.83289001416474,5.75488750216347,9.48784003382305,5.75488750216347,10.6865005271832,3.8073549220576,8.37503943134692,7.20945336562895,9.09275714091985,10.3037807481771,11.5612879451648,7.5077946401987,1,3.58496250072116,11.5097750043269,6.08746284125034,6.52356195605701,6.4594316186373,11.1922928144708,4.58496250072116,6.28540221886225,15.065752701817,1,2,1,12.1811522568656,7.83289001416474,2,10.2877123795494,6.35755200461808,1,3.58496250072116,8.23840473932508,1,6.78135971352466,3.32192809488736,8.08746284125034,3.8073549220576,4.16992500144231,14.6857343297306,5.08746284125034,6,3,3.58496250072116,4.4594316186373,2.58496250072116,6.7279204545632,2,7.75488750216347,1,1,7.59991284218713,9.17492568250068,5.39231742277876,1,2.58496250072116,1,10.4115109880121,3.32192809488736,4.4594316186373,10.3793783670713,2,1,4.90689059560852,1,3.32192809488736,9.79766152585376,9.29462074889163,5.32192809488736,5.32192809488736,10.7731392067197,1,2,1,4.32192809488736,4.90689059560852,6.08746284125034,9.30833903013941,4.70043971814109,6.55458885167764,12.5655781367843,12.093417564388,10.3083390301394,9.49185309632967,6.55458885167764,12.334831928118,12.7039035734447,9.16992500144231,10.1006623390052,5.70043971814109,14.7223806351638,6.8073549220576,9.59245703726808,5.90689059560852,2,1,8.43462822763673,3,10.8328900141647,2,2,1,2.58496250072116,8.49185309632967,9.99435343685886,9.45532722030456,1,1,9.37937836707126,9.88874324889826,5.08746284125034,15.0891193979152,7.4594316186373,6.61470984411521,8.35755200461808,10.8217739819706,"1"
"TCGA.18.3407.01A",9.01680828768655,9.40514146313634,2,12.0714623625566,8.94836723158468,12.1221809012598,6.20945336562895,15.5861947459655,9.49984588708321,9.14974711950468,1,10.7193888209421,1,13.9625345635113,14.1861142395416,12.748612176737,2,7.4093909361377,12.4833119549994,6.70043971814109,4.32192809488736,4.90689059560852,5.32192809488736,10.4838157772643,10.0168082876866,2,7.70043971814109,5.90689059560852,10.4594316186373,5.58496250072116,7.98868468677217,8,7.24792751344359,8.33985000288462,14.4043432915858,1,1,1,13.4584066132365,10.515699838284,3.8073549220576,7.7279204545632,9.43045255166553,3.58496250072116,5.8073549220576,14.9500090418862,4.90689059560852,2.58496250072116,1,11.523561956057,8.2667865406949,1,9.36194377373524,3,1,2,4.70043971814109,1,3.8073549220576,4.90689059560852,6.24792751344359,6.20945336562895,2,12.7661147575867,4.4594316186373,2.58496250072116,4.8073549220576,6.95419631038687,4.4594316186373,1,1,1,1,3.8073549220576,1,5,11.0292872269682,8.93663793900257,1,2,1,10.57931593758,2,3,8.76818432477693,1,2.58496250072116,4.16992500144231,2.58496250072116,1,12.2737955992143,7.49185309632967,2.58496250072116,1,9.59991284218713,1,4,1,4,6.39231742277876,8.23840473932508,14.2619479837585,5.32192809488736,3.32192809488736,11.1150436501617,11.8273427042341,9.32192809488736,8.90689059560852,2,10.4470832262097,11.9203528554151,7.53915881110803,8.90086680798075,6.55458885167764,13.0323901688665,6.49185309632967,10.6582114827518,4.58496250072116,5.58496250072116,2,12.9229559919085,2.58496250072116,8.17990909001493,6.28540221886225,2,3,1,6.35755200461808,9.81698362325538,8.4757334309664,2,6.93073733756289,4.16992500144231,9.2807707701306,4,14.4733252418918,5.85798099512757,2,2,2,"1"
"TCGA.85.8288.01A",2.58496250072116,11.3815429511846,2,11.6750749203854,8.09803208296053,11.8145824659063,5.70043971814109,5.58496250072116,5,3,1,13.61194694182,1,8.78790255939143,12.9697462508145,11.3353903546939,2,6.39231742277876,4.16992500144231,10.5176693881338,3.32192809488736,7.3037807481771,2.58496250072116,5.39231742277876,8.78135971352466,4.8073549220576,6.95419631038687,4.8073549220576,12.3020676725265,5.08746284125034,8.4594316186373,6.20945336562895,9.84549005094438,10.0195907283579,5.85798099512757,1,2.58496250072116,1,6.55458885167764,3.32192809488736,6.55458885167764,5.4594316186373,7.06608919045777,4,5.90689059560852,15.2897307400838,2,3,3.8073549220576,12.5425482623352,7.55458885167764,1,8.99435343685886,10.0306671362469,1,2,7.37503943134692,1,7.4093909361377,1,5.90689059560852,5.39231742277876,2.58496250072116,15.1004159561097,4.16992500144231,1,2,5.58496250072116,3,4,1,1,1,1,2,4.16992500144231,11.3151495622563,4.58496250072116,1,2.58496250072116,1,11.3987436919382,3,4.4594316186373,12.2161395564251,1,8.20945336562895,6.04439411935845,5.70043971814109,1,4.32192809488736,6,1,1,9.5077946401987,2,5.4594316186373,7.61470984411521,4.58496250072116,5.16992500144231,4.4594316186373,9.87344411251538,9.96289600533726,4.58496250072116,9.64024493622235,11.6257088430645,9.4262647547021,6.35755200461808,3.58496250072116,8.98868468677217,11.9693865213423,4.32192809488736,4.70043971814109,4.58496250072116,9.58496250072116,1,11.3286749273279,4.58496250072116,3.32192809488736,1,11.4747199465265,1,8.7279204545632,1,2,1,2,1,10.2877123795494,8.876516946565,1,3.58496250072116,5.32192809488736,8.16992500144231,7.28540221886225,12.880348808156,6.4594316186373,4.16992500144231,9.4262647547021,6.52356195605701,"1"
"TCGA.60.2696.01A",7.59991284218713,3,2,12.8626373575588,8.21916852046216,14.8946283213747,5.8073549220576,15.483626864533,1,5.4594316186373,4.8073549220576,6.12928301694497,1,13.12153351734,16.0811921400761,13.1563991448716,1,7.3037807481771,6.58496250072116,4,3.32192809488736,7.4594316186373,5,7.97727992349992,11.9772799234999,4.70043971814109,10.1972166931101,6.12928301694497,11.3208005488816,7.02236781302845,7.4262647547021,3.58496250072116,7.8703647195834,7.96578428466209,13.0691140617739,2,1,5.39231742277876,14.478390445167,2,4.16992500144231,8.59991284218713,8.73470962022584,4.16992500144231,5.4594316186373,13.6570951048884,3.32192809488736,2,2,13.1484765821783,5.75488750216347,1,7.04439411935845,6.55458885167764,1,6.75488750216347,4.4594316186373,1,2.58496250072116,2,7.35755200461808,5.4594316186373,4.32192809488736,13.4361909954814,2,1,10.6492561775173,5.90689059560852,3.8073549220576,1,1,1,1,1,1,4.8073549220576,11.5107641679179,3.8073549220576,3,1,1,9.70390357344466,2,3.58496250072116,4.70043971814109,2,1,3,4.4594316186373,1,4.70043971814109,8.98299357469431,1,1,10.2312211807112,1,3,1,4,7.53915881110803,4.8073549220576,9.2045711442492,8.07681559705083,6.52356195605701,11.6688849842662,12.8073549220576,10.240791332162,8.99435343685886,1,13.8107724413447,11.6257088430645,2,9.50382573799575,4.32192809488736,12.5137275959524,5.58496250072116,10.0279059965699,3.32192809488736,1,2,12.1699250014423,1,5.75488750216347,2,5,1,1,8.82017896241519,9.63662462054365,8.20945336562895,1,4.58496250072116,7.97727992349992,7.18982455888002,4.16992500144231,14.6339034093485,7.5077946401987,1,2,1,"1"
"TCGA.52.7809.01A",7.37503943134692,8.81378119121704,2.58496250072116,10.9173720794768,9.98013957763916,12.9701058906122,3.58496250072116,16.4108156893456,10.3083390301394,4.58496250072116,11.65999589243,12.7727269492398,2,9.6582114827518,13.1962947450283,13.0993478104032,3.8073549220576,5.16992500144231,4.58496250072116,8.14974711950468,5.24792751344359,9.85486838326024,5.08746284125034,6.52356195605701,8.31288295528435,1,9.58496250072116,10.283088353024,11.9563761572497,3.58496250072116,6.90689059560852,7.90689059560852,12.2562086885274,8.99435343685886,7.93073733756289,1,1,8.06608919045777,11.5689061545021,5.24792751344359,12.0687782779854,5.52356195605701,7.78135971352466,6.32192809488736,7.96578428466209,14.1978309980122,1,2.58496250072116,3,11.496853777388,9.17492568250068,6.93073733756289,8.5077946401987,7.24792751344359,1,4,8.18982455888002,2,8.98868468677217,6.4262647547021,6.64385618977472,6.7279204545632,5.32192809488736,14.81987969983,3,7.88264304936184,1,7.20945336562895,4,5.08746284125034,1,4.32192809488736,3.8073549220576,1,2.58496250072116,9.86418614465428,10.791162888555,5.95419631038687,1,3.32192809488736,4.8073549220576,9.04984854945056,2,4.16992500144231,10.9886846867722,3,1,6.24792751344359,3.32192809488736,2.58496250072116,4.4594316186373,8.05528243550119,2.58496250072116,1,10.2264121927888,1,7.10852445677817,1,7.68650052718322,5.24792751344359,6.58496250072116,4.70043971814109,2.58496250072116,6.24792751344359,11.4777582664439,11.8352609186275,9.59618975614441,10.4367115421372,7.20945336562895,12.7623820387104,12.7498694273968,7.62935662007961,10.5849625007212,3.58496250072116,13.2321210840822,6.88264304936184,11.1045987535644,6.20945336562895,1,1,10.3575520046181,6.97727992349992,13.8585638629724,5.58496250072116,2.58496250072116,2.58496250072116,8.81378119121704,9.16992500144231,11.0741414627525,9.20945336562895,1,8.5077946401987,8.02236781302845,12.4252159032994,11.3162815317462,15.1809192446643,10.3014961949825,9.2045711442492,4.16992500144231,9.01122725542325,"1"
"TCGA.22.4593.01A",5.64385618977472,8.98868468677217,5.52356195605701,10.1972166931101,9.09803208296053,13.8445096261422,4,12.403544678202,6.95419631038687,7.20945336562895,4.4594316186373,11.7397806097733,1,11.0794847838268,13.4299297413533,12.1189410727235,2.58496250072116,9.34429590791582,13.7694246415528,12.590587049915,5.08746284125034,7.56985560833095,7.49185309632967,7.02236781302845,10.5333297323058,3.8073549220576,8.6582114827518,9.74146698640115,12.6110247973074,6,11.5755392468345,7.18982455888002,9.79441586635011,9.30833903013941,7.93073733756289,1,11.5333297323058,3,12.693051295397,7.70043971814109,8.76155123244448,8.22881869049588,7.64385618977472,4.4594316186373,6.6724253419715,16.9062329675383,3.32192809488736,1,1,14.3022105065488,7.59991284218713,1,5.4594316186373,7.18982455888002,2,2,5.75488750216347,6.75488750216347,6.4262647547021,7.56985560833095,5.64385618977472,6.7279204545632,3,10.1623913287569,4.70043971814109,6.61470984411521,6.8073549220576,7,3.8073549220576,1,10.3083390301394,5.75488750216347,1,4.4594316186373,1,6.75488750216347,11.5107641679179,7.64385618977472,4.58496250072116,4,2.58496250072116,10.8423503434138,2,1,10.2784494582205,3.58496250072116,2,7.24792751344359,8.01122725542325,1,13.77169578985,7.7279204545632,9.57742882803575,8.32192809488736,9.74483383749955,2.58496250072116,5.24792751344359,5.58496250072116,4.16992500144231,11.0112272554233,7.4262647547021,12.0375469539622,9.5352753766208,5.70043971814109,10.5410966153495,12.2491134527137,10.0498485494506,7.37503943134692,7.4093909361377,8.51569983828404,12.7347096202258,10.1085244567782,8.67948009950545,8.16992500144231,11.9068905956085,1,11.2749604721406,4.32192809488736,3.8073549220576,5.4594316186373,12.8614746751258,5.95419631038687,8.23840473932508,3.58496250072116,5.4594316186373,1,3,1,11.6688849842662,10.4655664048094,1,4.16992500144231,8.03342300153745,12.8376279331714,5.95419631038687,13.0781508077346,5.75488750216347,10.5430318202552,2.58496250072116,6.70043971814109,"1"
"TCGA.22.5480.01A",7.53915881110803,9.85798099512757,1,13.2532565797812,9.28540221886225,12.1433832139898,5.4594316186373,15.3386667527546,9.00562454919388,5.52356195605701,1,13.3791075655611,1,10.0251395622785,12.3630396302565,12.8033239190415,2,7.16992500144231,4.4594316186373,3.58496250072116,3.8073549220576,7.5077946401987,6.83289001416474,6.78135971352466,5.85798099512757,5.39231742277876,8.60733031374961,8.70735913208088,11.2336196767597,6.85798099512757,9.08214904135387,6.49185309632967,9.06069593168755,8.04439411935845,7.08746284125034,2,4.58496250072116,2,8.4262647547021,8.24792751344359,3.8073549220576,6.08746284125034,7.4093909361377,3.32192809488736,6.7279204545632,14.8390069003394,1,1,1,13.211279947482,6.32192809488736,1,5.75488750216347,4.8073549220576,2,3,6.24792751344359,3.58496250072116,9.467605550083,11.4314976042581,7.33985000288462,3.8073549220576,3.8073549220576,14.99116750614,2,1,3.8073549220576,5.70043971814109,4.16992500144231,3,1,4.16992500144231,2,1,1,9.19967234483636,10.5176693881338,8.467605550083,3.58496250072116,1,1,11.9722618487333,1,2.58496250072116,10.7665289085989,1,2,5.85798099512757,6,1,3.32192809488736,7.20945336562895,1,1,10.4283601727043,1,8.21916852046216,1,7.98868468677217,4.4594316186373,6.16992500144231,9.49585502688717,11.7573900093666,5.70043971814109,10.1395513523988,12.1749256825007,10.5117526537674,9.8703647195834,5.4594316186373,11.7185328760692,12.1039434298916,10.0361736125535,7.52356195605701,4.16992500144231,10.9008668079807,5.95419631038687,10.0633950812885,2.58496250072116,6.08746284125034,1,14.2663473418359,2,8.77478705960117,2,2,2.58496250072116,1,6.39231742277876,10.9901039638575,9.67595703294175,1,3.58496250072116,3,13.1234747982441,5.16992500144231,14.4165336601996,7.08746284125034,3.58496250072116,14.3143000018975,5.08746284125034,"1"
"TCGA.21.5783.01A",3,9.13442632022093,2.58496250072116,12.9061389961954,8.07681559705083,13.7492409390223,5.95419631038687,11.7185328760692,9.56224242422107,4.32192809488736,1,12.4578938373147,2.58496250072116,9.94251450533924,12.0781508077346,11.1059085085712,3.32192809488736,9.01680828768655,13.5005929458938,5.85798099512757,7.37503943134692,3.8073549220576,5.90689059560852,7.16992500144231,9.06608919045777,3.58496250072116,6.55458885167764,10.0980320829605,12.3525952311343,3,11.2538474849874,7.12928301694497,12.1667907507182,9.58871463558226,11.2772874001304,5.24792751344359,4.70043971814109,1,15.1790537909816,10.5924570372681,6,9.34429590791582,6.7279204545632,2.58496250072116,7.14974711950468,16.5172080160736,1,1,1,10.8993569229231,7.39231742277876,2,4.90689059560852,7,1,2.58496250072116,4.16992500144231,3,5.58496250072116,7.12928301694497,4.16992500144231,4.58496250072116,2,11.4304525516655,4.8073549220576,6.4262647547021,6.12928301694497,6.35755200461808,4.58496250072116,8.58496250072116,9.76155123244448,2.58496250072116,1,5.4594316186373,4.16992500144231,7.65821148275179,9.19475685442225,7.58496250072116,4,2.58496250072116,5,12.5660540381711,1,7.59991284218713,11.1305705628054,1,3.58496250072116,4.32192809488736,6.20945336562895,1,13.2711711911398,7.06608919045777,9.85798099512757,8.64385618977472,8.6724253419715,1,8.51569983828404,1,6.39231742277876,7.02236781302845,8.52356195605701,12.9693865213423,8.4594316186373,4,11.0834793273318,11.0042204663182,8.91886323727459,6.49185309632967,1,8.48381577726426,11.5545888516776,11.2737955992143,8.59991284218713,8.53915881110803,8.58496250072116,1,10.1972166931101,6.95419631038687,5.8073549220576,1,13.3077700318907,7.8703647195834,12.0940776856719,2,4.8073549220576,2,1,3.32192809488736,11.2597432636908,10.5698556083309,1,7.06608919045777,7.04439411935845,11.9505558970475,13.2556187498396,12.6406968375701,9.29920801838728,9.7279204545632,6.24792751344359,10.7108064336994,"1"
"TCGA.85.8287.01A",4.32192809488736,5.32192809488736,1,9.29920801838728,8.52356195605701,12.319107575825,2.58496250072116,11.9765641234153,7.04439411935845,3.8073549220576,4.4594316186373,10.6438561897747,1,9.27146302790437,13.6862816551444,11.7202442582876,2.58496250072116,6.04439411935845,9.76818432477693,4.4594316186373,7.28540221886225,4.4594316186373,5.52356195605701,5,7.84549005094437,6.32192809488736,8.4757334309664,6.78135971352466,11.5410966153495,5.58496250072116,8.59245703726808,6.52356195605701,9.4797802640291,9.95710204156229,5.4594316186373,1,3,3.32192809488736,9.53915881110803,2.58496250072116,11.0861362250273,5.4594316186373,10.7364019313183,4.58496250072116,4.90689059560852,16.0542651396258,6,4.8073549220576,1,10.5980525001616,5.52356195605701,1,7.61470984411521,3.8073549220576,1,2.58496250072116,7.70043971814109,2,6.49185309632967,2,6.55458885167764,2.58496250072116,2,10.9336906549522,4.16992500144231,4.16992500144231,3.58496250072116,5.75488750216347,3,3.8073549220576,2.58496250072116,3,3.8073549220576,1,4.4594316186373,6.16992500144231,10.1085244567782,5,1,2,1,10.0660891904578,2,5.58496250072116,9.86727873970966,1,1,6.08746284125034,3.58496250072116,2,10.7245138531199,8.8008998999203,1,1,10.2691266791494,1,4,1,5.90689059560852,9.09275714091985,3.32192809488736,7.55458885167764,8.94836723158468,4,11.4019461239765,12.1978309980122,10.6492561775173,9.41362792902417,3.32192809488736,9.43879185257826,12.3032099489448,9.74819284958946,9.35755200461808,4.4594316186373,13.281350514981,2.58496250072116,9.7714894695006,4.4594316186373,4,1,10.7193888209421,3.8073549220576,11.1636496760158,2,1,1,2,3.32192809488736,9.2240016741981,9.37937836707126,1,2.58496250072116,7.33985000288462,11.6829945836817,7.28540221886225,13.3769393216198,6.75488750216347,6.32192809488736,5.32192809488736,5.58496250072116,"1"
"TCGA.52.7811.01A",9.13442632022093,10.9381093262192,5.08746284125034,12.4913520735634,8.83289001416474,13.0734721539765,4.58496250072116,16.2919980255539,6.83289001416474,7.28540221886225,2,12.4215389068483,1,13.970285676897,15.0951497389683,13.7546787638225,2.58496250072116,7.65821148275179,12.8637991037288,4.58496250072116,5.32192809488736,7.33985000288462,5.32192809488736,9.54689445988764,9.81057163474115,2.58496250072116,9.3037807481771,8.2667865406949,11.8986013874039,5.75488750216347,7.74146698640115,4.58496250072116,8.67948009950545,9.25738784269265,13.9423312245106,1,2,2.58496250072116,14.6226238408115,8.31288295528435,2.58496250072116,10.0361736125535,11.0633950812885,4,5.52356195605701,14.1031238564781,4.32192809488736,4.70043971814109,1,13.0195907283579,6.04439411935845,7.02236781302845,8.88874324889826,3.32192809488736,1,2.58496250072116,6.28540221886225,1,8.06608919045777,2.58496250072116,7.4757334309664,3,4.8073549220576,14.4709130262749,2,7.02236781302845,8.78135971352466,6.95419631038687,2,5.85798099512757,5.85798099512757,2.58496250072116,1,4.58496250072116,1,3.32192809488736,12.5161924778794,9.90388184573618,3.8073549220576,3,1,10.3750394313469,1,7.79441586635011,7.4757334309664,2.58496250072116,1,2,6.6724253419715,2,11.5439984501345,9.08746284125034,1,1,9.66177809777199,1,6.4262647547021,1,3,9.2336196767597,8.8703647195834,9.63662462054365,6.24792751344359,5.85798099512757,12.5722265127937,13.5971214287896,11.2609195336629,9.71080643369935,4.58496250072116,12.698270577692,12.1780423288648,7.59991284218713,8.90086680798075,8.68650052718322,13.6013065261218,6.12928301694497,10.5717526435035,3.8073549220576,4,3.32192809488736,12.2544381482673,4.32192809488736,9.63299519714296,5.39231742277876,5.8073549220576,3.32192809488736,1,8.72109918870719,9.96289600533726,9.04439411935845,1,5.8073549220576,6.4594316186373,7.37503943134692,4.4594316186373,15.333015547506,7.83289001416474,6.04439411935845,1,1,"1"
"TCGA.77.8140.01A",5.32192809488736,2.58496250072116,1,8.07681559705083,6.78135971352466,10.9614496943982,5.58496250072116,13.804736051614,8,1,1,12.0464419480073,1,10.3858624006415,12.860699032612,10.6438561897747,3,5.24792751344359,12.1241213118292,10.6275338844728,5,6.28540221886225,3.58496250072116,2,4,5.24792751344359,6.83289001416474,5.08746284125034,10.3531468254981,5.70043971814109,5.75488750216347,3,9.27612440527424,7.44294349584873,13.8944388545623,1,1,1,9.49185309632967,8.28540221886225,6.16992500144231,6.88264304936184,8.64385618977472,5.70043971814109,4,11.8185821774809,2.58496250072116,1,1,11.6266216523584,3.58496250072116,1,5.90689059560852,3.32192809488736,1,2.58496250072116,11.429406741514,1,5.39231742277876,1,4.32192809488736,5.4594316186373,1,12.2749604721406,1,4.58496250072116,1,6,4,4.16992500144231,1,2,7.28540221886225,1,1,4,6.83289001416474,4.70043971814109,1,1,1,6.8073549220576,3,3,7.55458885167764,1,2.58496250072116,3.32192809488736,3,1,11.9614496943982,6.61470984411521,7,5,8.18982455888002,2,1,1,2.58496250072116,7.14974711950468,5.4594316186373,3.58496250072116,7.71424551766612,1,7.84549005094437,10.3241805466187,8.8073549220576,7.64385618977472,1,9.36632221424582,11.6101020629997,5.16992500144231,8.08746284125034,4,10.5449644327892,3.58496250072116,8.05528243550119,3,3,1,5.64385618977472,1,11.0539258815311,4.32192809488736,1,1,1,4.4594316186373,8.8073549220576,5.8073549220576,1,7.32192809488736,7.37503943134692,6.8073549220576,3.58496250072116,12.9744145898055,6.52356195605701,8.18982455888002,3.58496250072116,6.7279204545632,"1"
"TCGA.22.5482.01A",3.8073549220576,12.1376315982354,5.8073549220576,14.5360043172885,6.6724253419715,12.3470676571659,6.61470984411521,8.71424551766612,11.6741922681457,10.5545888516776,3.32192809488736,12.8986013874039,1,14.8505775472056,16.5668270432604,10.1774195379892,3,9.59991284218713,11.9736973663054,4.4594316186373,6.4262647547021,5.95419631038687,4.58496250072116,13.0844762374539,10.6564248632778,4.58496250072116,6.95419631038687,7.4594316186373,11.0525680508042,8.12928301694497,8.73470962022584,2.58496250072116,10.047123912114,8.94251450533924,13.1503819688178,1,2.58496250072116,1,14.7257922714942,10.6017707884077,5.39231742277876,11.0633950812885,7.61470984411521,4.90689059560852,6.08746284125034,14.0728025345442,3,1,1,13.0920964149908,6.6724253419715,1,7,3.58496250072116,1,1,3.58496250072116,5,4.70043971814109,3.58496250072116,3.32192809488736,3.58496250072116,2.58496250072116,10.0848083878044,6.12928301694497,5.58496250072116,12.1661630826461,6.70043971814109,6.61470984411521,3,8.33091687811462,2,1,5.39231742277876,1,6.24792751344359,10.3465137331656,9.51963625284321,6.24792751344359,4.70043971814109,1,11.4501802471648,3.8073549220576,2.58496250072116,9.876516946565,2.58496250072116,1,2.58496250072116,6.8073549220576,3,11.2969162068793,6.61470984411521,1,1,8.31288295528435,1,6.04439411935845,1,2.58496250072116,4.90689059560852,9.17990909001493,11.6626683755175,8.5077946401987,4.32192809488736,10.8795832496128,10.7159619902551,9.14974711950468,4.4594316186373,2.58496250072116,8.59991284218713,10.9701058906122,5.70043971814109,7,5.95419631038687,7.59991284218713,1,10.729620743553,4.70043971814109,6.08746284125034,6.52356195605701,11.8478403556307,1,12.0498485494506,9.66888498426625,3.8073549220576,3.58496250072116,1,2,9.73131903102506,10.642051692928,1,7.32192809488736,8.25738784269265,7.14974711950468,4.4594316186373,11.3476213685681,4.16992500144231,8.4594316186373,1,5.95419631038687,"1"
"TCGA.77.7335.01A",4.90689059560852,5.39231742277876,1,10.2455527062557,7.04439411935845,11.0375469539622,4.4594316186373,10.2312211807112,7.4262647547021,4.32192809488736,1,11.1611318829843,1,8.7279204545632,11.6510516911789,11.6174674652942,1,5.24792751344359,1,3.58496250072116,1,4.4594316186373,7.85798099512757,4.58496250072116,3.8073549220576,1,8.32192809488736,6.4262647547021,10.5333297323058,4.90689059560852,9.1548181090521,2.58496250072116,6.28540221886225,8.97154355395077,10.5679560754155,1,3,1,7.68650052718322,6.08746284125034,4,5,9.2667865406949,4.32192809488736,4.58496250072116,15.7560871618772,1,1,1,10.5038257379958,4.16992500144231,1,2,1,1,2,2,1,4.4594316186373,3,6.08746284125034,3.8073549220576,3.32192809488736,9.467605550083,3.32192809488736,1,1,5.08746284125034,2,1,1,1,1,1,1,5.39231742277876,6.35755200461808,2,6.4594316186373,1,1,6.35755200461808,3.32192809488736,1,5.95419631038687,1,1,1,2,4,1,7.78135971352466,1,1,10.0498485494506,1,5.70043971814109,1,2,8.74819284958946,2.58496250072116,5.85798099512757,2,3.58496250072116,11.1072170755914,12.1879705919842,10.7813597135247,4.4594316186373,1,7.28540221886225,11.9992953870234,4.4594316186373,7.8073549220576,6.58496250072116,12.0600203545079,1,9.15987133677839,4.58496250072116,2,1,10.0953970227926,2,8.76155123244448,1,2,1,1,1,7.89481776330794,8.71424551766612,1,6.08746284125034,6.95419631038687,5.95419631038687,6.64385618977472,13.2588604314098,6.28540221886225,6.35755200461808,4,5.85798099512757,"1"
"TCGA.22.5491.01A",3.8073549220576,5.64385618977472,3.8073549220576,12.1078709142796,8.98868468677217,10.1972166931101,6.93073733756289,12.2720465243899,10.7615512324445,7.33985000288462,4,13.8237652797897,1,11.1861142395416,15.4558409091264,10.2969162068793,2.58496250072116,6.49185309632967,9.36194377373524,10.7108064336994,6.12928301694497,8.38370429247405,7.64385618977472,6.70043971814109,6.90689059560852,7.56985560833095,8.05528243550119,11.5372184005386,13.0230612497353,5.8073549220576,8.23840473932508,5.24792751344359,10.3487281542311,6.49185309632967,15.5319905781276,1,2,1,14.4642904738508,8.8703647195834,8.72109918870719,7.32192809488736,8.38370429247405,4.70043971814109,7.16992500144231,11.8145824659063,2,2,1,13.6082548219779,5.64385618977472,1,7.44294349584873,6.52356195605701,1,2.58496250072116,5,4.70043971814109,8.18982455888002,3.58496250072116,3.8073549220576,7.04439411935845,1,7.8703647195834,7,2,4.70043971814109,7.68650052718322,5.16992500144231,4.8073549220576,2.58496250072116,2,1,6.08746284125034,1,7.10852445677817,9.13442632022093,10.5679560754155,5.64385618977472,3.8073549220576,3,9.78463484555752,3,3,6.4594316186373,2.58496250072116,5.32192809488736,3.58496250072116,8.56985560833095,5.08746284125034,9.15987133677839,7.4093909361377,1,1,9.55842071326866,1,4.32192809488736,1,4.4594316186373,10.0552824355012,8.37503943134692,13.0623834918763,9.38370429247405,5,10.6934869574993,10.6706562491184,9.24317398347295,3.58496250072116,1,7.4757334309664,12.2360141919001,9.60733031374961,10.3728650601126,8.81378119121704,10.0389189892923,3.32192809488736,11.3409627642517,5.52356195605701,2.58496250072116,3.8073549220576,12.5924570372681,2,11.5915223465707,7.18982455888002,1,1,3.58496250072116,1,10.5660540381711,7.76818432477693,1,12.2360141919001,9.5352753766208,7.70043971814109,4.8073549220576,13.5038257379958,7.02236781302845,9.70735913208088,3,7.14974711950468,"1"
"TCGA.77.8136.01A",4.58496250072116,6,1,11.8121773055144,8.01122725542325,11.8610869059954,6.8073549220576,13.0620461377205,8.52356195605701,4.58496250072116,1,10.0361736125535,1,9.01680828768655,11.3663222142458,10.4635243732712,1,5.70043971814109,11.8017083589165,2,3.58496250072116,3,4,7.32192809488736,8.11894107272351,2,6.52356195605701,5.75488750216347,10.2784494582205,5.32192809488736,8.99435343685886,3.58496250072116,9.4594316186373,9.94251450533924,11.4460494067166,1,1,1,12.5627194270493,4.90689059560852,7.8073549220576,7.55458885167764,6.55458885167764,3,6.08746284125034,14.9105490459317,1,1,1,13.780539767472,4.16992500144231,1,5.58496250072116,6.52356195605701,1,2,3.8073549220576,1,5.39231742277876,3,4.16992500144231,2,1,9.21916852046216,5.95419631038687,3.58496250072116,1,6.6724253419715,2,7.4594316186373,1,2.58496250072116,1,1,1,6.85798099512757,10.1395513523988,5.85798099512757,3.58496250072116,2,1,11.2538474849874,1,2,9.79766152585376,1,1,4,3.8073549220576,1,11.5971214287896,7.98868468677217,5.08746284125034,3,8.18982455888002,1,6.49185309632967,1,3,7.97727992349992,8.14974711950468,9.35314682549808,5.52356195605701,4.70043971814109,11.4262647547021,10.6635581042173,10.8486229404293,6.70043971814109,4.4594316186373,8.4093909361377,11.1331422124006,3.58496250072116,8.28540221886225,5.52356195605701,9.15987133677839,1,10.2070143201775,5.75488750216347,1,1,11.4387918525783,1,8.57742882803575,2.58496250072116,2,2.58496250072116,1,2,9.98299357469431,8.467605550083,1,4,8.4594316186373,6.83289001416474,5.16992500144231,11.7490313820402,8.25738784269265,5.39231742277876,2.58496250072116,6.4262647547021,"1"
"TCGA.22.5489.01A",6.61470984411521,9.44294349584873,2.58496250072116,12.8517490414161,9.0389189892923,11.5107641679179,4.70043971814109,15.0568070355806,9.1548181090521,6.70043971814109,2,13.5755392468345,1,9.5274770060604,12.8795832496128,12.5816713585781,2.58496250072116,9.36194377373524,8.2667865406949,3.32192809488736,4.32192809488736,5.58496250072116,5,5.32192809488736,6.97727992349992,4,9.51175265376738,7.75488750216347,11.3739526553702,5.64385618977472,8.82017896241519,4.70043971814109,8.52356195605701,9.22881869049588,10.0980320829605,1,3.58496250072116,6.16992500144231,8.17990909001493,7.74146698640115,4.16992500144231,6.95419631038687,11.1959872980285,3.32192809488736,6.24792751344359,15.867954362086,2,1,1,8.10852445677817,7.2667865406949,2,3.8073549220576,5.4594316186373,1,2.58496250072116,6.88264304936184,4.58496250072116,8.4093909361377,10.1598713367784,7.2667865406949,3.58496250072116,3,14.7725207763148,3.32192809488736,6.52356195605701,3.58496250072116,6.20945336562895,3.32192809488736,8.8008998999203,1,1,1,1,4,6.32192809488736,9.58496250072116,10.0056245491939,2.58496250072116,1,1,9.8703647195834,1,2.58496250072116,10.2526654324502,1,1,5.90689059560852,6,1,12.1395513523988,9.33539035469392,9.91886323727459,8.59245703726808,10.8672787397097,5.08746284125034,7.44294349584873,1,6.12928301694497,7.62935662007961,5.85798099512757,10.047123912114,11.5679560754155,6.85798099512757,12.7052003780631,12.5924570372681,11.5980525001616,9.40514146313634,5.90689059560852,11.5727002264873,12.3376219019925,6.78135971352466,9.66177809777199,4.8073549220576,13.3100446796475,4.58496250072116,12.1241213118292,6.35755200461808,6.83289001416474,1,12.2336196767597,1,8.70043971814109,1,2.58496250072116,5.39231742277876,1,6.85798099512757,10.7632123668144,10.2992080183873,9.15987133677839,3.32192809488736,6.35755200461808,11.3072008091408,6.88264304936184,14.8079586022565,7.95419631038687,6.85798099512757,7.02236781302845,3.32192809488736,"1"
"TCGA.22.0944.01A",6.90689059560852,11.1267044728432,8.67948009950545,13.6803595235137,7.24792751344359,11.4888443464573,6.4262647547021,14.5487015183355,9.49185309632967,7.32192809488736,1,12.8603110549195,1,13.9790678714805,16.5107950683546,11.6036263449862,2.58496250072116,7.32192809488736,10.7431513941125,8.90689059560852,5,5.39231742277876,4.32192809488736,10.9381093262192,10.6348110501717,3,7.35755200461808,11.5989829710361,12.5171772526895,6.64385618977472,8.92481250360578,3.32192809488736,11.5107641679179,8.18982455888002,15.6484137606293,1,1,2,14.3230547603416,10.4387918525783,5.70043971814109,10.612868497291,7.98868468677217,5.08746284125034,7.89481776330794,13.6259370995385,6.24792751344359,2,1,14.3920490393642,6.61470984411521,5.08746284125034,4.16992500144231,7.3037807481771,1,1,3,1,5.39231742277876,2,5.08746284125034,5.52356195605701,1,11.8494051009478,4.16992500144231,7.08746284125034,7.14974711950468,7.16992500144231,5.24792751344359,8.70043971814109,2,1,1,5.70043971814109,2,5.90689059560852,10.2094533656289,11.9563761572497,6.90689059560852,3.32192809488736,2,10.4262647547021,2,4.4594316186373,9.4093909361377,1,2,4,2,1,12.1312139050863,7,2,2,8.34872815423108,1,5.70043971814109,1,3.58496250072116,10.2854022188622,8.4594316186373,14.137471503352,2,3.58496250072116,9.43045255166553,10.7159619902551,8.56985560833095,7.12928301694497,1,9.62935662007961,11.9808536063797,8.64385618977472,7.04439411935845,6.4262647547021,8.96000193206808,4.32192809488736,11.8017083589165,3,4.8073549220576,1,12.4908508767403,4.4594316186373,13.6147098441152,5.4594316186373,3,1,1,6.32192809488736,10.2784494582205,8.88874324889826,1,11.4797802640291,4.70043971814109,8.59991284218713,4.58496250072116,12.6036263449862,5.58496250072116,11.1176431013891,2.58496250072116,5.64385618977472,"1"
"TCGA.85.7699.01A",4.8073549220576,8.90689059560852,3,10.7262181593322,7.4594316186373,11.2276159434142,3.32192809488736,14.0228879218033,7.33985000288462,5.39231742277876,1,13.4729446337796,1,9.43462822763673,13.1532353386894,11.1786648510065,2.58496250072116,6.4262647547021,2.58496250072116,5.52356195605701,4.90689059560852,6.75488750216347,3.32192809488736,5.24792751344359,7.4262647547021,2.58496250072116,7.20945336562895,7.7279204545632,11.8328900141647,5.24792751344359,10.5526690975143,5.4594316186373,10.3106127816595,9.35755200461808,10.9307373375629,1,7.65821148275179,1,7.28540221886225,8.4757334309664,2.58496250072116,6.55458885167764,7.6724253419715,3,7.04439411935845,16.4866150817744,1,1,1,10.6882503091332,7.5077946401987,3,5.39231742277876,6.58496250072116,2,3.32192809488736,5.08746284125034,4.58496250072116,5.4594316186373,3.32192809488736,6.95419631038687,5.32192809488736,2,12.2963426846929,4.16992500144231,1,3.58496250072116,6.88264304936184,4.32192809488736,3.32192809488736,1,4.58496250072116,1,1,3,5.58496250072116,9.24317398347295,5.85798099512757,4.32192809488736,1,2,10.5622424242211,3,3.32192809488736,10.0140204703149,1,1,5.24792751344359,7.10852445677817,2,2,9.21431912080077,1,1,9.77478705960117,1,8.54689445988764,1,5.16992500144231,8.92481250360578,5.64385618977472,10.590587049915,10.0306671362469,4.4594316186373,13.0606959316876,11.5517082616207,11.3685064615077,7.53915881110803,2.58496250072116,9.51963625284321,12.4429434958487,9.63662462054365,6.4594316186373,5.90689059560852,10.7193888209421,1,12.1935253605012,4.8073549220576,5.85798099512757,2,11.9614496943982,1,12.199058823653,2.58496250072116,1,1,1,2.58496250072116,11.2819300269554,9.95710204156229,1,4.70043971814109,6.16992500144231,13.7047682393626,7.20945336562895,15.4942305812146,8.66533591718518,7.4093909361377,6.12928301694497,7.55458885167764,"1"
"TCGA.21.1079.01A",3.8073549220576,10.3128829552844,6.32192809488736,13.9765641234153,7.8073549220576,13.990635833003,6.08746284125034,7.24792751344359,2.58496250072116,4.16992500144231,2,5.8073549220576,1,9.90086680798075,11.8454900509444,11.7397806097733,2.58496250072116,10.3509391815464,11.9736973663054,11.393390457444,3.32192809488736,1,3.32192809488736,10.8392037880969,11.7648715907361,3.58496250072116,7.16992500144231,7.18982455888002,10.4115109880121,7.62935662007961,8.53138146051631,4.90689059560852,7.28540221886225,8.6724253419715,11.5689061545021,1,1,1,15.6218229473942,10.5372184005386,1,9.5077946401987,7.84549005094437,6.04439411935845,5.16992500144231,14.855452509744,2,1,1,14.0546043179607,8.53138146051631,8.82017896241519,7.82017896241519,3.58496250072116,1,2.58496250072116,5.32192809488736,1,2.58496250072116,4.16992500144231,3.58496250072116,4.70043971814109,2.58496250072116,7.16992500144231,5.39231742277876,4.16992500144231,1,8.97154355395077,3.32192809488736,1,2,2,1,3,1,2,12.2324209271761,6.7279204545632,6.4262647547021,2,1,10.4998458870832,1,1,8.43462822763673,1,1,3,1,2,11.9851303734669,7.35755200461808,1,2,9.86727873970966,4.90689059560852,3,2,2.58496250072116,8.467605550083,8.56224242422107,12.1605017475557,5.16992500144231,5.32192809488736,11.631177055704,11.8902642770211,9.06069593168755,3.58496250072116,1,7.97727992349992,10.4408691676109,8.79441586635011,5.58496250072116,6.20945336562895,6.4262647547021,1,10.3398500028846,3.58496250072116,3.58496250072116,1,11.8540891798706,1,9.31741261376487,2.58496250072116,3,5.58496250072116,1,2,9.82336724004623,8.94251450533924,4.4594316186373,3.8073549220576,4,8.3037807481771,6.4594316186373,12.4125698468052,3.32192809488736,8.38370429247405,1,2,"1"
"TCGA.22.4601.01A",6,4.4594316186373,3.32192809488736,12.3917806060132,8.6724253419715,10.4898479604393,4.70043971814109,13.845097960973,7.28540221886225,9.12928301694497,1,11.5372184005386,1,13.6691065113363,15.6828848855452,10.9038818457362,1,4.58496250072116,1,3.58496250072116,2.58496250072116,6.93073733756289,4,7.49185309632967,6.32192809488736,3.32192809488736,7.08746284125034,9.39231742277876,10.6293566200796,5.16992500144231,7.28540221886225,2,8.467605550083,9.876516946565,10.8105716347411,1,2,3.58496250072116,9.03342300153745,6.04439411935845,6.90689059560852,6.52356195605701,8.22881869049588,5.32192809488736,5.52356195605701,11.7253662578956,2,2,2,11.8872206154684,5.64385618977472,1,3.58496250072116,4.16992500144231,1,2.58496250072116,7.24792751344359,1,9.26209484537018,2,5.4594316186373,4.4594316186373,2.58496250072116,12.6573184495813,2.58496250072116,3.8073549220576,10.6384359139905,5.52356195605701,2.58496250072116,6.58496250072116,1,2,1,1,1,8.66533591718518,7.08746284125034,3.8073549220576,3.58496250072116,4,2,11.2384047393251,3,3,10.0361736125535,1,2,2,1,4.4594316186373,2.58496250072116,7.3037807481771,1,1,8.06608919045777,1,8.33985000288462,1,1,7.88264304936184,6.78135971352466,9.82972273508606,4.58496250072116,3.32192809488736,11.0901124196643,10.6456584324087,8.74819284958946,6.93073733756289,2,10.7364019313183,9.96866679319521,5.39231742277876,8.59245703726808,4.16992500144231,11.2761244052742,3,7.68650052718322,3.58496250072116,1,4.16992500144231,11.6679985356725,3.8073549220576,7.89481776330794,1,1,1,1,5.52356195605701,8.79441586635011,8.05528243550119,1,5.32192809488736,7.6724253419715,4.90689059560852,7.55458885167764,12.5947911180893,7.04439411935845,9.97727992349992,1,4.32192809488736,"1"
"TCGA.NC.A5HQ.01A",6.24792751344359,2.58496250072116,2.58496250072116,7.55458885167764,8.96578428466209,11.9181178510318,5.08746284125034,13.3501104433479,10.0195907283579,7.08746284125034,2,13.450953464713,1,11.6220518194564,13.9829935746943,10.8313072438021,4.32192809488736,7.85798099512757,6.04439411935845,9.39231742277876,1,5.4594316186373,4,10.0389189892923,9.2240016741981,8.55458885167764,8.28540221886225,10.1267044728432,10.8993569229231,6.35755200461808,6.20945336562895,6.83289001416474,6.49185309632967,8.4178525148859,13.770457424932,2,1,7.22881869049588,14.2479275134436,10.1137421660492,4.16992500144231,7.12928301694497,7.6724253419715,4.58496250072116,6.04439411935845,12.7317432907078,4,1,2,13.9474543067672,8.33985000288462,2,8.65105169117893,6.16992500144231,1,3.58496250072116,7.20945336562895,1,5.52356195605701,2.58496250072116,5.8073549220576,9.28540221886225,3.32192809488736,11.9765641234153,3.32192809488736,1,2.58496250072116,9.03342300153745,6.75488750216347,1,1,1,2,3,1,7.2667865406949,9.05528243550119,9.09803208296053,6.49185309632967,3.32192809488736,1,11.9210970881068,1,7.39231742277876,10.8249587405285,2,2.58496250072116,6.12928301694497,5.90689059560852,1,7.64385618977472,8.96000193206808,1,2,8.71424551766612,1,2,2,4.8073549220576,10.2502984179063,10.2502984179063,13.2206806210522,8.88264304936184,4.8073549220576,10.12153351734,10.5943246039248,9.68299458368168,9.98868468677217,4.58496250072116,12.2173519052703,10.3575520046181,3.58496250072116,7.20945336562895,6.75488750216347,12.1548181090521,5.39231742277876,10.0195907283579,6.16992500144231,6.8073549220576,3.8073549220576,12.7279204545632,3,6.85798099512757,6.12928301694497,3,2,3,5.24792751344359,10.4655664048094,6,1,9.83920378809694,10.4450148458684,6.08746284125034,4.32192809488736,12.8257538328831,6.04439411935845,4.16992500144231,4.16992500144231,2,"1"
"TCGA.18.3415.01A",3.32192809488736,9.26209484537018,3,11.9307373375629,6.8073549220576,11.4115109880121,5.75488750216347,11.5840229402575,7.5077946401987,8.90689059560852,1,11.2679570844028,1,13.4080643199147,15.3512153218556,10.7245138531199,2,7.12928301694497,1,4.90689059560852,1,6.04439411935845,3.8073549220576,10.3286749273279,9.89481776330794,3.58496250072116,7.79441586635011,8.07681559705083,10.9844184588011,3.8073549220576,7.32192809488736,5.32192809488736,9.48784003382305,8.13955135239879,11.981567281903,1,1,1,11.9693865213423,6.78135971352466,2.58496250072116,9.8008998999203,9.37068740680722,4.16992500144231,3.8073549220576,13.941231050303,3.8073549220576,2,1,7.04439411935845,8.43462822763673,1,8.09803208296053,5.32192809488736,1,1,2.58496250072116,2,4.32192809488736,6.88264304936184,4.32192809488736,3.32192809488736,3.32192809488736,9.33091687811462,5,1,11.2008986050384,6.52356195605701,3,3.32192809488736,1,1,1,1,1,5.95419631038687,13.8585638629724,5.16992500144231,3.32192809488736,4,2.58496250072116,10.4429434958487,2.58496250072116,2.58496250072116,7.49185309632967,1,1,4.16992500144231,2,3.32192809488736,3.32192809488736,7.74146698640115,1,1,8.28540221886225,2,4.16992500144231,1,3,9.06608919045777,5.4594316186373,6.75488750216347,5.24792751344359,4.16992500144231,9.94544383637791,10.4777582664439,9.29001884693262,5,2.58496250072116,6.58496250072116,10.6402449362223,5.52356195605701,5.75488750216347,6.28540221886225,8.7279204545632,3.58496250072116,10.4635243732712,2.58496250072116,3.58496250072116,2,14.565935077541,2.58496250072116,8.82017896241519,4.16992500144231,1,2.58496250072116,1,3,9.96578428466209,9.16992500144231,1,8.94251450533924,8.09803208296053,7.39231742277876,2,11.6865005271832,6.04439411935845,7.93073733756289,2,2.58496250072116,"1"
"TCGA.21.5782.01A",5.70043971814109,5.85798099512757,5.90689059560852,8.55458885167764,7.4262647547021,11.5048189876328,6,12.7801296196253,8.59245703726808,5.32192809488736,5,11.0443941193585,5.24792751344359,8.53138146051631,11.8533095554037,9.95419631038687,3.8073549220576,5.52356195605701,7.4262647547021,8.83289001416474,5.4594316186373,7.04439411935845,7.85798099512757,7.20945336562895,7.12928301694497,5.24792751344359,7.22881869049588,8.60733031374961,10,5.39231742277876,9.56985560833095,5,12.2413873639989,8.85798099512757,10.8657332708518,4.90689059560852,6.97727992349992,6.7279204545632,11.3955341354623,7.10852445677817,7.4262647547021,6.55458885167764,7.5077946401987,3.32192809488736,5,13.3561768305164,6.12928301694497,4.70043971814109,6.24792751344359,9.73809225962049,5.4594316186373,4.16992500144231,7.97727992349992,6.04439411935845,3.8073549220576,6.08746284125034,6.39231742277876,5.32192809488736,7.39231742277876,5.58496250072116,8.33985000288462,5.75488750216347,6.35755200461808,10.4450148458684,6.52356195605701,6.61470984411521,3.58496250072116,4.90689059560852,4.90689059560852,4.58496250072116,4.90689059560852,5.24792751344359,6.20945336562895,2.58496250072116,4,8.07681559705083,7.71424551766612,6.4594316186373,6.35755200461808,3.8073549220576,4.58496250072116,10.6706562491184,4.8073549220576,6.7279204545632,9.29001884693262,5,5.58496250072116,5.24792751344359,6.64385618977472,4.32192809488736,8.19967234483637,8,4.58496250072116,5.95419631038687,8.22881869049588,5.52356195605701,4.58496250072116,5.16992500144231,6.39231742277876,8.40087943628219,6.90689059560852,8.5077946401987,7.64385618977472,5.4594316186373,8.4093909361377,10.5372184005386,8.08746284125034,8.40087943628219,6.93073733756289,8.53138146051631,9.94836723158468,6.16992500144231,9.07146236255662,6.75488750216347,9.45121111183233,4,8.28540221886225,6.95419631038687,3.58496250072116,6.78135971352466,11.1059085085712,6.55458885167764,7.3037807481771,6.16992500144231,3.8073549220576,7.24792751344359,4.90689059560852,5.90689059560852,8.68650052718322,7.70043971814109,4,6.20945336562895,8.68650052718322,7.8073549220576,6.7279204545632,11.9765641234153,8.36632221424582,6.28540221886225,6.28540221886225,7.93073733756289,"1"
"TCGA.22.5492.01A",9.83605035505807,3,3.32192809488736,6.16992500144231,10.4429434958487,14.4443678683963,5.32192809488736,16.3821511557685,9.0389189892923,5.08746284125034,2,12.2209828510818,10.9083926207737,11.4356702609366,13.8705573743264,13.2440664641948,3.8073549220576,6.58496250072116,14.0932524868615,2.58496250072116,6.32192809488736,5.58496250072116,3,5.8073549220576,5.64385618977472,6.58496250072116,10.0112272554233,6.12928301694497,11.9563761572497,7.7279204545632,8.27612440527424,7.74146698640115,7.88264304936184,8.6582114827518,8.86418614465428,1,1,6.20945336562895,13.2393001743642,4.16992500144231,3.58496250072116,5.32192809488736,10.4072677642447,6.49185309632967,5.24792751344359,14.7058483435089,2,1,3.32192809488736,13.0944076330812,7.4093909361377,2,9.73470962022584,4,1,4.70043971814109,3.8073549220576,8.57742882803575,5.08746284125034,2,8.75488750216347,6.4594316186373,6.12928301694497,15.0094787458881,5.75488750216347,6,1,8.36632221424582,4.58496250072116,1,1,4,2,1,1,6.16992500144231,9.2045711442492,5.58496250072116,3.32192809488736,2,2,11.6082548219779,4.70043971814109,4.4594316186373,9.89784545600551,1,1,3.58496250072116,4.16992500144231,1,7.08746284125034,11.3520434257954,1,2,10.6348110501717,1,4,1,5.08746284125034,5.32192809488736,5.8073549220576,7.35755200461808,6.49185309632967,6.6724253419715,14.1258977317603,12.9985904297453,11.7219536128014,8.89481776330794,2.58496250072116,11.7099453802325,13.4101863207251,9.25738784269265,10.0140204703149,5.24792751344359,13.5452058274256,6.75488750216347,10.5488219084588,4,3.8073549220576,1,13.871327736134,2.58496250072116,8.17990909001493,2,1,1,1,8.03342300153745,11.0402897210257,10.7698378436294,1,4.16992500144231,9.36632221424582,8.74819284958946,4.4594316186373,14.6587693478996,7.96578428466209,2.58496250072116,9.75822321472672,1,"1"
"TCGA.77.8008.01A",5.64385618977472,9.18487534290828,6.6724253419715,13.2848241002246,7.94251450533924,13.4312364120711,8.53915881110803,13.5915223465707,5.70043971814109,6.16992500144231,1,8.75488750216347,1,11.5517082616207,12.7342862320963,11.7064960180612,1,8.35755200461808,12.402479172215,6.24792751344359,8.65105169117893,3.8073549220576,5.8073549220576,10.7004397181411,9.05528243550119,2.58496250072116,6.61470984411521,6.64385618977472,9.10852445677817,6.95419631038687,9.31288295528435,6.35755200461808,8.64385618977472,11.1189410727235,14.613444170672,3.8073549220576,7,4,13.546653347655,8.66533591718518,2,9.60362634498619,8.18982455888002,6.24792751344359,4.90689059560852,16.9865087092299,1,5.52356195605701,1,11.9351650496037,6.58496250072116,1,9.76818432477693,4.90689059560852,1,2,3.8073549220576,1,4.32192809488736,4,6.08746284125034,5.08746284125034,3.58496250072116,11.0292872269682,4.8073549220576,6.7279204545632,4.4594316186373,6.16992500144231,3.58496250072116,1,6.85798099512757,3.58496250072116,1,5.52356195605701,2,5.4594316186373,9.73809225962049,5.64385618977472,2.58496250072116,3.58496250072116,3,12.4257404243162,1,5.16992500144231,11.3106127816595,2,1,3.58496250072116,6,2,11.9708249013626,9.07146236255662,5.32192809488736,2.58496250072116,9.06608919045777,1,5,4.32192809488736,3.58496250072116,6.55458885167764,6.24792751344359,16.0149358168374,10.57931593758,6.35755200461808,13.5260101070617,11.8509681509824,10.8201789624152,8.08746284125034,3,8.74146698640115,12.4299297413533,4,7.65821148275179,4.70043971814109,12.7544699952756,3.58496250072116,8.4757334309664,5.70043971814109,2,1,8.4178525148859,1,7.02236781302845,3.8073549220576,2.58496250072116,1,2,8.14974711950468,9.31288295528435,10.1922928144708,3,8.17990909001493,4.90689059560852,7.4093909361377,6.55458885167764,12.8177831217745,5.24792751344359,8.4262647547021,2.58496250072116,1,"1"
"TCGA.22.5478.01A",7.2667865406949,6.88264304936184,1,6.90689059560852,11.3151495622563,14.5855494154361,4.4594316186373,15.8486229404293,10.3442959079158,3.8073549220576,6.70043971814109,10.1085244567782,5.95419631038687,10.616548843779,12.4304525516655,11.7590559391602,3,5.24792751344359,13.5795516528066,6.55458885167764,5.16992500144231,6.70043971814109,5.8073549220576,5.52356195605701,9.16490692667569,3.32192809488736,8.90086680798075,6.08746284125034,11.5147140541385,5.24792751344359,8.02236781302845,7.16992500144231,10.9454438363779,9.22881869049588,8.876516946565,4.32192809488736,2,7.94251450533924,9.92481250360578,7.85798099512757,4.32192809488736,7.70043971814109,9.97154355395077,5.32192809488736,5.64385618977472,15.5106405595521,6.58496250072116,1,4.32192809488736,11.9893944998447,9.00562454919388,8.09803208296053,8.73470962022584,7.02236781302845,1,3.58496250072116,4.70043971814109,3,7.62935662007961,3,7.02236781302845,4.32192809488736,3.32192809488736,14.1628633376081,7.64385618977472,6,3.32192809488736,7.62935662007961,4.8073549220576,4.58496250072116,6.24792751344359,2,1,1,2,5.75488750216347,9.72451385311995,5.08746284125034,3.32192809488736,4.70043971814109,1,11.871135184243,1,4.16992500144231,9.2807707701306,1,3.58496250072116,5.90689059560852,2.58496250072116,1,13.4083297407674,9.58496250072116,2.58496250072116,1,10.1623913287569,1,6.61470984411521,1,4.58496250072116,5.52356195605701,4.70043971814109,5.52356195605701,7.52356195605701,6.35755200461808,11.9439799143437,12.1811522568656,10.4220647661728,8.49185309632967,4,11.4220647661728,13.4215389068483,9.27146302790437,9.72451385311995,9.16490692667569,13.653964643249,3,9.79116288855502,4.8073549220576,1,2,10.2312211807112,2.58496250072116,11.5410966153495,1,1,1,1,6.28540221886225,10.7498694273968,9.61838550225861,1,4.4594316186373,9.77478705960117,9.65463602852797,5.4594316186373,13.9242558009012,7.78135971352466,6.70043971814109,2.58496250072116,11.4450148458684,"1"
"TCGA.98.8022.01A",4.16992500144231,5.58496250072116,1,10.652844973002,8.84549005094437,11.6082548219779,3.8073549220576,14.6304946615056,7.70043971814109,1,2.58496250072116,10.652844973002,1,8.56985560833095,12.9181178510318,11.7607199474656,1,6.52356195605701,11.567005370247,9.60362634498619,5,7,6.4594316186373,6.85798099512757,6.85798099512757,6.70043971814109,9.4594316186373,6.39231742277876,9.81698362325538,5.8073549220576,5.32192809488736,6.28540221886225,7.04439411935845,8.36632221424582,10.3128829552844,5.08746284125034,5.64385618977472,6.70043971814109,13.2833777892856,6.28540221886225,6.58496250072116,5.85798099512757,8.60733031374961,5,4.90689059560852,12.8876014245087,3.32192809488736,7.22881869049588,1,6.32192809488736,5.85798099512757,1,6.16992500144231,8.02236781302845,1,3,5.70043971814109,1,8.11894107272351,3.32192809488736,5.58496250072116,2,2.58496250072116,13.9093305930068,5.90689059560852,6,4.8073549220576,3.58496250072116,3.58496250072116,6.70043971814109,7.61470984411521,1,4.4594316186373,1,3.8073549220576,6.08746284125034,8.8703647195834,5,1,2,1,9.65463602852797,2.58496250072116,4,7.56985560833095,2.58496250072116,4.8073549220576,5.4594316186373,5.24792751344359,2,4.32192809488736,6.75488750216347,7.18982455888002,6.08746284125034,8.79441586635011,1,7,6.39231742277876,4.32192809488736,6.4262647547021,5.85798099512757,10.4573808790725,6.39231742277876,5.85798099512757,10.1649069266757,11.5459297690855,9.56224242422107,9.98013957763916,1,12.4189067312579,11.2360141919001,6.49185309632967,10.9985904297453,5.39231742277876,12.1078709142796,4.8073549220576,7.37503943134692,5.08746284125034,1,1,10.7313190310251,3.58496250072116,5.58496250072116,2,1,1,5.4594316186373,6.85798099512757,7.70043971814109,7.64385618977472,2.58496250072116,5,5.85798099512757,9.25266543245025,5,13.7110216167918,7.7279204545632,6,2,1,"1"
"TCGA.39.5029.01A",6.04439411935845,9.06608919045777,4.32192809488736,13.8193807908646,8.72109918870719,13.5264992391366,3.58496250072116,14.34554385411,6.55458885167764,8.57742882803575,3,11.8153832958135,1,12.0195907283579,14.3363670813898,11.4817994316658,1,9.82336724004623,12.6666678406904,10.5216004397237,2,7.62935662007961,4,8.27612440527424,7.4757334309664,4.4594316186373,8.39231742277876,7.14974711950468,11.6339034093485,6.28540221886225,7.71424551766612,4.16992500144231,8.18982455888002,8.70735913208088,7.35755200461808,1,2,6.93073733756289,15.3116773703495,5.16992500144231,2,9.57742882803575,8.54689445988764,5,6.4594316186373,14.0796514441448,2.58496250072116,2.58496250072116,1,11.8879821330585,7.90689059560852,1,8.57742882803575,6.75488750216347,1,5.58496250072116,2,2,9.0389189892923,2.58496250072116,6.32192809488736,5.08746284125034,4.16992500144231,13.4558409091264,2.58496250072116,5.24792751344359,9.45121111183233,6.6724253419715,2.58496250072116,6.75488750216347,8.64385618977472,2.58496250072116,1,3.58496250072116,1,5.90689059560852,8.19967234483637,11.2667865406949,6.04439411935845,2,1,10.3923174227788,2.58496250072116,8.14974711950468,7.70043971814109,1,2,5,7.49185309632967,1,12.3370643386847,8.56224242422107,2.58496250072116,2.58496250072116,9.33985000288462,1,4.70043971814109,2,4,7.7279204545632,4.8073549220576,11.4252159032994,9.60362634498619,6,11.7515440590891,11.3465137331656,10.1189410727235,8.24792751344359,1,12.2082343583398,10.9410476063406,6.6724253419715,10.3706874068072,10.9322147519684,13.0347989625773,3.8073549220576,9.49984588708321,5.39231742277876,2.58496250072116,3.8073549220576,11.7903484967519,2.58496250072116,8.65105169117893,4.58496250072116,8.52356195605701,4.70043971814109,2.58496250072116,7,10.103287808412,7.44294349584873,3.32192809488736,2.58496250072116,5.90689059560852,7.88264304936184,8.59991284218713,13.7523806465529,7.33985000288462,7.95419631038687,1,5.16992500144231,"1"
"TCGA.34.5236.01A",5,12.1433832139898,7.4594316186373,13.6186149202508,8.4093909361377,12.9854861991046,6.6724253419715,11.9872640120725,10.0112272554233,8.98299357469431,3.58496250072116,11.9053870050181,7.52356195605701,14.1091777033553,15.695935108504,11.8265484872909,1,12.8117760553267,13.3539738218182,10.8948177633079,8.49984588708321,7.35755200461808,4.70043971814109,9.36632221424582,11.7013064619586,4.4594316186373,8.22881869049588,10.9277779620823,11.7854524681585,6.16992500144231,10.6934869574993,7.4262647547021,9.61102479730735,10.8470573460913,14.4200918046023,2,1,2,14.496853777388,11.806549621986,5.32192809488736,9.83920378809694,9.04984854945056,5.64385618977472,8.03342300153745,16.5957819600915,6.64385618977472,3.58496250072116,1,12.9395792143147,5.90689059560852,1,8.6724253419715,6.55458885167764,2.58496250072116,6.24792751344359,6.12928301694497,4.32192809488736,8.36632221424582,4.16992500144231,5.39231742277876,8.93663793900257,4.32192809488736,13.9057630496028,5.16992500144231,6.61470984411521,10.0874628412503,7.3037807481771,4.70043971814109,3.8073549220576,2,4,7,6.32192809488736,1,8.84549005094437,9.6582114827518,11.4157417682901,2.58496250072116,1,2.58496250072116,11.9417812422785,1,2,10.3923174227788,3,2,4.8073549220576,6.70043971814109,5.58496250072116,13.2149261879424,9.51175265376738,3.8073549220576,3.32192809488736,9.83920378809694,1,10.0633950812885,1,5.24792751344359,11.8233672400462,10.7846348455575,14.4791486941548,8.94251450533924,6.8073549220576,14.4726908392428,12.3971398062356,10.9915218460757,8.49185309632967,5.4594316186373,8.4178525148859,12.0973737689902,7.71424551766612,9.38801728534514,8.94251450533924,11.319672120947,1,10.0361736125535,4.16992500144231,4.32192809488736,5.32192809488736,13.1163439612375,3,11.9158793788358,6.16992500144231,6.32192809488736,2,4.70043971814109,3,10.5603328342124,10.5097750043269,1,7.68650052718322,9.14465824283188,10.677719641641,7.24792751344359,13.6050164479114,6.32192809488736,10.7797193551434,2,9.00562454919388,"1"
"TCGA.77.7463.01A",6.55458885167764,1,1,10.6934869574993,7.91886323727459,11.7640422173066,6.55458885167764,14.5330863421676,11.7936033092794,7.94251450533924,7.12928301694497,13.8395974830212,1,13.9503736350245,15.5490024748088,11.7082217300384,2.58496250072116,8.10852445677817,12.868822554775,3.58496250072116,4.16992500144231,6.70043971814109,4.16992500144231,8.467605550083,8.54689445988764,4,8.08746284125034,7.83289001416474,10.4757334309664,5.70043971814109,4.90689059560852,2.58496250072116,11.4594316186373,7.55458885167764,14.1966021265232,1,4.32192809488736,3,15.2097579565814,7.24792751344359,2,9.47167521439204,4.58496250072116,4.8073549220576,5.8073549220576,12.2033480029798,2,1,3,12.1344263202209,5.16992500144231,1,8.61470984411521,4.70043971814109,1,2,2.58496250072116,2,7.52356195605701,5.70043971814109,5,2,3,11.8097681287104,2,6.04439411935845,5.64385618977472,6.55458885167764,5.52356195605701,1,1,1,4.32192809488736,2.58496250072116,1,4.70043971814109,9.4093909361377,6.8073549220576,5.24792751344359,1,1,8.75488750216347,1,3.58496250072116,8.09803208296053,2.58496250072116,1,3.32192809488736,8.36632221424582,1,12.525031345124,7.64385618977472,1,1,8.33985000288462,1,2.58496250072116,1,1,9.45532722030456,6.93073733756289,10.8025163651212,5.64385618977472,3.32192809488736,10.5117526537674,10.9395792143147,9.14465824283188,8.31288295528435,1,12.0154150523867,12.0986900966736,7.4757334309664,7.10852445677817,9.39660478118186,10.0140204703149,5.58496250072116,10.211888294546,3.58496250072116,5.16992500144231,1,12.8356556908398,1,5.4594316186373,5.64385618977472,5.75488750216347,3.58496250072116,3,6.8073549220576,10.3641346550081,11.2679570844028,1,5.64385618977472,12.3359485652023,5.16992500144231,3.32192809488736,13.4698961486709,6.4262647547021,2.58496250072116,4,4.4594316186373,"1"
"TCGA.85.A4QQ.01A",3.58496250072116,5.70043971814109,2.58496250072116,13.3128829552844,6.55458885167764,12.4873376152072,6.85798099512757,11.7515440590891,7.93073733756289,4.32192809488736,1,8.28540221886225,1,8.90689059560852,12.2888660741658,8.48381577726426,3.32192809488736,9.50382573799575,3,5.32192809488736,8.66533591718518,6.20945336562895,3.58496250072116,8.59991284218713,8.91288933622996,2.58496250072116,6.08746284125034,3.32192809488736,10.8856963733394,6,5.8073549220576,2.58496250072116,8.49984588708321,6.58496250072116,12.2644426002266,1,2,1,14.5338163894334,9.90388184573618,2,10.8978454560055,6.4594316186373,5.24792751344359,6.04439411935845,11.2300204357056,3,1,2,6.04439411935845,7.22881869049588,7.20945336562895,5.58496250072116,8.92481250360578,1,1,3,1,7.78135971352466,4.16992500144231,4.16992500144231,5.32192809488736,1,9.33091687811462,4.8073549220576,3.58496250072116,1,4.90689059560852,4,1,1,3.58496250072116,1,5.75488750216347,1,3.58496250072116,9.21431912080077,12.2951949558807,5.70043971814109,1,1,11.0781508077346,1,3.58496250072116,10.0389189892923,1,1,4.4594316186373,5.8073549220576,2,2.58496250072116,4.90689059560852,1,1,7.14974711950468,1,3.8073549220576,1,2,9.87958324961278,9.90689059560852,15.769372982971,4,3,9.40514146313634,9.27612440527424,7.28540221886225,4.58496250072116,1,8.25738784269265,10.0606959316876,5.8073549220576,4.58496250072116,1,7.35755200461808,1,9.2240016741981,4.4594316186373,4.58496250072116,1,11.1459321458205,1,7.6724253419715,3.58496250072116,4.90689059560852,2,1,1,9.79116288855502,5.75488750216347,1,4.70043971814109,4,6.32192809488736,4,11.3128829552844,5,7.18982455888002,1,6.39231742277876,"1"
"TCGA.18.3410.01A",6.4262647547021,10.7862696276485,4.58496250072116,13.881305185414,7.4093909361377,8.33985000288462,4.16992500144231,14.3732730044221,5.70043971814109,6.49185309632967,2.58496250072116,13.694575537526,1,10.3219280948874,12.4062050054189,12.5769566647061,4.32192809488736,7.76818432477693,5.52356195605701,11.0334230015375,6.55458885167764,7.61470984411521,5.08746284125034,8.03342300153745,4.32192809488736,3.32192809488736,7.93073733756289,6.6724253419715,12.0098286173681,6.83289001416474,7.28540221886225,6.16992500144231,9.34872815423108,7.4757334309664,8.53915881110803,3.32192809488736,5.70043971814109,2,7.88264304936184,3.58496250072116,3.32192809488736,6.75488750216347,8.85174904141606,2,4.4594316186373,13.6971847832245,4.90689059560852,5.70043971814109,2,6.64385618977472,9.13955135239879,1,8.08746284125034,10.1548181090521,1,3.32192809488736,8.56985560833095,1,10.0334230015375,1,11.5896511465148,4.32192809488736,1,15.117480772833,1,6.28540221886225,2.58496250072116,6.7279204545632,5.39231742277876,2,1,1,7.64385618977472,1,1,4.16992500144231,9.78463484555752,6.24792751344359,2,1,1,9.14974711950468,2,4.16992500144231,10.7681843247769,1,6,3.32192809488736,7.56985560833095,1,4.70043971814109,7.58496250072116,9.95128471496697,8.67948009950545,8.63662462054365,2.58496250072116,8.08746284125034,9.93663793900257,4,8.37503943134692,5.4594316186373,7.94251450533924,13.161446847518,4.58496250072116,9.63662462054365,10.4008794362822,9.99717948093762,10.7648715907361,3.58496250072116,9.10328780841202,13.0734721539765,4,9.26209484537018,2,10.4325419003883,3,12.4898479604393,4.16992500144231,4.4594316186373,1,9.40087943628218,1,5.4594316186373,3.32192809488736,2.58496250072116,1,2,6.04439411935845,10.5117526537674,8.61470984411521,1,2.58496250072116,1,7.71424551766612,3.32192809488736,11.7968507952672,8.33985000288462,4.4594316186373,8.77478705960117,6.08746284125034,"1"
"TCGA.39.5030.01A",6.6724253419715,2.58496250072116,2,10.8169836232554,7.24792751344359,10.9844184588011,2.58496250072116,13.3769393216198,1,3.8073549220576,8.51569983828404,14.0462714065991,4,9.51175265376738,12.4928546201747,11.6008421143873,2.58496250072116,6.28540221886225,10.9008668079807,7.04439411935845,4.58496250072116,6.64385618977472,5.16992500144231,3.8073549220576,7.59991284218713,4,8.29462074889163,5.75488750216347,10.1799090900149,4.90689059560852,7.56985560833095,2.58496250072116,7.8073549220576,8.25738784269265,10.0874628412503,4.58496250072116,3.32192809488736,2,8.68650052718322,7.02236781302845,4.16992500144231,6.24792751344359,8.22881869049588,3,3.8073549220576,14.9747730678893,3,1,5.90689059560852,11.8587580999354,4.70043971814109,1,6.08746284125034,2,1,2,5.08746284125034,1,5.52356195605701,5.75488750216347,6.24792751344359,2.58496250072116,2.58496250072116,14.0489976529111,3.58496250072116,5.24792751344359,3.58496250072116,5.8073549220576,3.32192809488736,7.64385618977472,1,2.58496250072116,1,1,4.70043971814109,5.58496250072116,7.2667865406949,4.16992500144231,3,2,1,8.94251450533924,3.32192809488736,1,7.70043971814109,1,2,2.58496250072116,3,1,10.7598881832218,8.88264304936184,1,4.4594316186373,9.39231742277876,1,5.70043971814109,1,5,4,4.32192809488736,8.05528243550119,4,5.64385618977472,12.0188956211216,11.602698865018,10.7481928495895,7.6724253419715,3,10.1573469353628,11.8933015308606,6.78135971352466,9.41362792902417,5.24792751344359,12.6622233053178,1,10.211888294546,4.58496250072116,4,2,12.0320457269308,1,7.4757334309664,2,1,1,1,5.24792751344359,9.04439411935845,8.22881869049588,1,4.16992500144231,4,10.8626373575588,4.16992500144231,13.1978309980122,7.52356195605701,5.16992500144231,4.8073549220576,5.16992500144231,"1"
"TCGA.85.A4JC.01A",2.58496250072116,6.8073549220576,5.90689059560852,12.9571020415623,7.28540221886225,10.8233672400462,4.16992500144231,12.5367328898354,8.85798099512757,4.4594316186373,1,10.2900188469326,1,8.59991284218713,12.0867996856235,9.62935662007961,2,10.1369911120802,6.61470984411521,9.18487534290828,6.97727992349992,5.95419631038687,3.32192809488736,7.39231742277876,6.24792751344359,5.39231742277876,7.5077946401987,9.33539035469392,10.0140204703149,5.64385618977472,6.61470984411521,5.64385618977472,8.8008998999203,9.11894107272351,13.8946283213747,1,1,1,14.5795516528066,6.90689059560852,3,8,7.89481776330794,6.58496250072116,5.8073549220576,13.769011321097,2.58496250072116,1,1,12.4178525148859,7.06608919045777,1,7.68650052718322,6.32192809488736,1,2.58496250072116,4.4594316186373,1,5.70043971814109,2,4.16992500144231,7.71424551766612,1,9.876516946565,2,5.58496250072116,1,6.78135971352466,3.8073549220576,2,5.52356195605701,3.32192809488736,1,5,1,6.75488750216347,7.90689059560852,7.20945336562895,1,1,2,12.0443941193585,1,1,9.82654848729091,4.16992500144231,1,4.16992500144231,6.24792751344359,1,1,7,1,1,8.86418614465428,1,7.14974711950468,4.4594316186373,4.70043971814109,9.11894107272351,10.3728650601126,12.140829770773,4.8073549220576,1,9.2807707701306,10.5736471874933,8.82654848729091,5.58496250072116,5.75488750216347,7.91886323727459,10.4532706340106,3,9.53915881110803,2.58496250072116,8.72109918870719,1,8.39231742277876,5.08746284125034,3,1,11.5961897561444,1,6.52356195605701,1,5.8073549220576,1,5.4594316186373,2,8.85174904141606,6.88264304936184,1,7.62935662007961,5.16992500144231,9.55458885167764,5.75488750216347,12.5048189876328,5.70043971814109,8.44294349584873,1,4.32192809488736,"1"
"TCGA.77.8143.01A",5.85798099512757,1,2.58496250072116,10.403012023575,9.35755200461808,12.4983506079296,6.52356195605701,14.527965641134,3.32192809488736,4.90689059560852,11.5971214287896,6.49185309632967,7.4093909361377,11.7219536128014,16.0478907366038,10.9715435539508,1,5.75488750216347,13.4696418172395,2.58496250072116,2.58496250072116,6.20945336562895,3,8.33091687811462,8.467605550083,1,7.20945336562895,7.74146698640115,11.9083926207737,6.08746284125034,8.90689059560852,2,10.1799090900149,6.97727992349992,13.9842404252301,7.22881869049588,1,2,14.5020859039859,10.2550285698187,3.58496250072116,8.52356195605701,7.2667865406949,3.32192809488736,4,11.6036263449862,4.58496250072116,2,1,10.6917435191713,6.61470984411521,2,9.8008998999203,6.08746284125034,1,3.8073549220576,4.58496250072116,1,7.44294349584873,1,4.90689059560852,5.8073549220576,1,13.1913677134189,2,5.85798099512757,1,7.16992500144231,4.4594316186373,1,7.4093909361377,3,7.96578428466209,1,1,3.32192809488736,6.08746284125034,5.85798099512757,4.90689059560852,1,1,9.08746284125034,1,3.58496250072116,7.14974711950468,3,3,4,2.58496250072116,1,13.1468868354159,7.4594316186373,1,2.58496250072116,7.82017896241519,1,3.58496250072116,2,2.58496250072116,5.95419631038687,9.6724253419715,12.1749256825007,8.55458885167764,3.58496250072116,10.1724275086455,9.9915218460757,8.77478705960117,7.65821148275179,4.32192809488736,9.92184093707449,9.48381577726426,1,6.28540221886225,6.93073733756289,9.84862294042934,5.4594316186373,10.5679560754155,6.7279204545632,1,3.32192809488736,11.7927902943011,8.71424551766612,6.4262647547021,8.10852445677817,1,1,2,4.90689059560852,10.2761244052742,5.85798099512757,1,10.0687782779854,1,8.16992500144231,2,13.2306209331299,6.28540221886225,3.58496250072116,3,2,"1"
"TCGA.77.7337.01A",4.90689059560852,9.97727992349992,4.8073549220576,13.2755425560867,7.22881869049588,12.6781599575428,5.32192809488736,11.7623820387104,8.72109918870719,6.55458885167764,1,11.5097750043269,1,11.4777582664439,13.6001452163587,12.3111806600534,2,8.90689059560852,4.16992500144231,10.7262181593322,7.02236781302845,3,3.58496250072116,5.16992500144231,8.8073549220576,3.32192809488736,7.56985560833095,5.39231742277876,11.2656150464845,5.70043971814109,8.77478705960117,5.32192809488736,8.8073549220576,8.02236781302845,15.6233099671914,1,6.24792751344359,2,15.4817994316658,13.9055750395627,1,8.7279204545632,9.02790599656988,1,4.90689059560852,16.4319219407325,1,1,2,12.5517082616207,5.24792751344359,2.58496250072116,9.83605035505807,6.88264304936184,1,1,3,3.32192809488736,3.58496250072116,3.8073549220576,5.70043971814109,4.4594316186373,1,8.54689445988764,4.16992500144231,2,3,6.78135971352466,2,7.33985000288462,7.6724253419715,2,1,4.16992500144231,1,4,10.7090838125503,9.25738784269265,3.58496250072116,2,3,9.4757334309664,2,4.58496250072116,8.23840473932508,2,1,2,8.36632221424582,2,1,9.09803208296053,2,1,10.0525680508042,1,5.08746284125034,5.08746284125034,3,7.61470984411521,8.90689059560852,12.7397806097733,8.74146698640115,5.16992500144231,13.1522848423066,12.1699250014423,9.7714894695006,5.85798099512757,4.8073549220576,7.4093909361377,11.9359016822676,7.90689059560852,6.4594316186373,9.84235034341381,10.5313814605163,2,10.5137275959524,3.32192809488736,3,2.58496250072116,12.1491119907069,3,7.44294349584873,3,3,3,1,2.58496250072116,10.6794800995054,10.0741414627525,1,6.55458885167764,5.85798099512757,7.53915881110803,6.28540221886225,12.8407779235951,4.4594316186373,7.56985560833095,2,7.10852445677817,"1"
"TCGA.77.8145.01A",2,4.70043971814109,1,10.8089641749193,7.18982455888002,11.9665054519057,5.58496250072116,11.0552824355012,6.4594316186373,4.70043971814109,1,10.4450148458684,1,9.83920378809694,12.6298119443822,9.96000193206808,1,6,11.4325419003883,7.89481776330794,4,4.58496250072116,3.8073549220576,6.08746284125034,8.45121111183233,3.8073549220576,5.70043971814109,7.06608919045777,10.5603328342124,3,10.1548181090521,6,11.0953970227926,8.89481776330794,13.653964643249,2,3,1,10.9498267107591,5.8073549220576,3.58496250072116,5.64385618977472,4.58496250072116,4.90689059560852,3.58496250072116,15.1851851668203,4.8073549220576,2,2.58496250072116,11.5372184005386,6.35755200461808,3.32192809488736,6.52356195605701,5.75488750216347,1,1,8.22881869049588,1,4.90689059560852,2.58496250072116,2.58496250072116,3.8073549220576,1,9.61102479730735,5.4594316186373,5.90689059560852,1,8.85174904141606,3.8073549220576,7.85798099512757,6.4594316186373,1,1,1,1,9.58496250072116,8.467605550083,6.55458885167764,3,2.58496250072116,2,11.2227949028681,1,4.90689059560852,9.91587937883577,1,1,3.32192809488736,2,1,11.2264121927888,5.90689059560852,2,1,6.83289001416474,2,3,1,1,5.75488750216347,5,11.1357092861044,2,3.32192809488736,9.0389189892923,10.0334230015375,7.91886323727459,6.61470984411521,5.24792751344359,8.59991284218713,10.8703647195834,5.24792751344359,5.64385618977472,7.90689059560852,8.18982455888002,1,7.82017896241519,4.32192809488736,2,2.58496250072116,9.86108690599539,1,11.6555307231556,1,2,2,5.4594316186373,2,8.44294349584873,8.48381577726426,1,9.21431912080077,8.05528243550119,8.55458885167764,7.10852445677817,10.8610869059954,6.4262647547021,7.82017896241519,2,7.12928301694497,"1"
"TCGA.34.5241.01A",7.35755200461808,7.3037807481771,3,9.3264294871223,9,13.6987046667703,6.35755200461808,14.2809157281856,4.58496250072116,6.61470984411521,1,8.67948009950545,1,10.2191685204622,14.0983611273321,12.2859801059282,1,8.28540221886225,8.59245703726808,10.7465143211385,5.16992500144231,6.8073549220576,5.85798099512757,12.8753654006418,7.49185309632967,4.8073549220576,9.35755200461808,8.4093909361377,12.2755425560867,6.24792751344359,7.88264304936184,6.88264304936184,7.8703647195834,8.93663793900257,13.6352646565395,1,1,5,13.9240701855853,8.09803208296053,5.16992500144231,10.6220518194564,10.5117526537674,5.90689059560852,4.90689059560852,14.6570951048884,4.4594316186373,3.32192809488736,1,13.6805792957802,4.58496250072116,1,9.37937836707126,6.61470984411521,1,2,2,1,7.08746284125034,2,7.02236781302845,6.4262647547021,2.58496250072116,11.7064960180612,4.16992500144231,4.70043971814109,3,8.2667865406949,2.58496250072116,8.28540221886225,6.20945336562895,2,1,1,1,7.65821148275179,11.4377520723236,6.8073549220576,4.16992500144231,3.8073549220576,1,9.67595703294175,1,2.58496250072116,8.44294349584873,1,3.32192809488736,4,4.16992500144231,2.58496250072116,10.8041310211833,8.25738784269265,1,1,9.70043971814109,1,6.7279204545632,1,3,9.38801728534514,6.85798099512757,9.4757334309664,7.68650052718322,7.4262647547021,12.6886874232225,11.9233274854192,10.6934869574993,7.91886323727459,2,11.7202442582876,11.6794800995054,6.83289001416474,10.5430318202552,7.64385618977472,12.2502984179063,7.28540221886225,10.4737057496194,3.8073549220576,1,2,12.7490313820402,3.32192809488736,12.6591039634737,5,3.8073549220576,2,1,8.25738784269265,10.1774195379892,9.09803208296053,1,9.02790599656988,6.78135971352466,6.49185309632967,4.32192809488736,14.4692602360054,6.52356195605701,8.97154355395077,2.58496250072116,6.49185309632967,"1"
"TCGA.85.8666.01A",4.32192809488736,11.0861362250273,5.95419631038687,11.4146852358072,6.64385618977472,11.3286749273279,4.16992500144231,9.86727873970966,7.74146698640115,9.4178525148859,2.58496250072116,11.0168082876866,3,13.8525295094042,13.3456824481868,11.7193888209421,1,8.23840473932508,12.6474584264549,7.10852445677817,5.90689059560852,3.8073549220576,5.16992500144231,8.8073549220576,8.49185309632967,2,7.64385618977472,9.22881869049588,10.8548683832602,4.90689059560852,7.89481776330794,4.8073549220576,9.37937836707126,8.56224242422107,13.2218891614713,1,1,1,14.9719027460455,10.0306671362469,1,9.4594316186373,7.20945336562895,4.58496250072116,7.79441586635011,14.7946189341301,4,2.58496250072116,1,12.6995724532873,5.39231742277876,2,6.49185309632967,5.39231742277876,1,3.32192809488736,3.8073549220576,4,3.58496250072116,2.58496250072116,3.32192809488736,3.32192809488736,4.32192809488736,7.7279204545632,2,4.8073549220576,2.58496250072116,6.24792751344359,4.16992500144231,8.07681559705083,2.58496250072116,3.32192809488736,1,6.85798099512757,1,4.32192809488736,11.3685064615077,6.28540221886225,5,4.58496250072116,1,10.8872206154684,1,5.75488750216347,9.77478705960117,1,2,2.58496250072116,4.16992500144231,1,11.283088353024,8.49185309632967,1,3,9.4178525148859,1,4.16992500144231,2,3.8073549220576,9.18982455888002,9.24317398347295,13.0894504811159,7.24792751344359,5.24792751344359,13.1153688378202,11.7355560239115,9.6582114827518,4.90689059560852,4,7.70043971814109,10.8749813476538,7.98868468677217,7.04439411935845,6.04439411935845,10.3487281542311,1,11.3998119593257,2.58496250072116,4.8073549220576,6.85798099512757,11.1459321458205,1,9.18487534290828,5.24792751344359,5.32192809488736,2,1,1,10.9483672315847,8.05528243550119,1,8.01122725542325,6.32192809488736,7.61470984411521,4.16992500144231,11.8540891798706,5,9.50382573799575,2,3.58496250072116,"1"
"TCGA.77.7338.01A",8.09803208296053,11.1421070573025,6.20945336562895,14.3302166426784,9.12412131182919,13.1864237975389,5.8073549220576,15.9938229367459,10.2550285698187,9.09803208296053,2,12.7372473430277,1,14.5429109459691,15.8942967381221,12.6474584264549,4.16992500144231,8.20945336562895,12.813781191217,6.85798099512757,8.69348695749932,6.90689059560852,5.58496250072116,8.53138146051631,8.4757334309664,3.32192809488736,7.96578428466209,8.59245703726808,10.4512111118323,7.4757334309664,8.49185309632967,3.58496250072116,6.35755200461808,9.07146236255662,14.3650921203465,1,4.16992500144231,2.58496250072116,14.6608872703026,13.1746136472359,4.58496250072116,9.2807707701306,10.4008794362822,6.16992500144231,5.39231742277876,15.5566856618979,4.16992500144231,8.6582114827518,1,12.0794847838268,5,7.2667865406949,10.103287808412,3.58496250072116,1,3.32192809488736,6.12928301694497,1,6.61470984411521,5.75488750216347,5.70043971814109,5.90689059560852,4.58496250072116,13.7387256224934,4.58496250072116,5.39231742277876,9.37503943134693,3,4.70043971814109,7.4757334309664,4.32192809488736,3.32192809488736,1,3.58496250072116,2,6.08746284125034,11.5849625007212,9.02790599656988,4.58496250072116,3.32192809488736,3,10.3750394313469,1,6.24792751344359,9.04439411935845,3,1,4.8073549220576,6.93073733756289,4.32192809488736,12.4367115421372,9.55074678538324,1,1,9.29001884693262,1,6.4594316186373,1,3,8.94836723158468,9.31741261376487,14.2022769030434,10.2784494582205,4.8073549220576,13.270295326472,11.8057438721516,9.86108690599539,8.57742882803575,3.32192809488736,9.37503943134693,12.1811522568656,7.39231742277876,8.14974711950468,4.70043971814109,13.0392617943411,6.32192809488736,9.5352753766208,3.32192809488736,4.8073549220576,4.4594316186373,11.2155329997457,4.70043971814109,10.5507467853832,7,3,2.58496250072116,1,5.85798099512757,9.39231742277876,10.6073303137496,1,8.21916852046216,8.72109918870719,9.05528243550119,6.28540221886225,14.0334230015375,6.12928301694497,9.95419631038687,2.58496250072116,3.58496250072116,"1"
"TCGA.77.7138.01A",3.32192809488736,6.52356195605701,4.58496250072116,15.2986354067342,7.58496250072116,12.0512089409148,7.64385618977472,11.8017083589165,8.98868468677217,2,1,6.61470984411521,1,11.3674147512468,12.5745935273376,10.8057438721516,3.32192809488736,10.6036263449862,6.52356195605701,6.70043971814109,7.55458885167764,2.58496250072116,5.32192809488736,9.14465824283188,10.5196362528432,2.58496250072116,6.95419631038687,8.2667865406949,12.3542493819452,7.04439411935845,6.32192809488736,4.32192809488736,7.8703647195834,6.70043971814109,14.5592575780351,1,4.32192809488736,2,15.7839190454729,9.74483383749955,1,8.04439411935845,8.4757334309664,4.16992500144231,7.76818432477693,13.0498485494506,2.58496250072116,1,7.55458885167764,12.257977058564,4.58496250072116,5.16992500144231,8.20945336562895,5.8073549220576,1,1,4,2,9.24792751344359,3,4.70043971814109,5.16992500144231,3,10.3398500028846,3,1,1,6.20945336562895,3.58496250072116,2,4.8073549220576,1,2,5.58496250072116,1,3.32192809488736,8.55458885167764,7.71424551766612,2.58496250072116,2,3,12.9708249013626,1,2.58496250072116,10.3944626946103,2.58496250072116,1,3.32192809488736,2.58496250072116,1,3.32192809488736,5.85798099512757,1,1,7.35755200461808,1,5.24792751344359,1,2,7.74146698640115,10.0028150156071,15.0592599518451,7.5077946401987,4.32192809488736,10.4325419003883,10.6934869574993,9.13955135239879,5.85798099512757,4.32192809488736,8.60733031374961,10.3174126137649,2,5.64385618977472,4,8.21916852046216,3.32192809488736,9.79766152585376,8.4178525148859,3.32192809488736,2.58496250072116,8.32192809488736,1,10.1241213118292,4,4.4594316186373,1,1,2,11.0416591516372,7.98868468677217,1,10.5137275959524,2,9.4797802640291,11.5774288280357,11.7582232147267,4.8073549220576,8.75488750216347,1,2.58496250072116,"1"
"TCGA.39.5031.01A",7.58496250072116,5.85798099512757,3,10.8887432488983,9.74483383749955,12.4903495057393,4.90689059560852,15.5950243186136,10.9143851321554,4,1,12.4898479604393,1,10.1573469353628,12.467605550083,12.393390457444,1,6.58496250072116,13.0351427478859,5.90689059560852,4,8.12928301694497,8.49185309632967,7.12928301694497,7.4757334309664,4.32192809488736,8.82017896241519,9.17990909001493,12.1452953349336,4.58496250072116,9.58120058192496,7.39231742277876,11.5497846679479,11.3072008091408,14.2872795061029,4.4594316186373,1,4.4594316186373,12.8707500033461,11.7473538294781,4.58496250072116,6.4262647547021,9.22881869049588,5.24792751344359,4.90689059560852,15.5824948482475,6.8073549220576,1,2.58496250072116,12.5947911180893,7.78135971352466,1,6.58496250072116,8.48381577726426,2.58496250072116,2.58496250072116,4.4594316186373,4.90689059560852,8.45121111183233,6.20945336562895,6.49185309632967,8.69348695749932,3.58496250072116,13.6323136625861,3.58496250072116,6.24792751344359,2.58496250072116,6.58496250072116,4.4594316186373,5.16992500144231,2.58496250072116,1,1,3.8073549220576,6.93073733756289,8.34872815423108,10.1472049249422,9.84862294042934,4.8073549220576,2,1,10.3487281542311,4,6.58496250072116,9.01680828768655,3,3.32192809488736,4,8,4.4594316186373,11.4136279290242,8.40087943628219,7.94251450533924,6.78135971352466,9.66533591718518,2.58496250072116,9.4262647547021,1,3.8073549220576,9.29001884693262,10.3750394313469,13.1811522568656,6.55458885167764,5.75488750216347,11.4115109880121,11.4377520723236,9.80413102118332,8.74819284958946,2.58496250072116,11.3487281542311,12.3020676725265,8.70043971814109,11.2784494582205,7.5077946401987,13.3531468254981,6.93073733756289,10.791162888555,3.58496250072116,2.58496250072116,1,12.7834075421735,3.32192809488736,8.10852445677817,6.8073549220576,2,3,4.58496250072116,7.64385618977472,8.89481776330794,9.67595703294175,1,8.4594316186373,8.53138146051631,12.6947931549999,11.103287808412,13.8887432488983,9.31288295528435,7.83289001416474,6.28540221886225,8.22881869049588,"1"
"TCGA.22.5472.01A",8.85798099512757,3.32192809488736,3,9.95419631038687,10.729620743553,12.8486229404293,7.70043971814109,17.2009943627356,9.62570884306447,5.4594316186373,1,12.5008418795569,1,8.49984588708321,13.7467242440258,13.8769005910403,1,7.2667865406949,1,6.12928301694497,3,9.57364718749332,4.32192809488736,6.08746284125034,5.24792751344359,4.32192809488736,10.7279204545632,9.64024493622235,10.5887146355823,5.85798099512757,10.8841705191084,5.08746284125034,9.22881869049588,8.98299357469431,12.5994479815287,1,3.32192809488736,9.24317398347295,12.9325838692893,5.64385618977472,5.58496250072116,8.31288295528435,8.8703647195834,5.32192809488736,5.4594316186373,12.9932922414885,3,1,1,12.3624918060461,2.58496250072116,1,7.76818432477693,4.4594316186373,1,2,4.16992500144231,3.58496250072116,4.8073549220576,4.32192809488736,8.31288295528435,6.4594316186373,6.12928301694497,15.4290143671747,4.90689059560852,1,1,6.4594316186373,2,1,1,2,1,2.58496250072116,1,5.24792751344359,8.67948009950545,6.64385618977472,7,4.70043971814109,1,12.1286388128526,5.24792751344359,5.16992500144231,7.91886323727459,2.58496250072116,1,3,3.32192809488736,2,1,9.93957921431469,1,1,11.1674181458317,1,5.64385618977472,1,4.4594316186373,4.70043971814109,3.58496250072116,7.90689059560852,7.64385618977472,6.24792751344359,13.5567455260047,13.1392315707194,11.3966047811819,9.48784003382305,2.58496250072116,14.1820839295107,12.2632692003727,4.16992500144231,11.0140204703149,6.04439411935845,13.8715202623291,7.08746284125034,10.4051414631363,6,1,3,12.0834793273318,3,10.7073591320809,4.8073549220576,1,2,1,10.1674181458317,9.5077946401987,8.84549005094437,1,8.91288933622996,7.91886323727459,7.91886323727459,4.58496250072116,16.2577929544533,9.04439411935845,8.27612440527424,2.58496250072116,7.4093909361377,"1"
"TCGA.60.2703.01A",3.8073549220576,9.64385618977473,3,6.8073549220576,6.4262647547021,12.1072170755914,4.58496250072116,12.9329528921947,5.24792751344359,3,5.32192809488736,10.7515440590891,1,9.40514146313634,12.3037807481771,11.5430318202552,2,8.62935662007961,10.7142455176661,8.74146698640115,2,2,4.8073549220576,4.32192809488736,8.05528243550119,2.58496250072116,4.32192809488736,8.4594316186373,10.5641494899857,3,8.71424551766612,5,8.15987133677839,8.15987133677839,6.08746284125034,3,8.01122725542325,1,8.78790255939143,3,5.32192809488736,6.4262647547021,7.7279204545632,2.58496250072116,6.85798099512757,15.9661899855933,1,2.58496250072116,2,10.1573469353628,7.28540221886225,2,1,4.90689059560852,1,1,4,1,6.24792751344359,4.90689059560852,4.4594316186373,2,1,7.8073549220576,4,6.39231742277876,2.58496250072116,5.4594316186373,2,1,7.3037807481771,4.4594316186373,6.85798099512757,2,1,3.32192809488736,11.5565060546719,5.52356195605701,3,1,1,7.61470984411521,1,6.12928301694497,10.1006623390052,1,1,5,5.16992500144231,1,10.7245138531199,7.24792751344359,8.22881869049588,6.4594316186373,8.2667865406949,4.90689059560852,4.70043971814109,4,1,6.7279204545632,4.16992500144231,5.08746284125034,6.90689059560852,3.32192809488736,9.6582114827518,10.9556499075284,8.31288295528435,7.22881869049588,6.8073549220576,7.75488750216347,10.8376279331714,2,6.08746284125034,5,9.87958324961278,1,9.84862294042934,2,2.58496250072116,2,10.1497471195047,5.4594316186373,8.68650052718322,2,3.8073549220576,1,2.58496250072116,2.58496250072116,10.1267044728432,9.44708322620965,1,5.24792751344359,6.28540221886225,11.1586096882145,6.12928301694497,10.8344710499842,3.32192809488736,6.12928301694497,1,4.8073549220576,"1"
"TCGA.33.4583.01A",2,8.31288295528435,2,9.09275714091985,5.95419631038687,9.94544383637791,4.90689059560852,11.7389366816761,7.3037807481771,8.25738784269265,2.58496250072116,10.4367115421372,1,12.2946207488916,14.1497471195047,9.43462822763673,1,7.06608919045777,2,2.58496250072116,1,2.58496250072116,6.32192809488736,8.39231742277876,8.55458885167764,3.8073549220576,5.16992500144231,6.85798099512757,11.2632692003727,6.39231742277876,4.32192809488736,3,8.14974711950468,4.90689059560852,15.5467739088083,1,1,1,8.23840473932508,2,1,8.62935662007961,6.04439411935845,3.32192809488736,4.32192809488736,12.2620948453702,3,1,1,12.4568677383803,4.16992500144231,1,5.52356195605701,2,1,1,4.16992500144231,3.58496250072116,1,7.12928301694497,2,1,1,9.06608919045777,4.90689059560852,1,1,5,2.58496250072116,1,1,1,1,3.58496250072116,2,3.58496250072116,12.1680452682241,6.20945336562895,6.32192809488736,2,1,8.73470962022584,2,1,8.09803208296053,2.58496250072116,1,2,6.64385618977472,3.32192809488736,3,5.24792751344359,1,1,6.52356195605701,1,4.16992500144231,1,2.58496250072116,8.76155123244448,7.5077946401987,9.94544383637791,3.8073549220576,3,8.04439411935845,8.4594316186373,7.4757334309664,5.52356195605701,1,7.16992500144231,8.20945336562895,7.24792751344359,5.95419631038687,4.90689059560852,9.42206476617281,2.58496250072116,11.2620948453702,1,4.58496250072116,1,11.3847837500934,2,11.5603328342124,4,1,2,2,4.32192809488736,8.54689445988764,5.75488750216347,1,8.16992500144231,9.66888498426625,7.79441586635011,2.58496250072116,11.0874628412503,4.90689059560852,5,1,2.58496250072116,"1"
"TCGA.77.6842.01A",6.39231742277876,5.64385618977472,3,7.10852445677817,7.6724253419715,9.16992500144231,4,14.0413169158294,5,4.58496250072116,5.08746284125034,11.963618617444,6,9.97727992349992,12.800090987625,12.518161355757,3.58496250072116,7.93073733756289,11.9744145898055,10.7159619902551,1,5.16992500144231,3.58496250072116,4.70043971814109,4.16992500144231,2.58496250072116,7.98868468677217,5.75488750216347,10.8517490414161,5.24792751344359,8.467605550083,3,6.75488750216347,7.35755200461808,1,2,1,1,6.55458885167764,1,6.24792751344359,6.04439411935845,9.76487159073609,2,2.58496250072116,13.4304525516655,3,3.8073549220576,1,6.78135971352466,6.93073733756289,1,5.85798099512757,4.70043971814109,1,2.58496250072116,6.55458885167764,1,8,3.58496250072116,8.467605550083,3.32192809488736,3,14.502334580198,2,5.8073549220576,3.58496250072116,7.83289001416474,2.58496250072116,2.58496250072116,5.8073549220576,1,7.59991284218713,1,5.4594316186373,4.8073549220576,10.1598713367784,3,2,1,1,10.2969162068793,3,2,9.93369065495223,2.58496250072116,1,4.90689059560852,3,1,11.9943534368589,8.83289001416474,3,4.58496250072116,9.03342300153745,1,7.56985560833095,1,2,6.6724253419715,7.2667865406949,2.58496250072116,11.1786648510065,3.32192809488736,11.0914353863236,12.4691330198296,11.1137421660492,10.791162888555,7.49185309632967,10.1241213118292,11.5536292939164,1,4.70043971814109,7.78135971352466,14.3886900272743,3.58496250072116,10.3219280948874,2.58496250072116,5.8073549220576,1,7.61470984411521,3,5.52356195605701,1,1,1,1,5.39231742277876,10.5077946401987,7.88264304936184,1,1,1,8.96000193206808,3.58496250072116,12.6325408765469,8.33985000288462,1,9.55074678538324,2,"1"
"TCGA.56.7579.01A",5.08746284125034,9.96866679319521,1,13.0375469539622,7.53915881110803,10.4532706340106,5.39231742277876,10.3663222142458,4.90689059560852,9.35755200461808,2,12.6882503091332,4.16992500144231,15.5692622729161,14.9112047099772,11.2143191208008,3,7.75488750216347,11.1799090900149,4.70043971814109,5.16992500144231,2.58496250072116,3.8073549220576,13.4878400338231,10.1497471195047,1,8.2667865406949,11.4167975276061,10.8780509127285,6.4262647547021,7.79441586635011,2,9.19967234483636,7.22881869049588,16.4841935285318,1,1,2,12.7731392067197,13.9059510351449,3,9.68650052718322,5.52356195605701,4.32192809488736,5.32192809488736,13.4146852358072,3.8073549220576,1,2,11.6626683755175,7.55458885167764,1,10.3793783670713,3.32192809488736,1,2.58496250072116,5,1,7.8703647195834,2,3,6.78135971352466,2.58496250072116,12.2008986050384,4,5.39231742277876,5.39231742277876,4.90689059560852,5.95419631038687,1,3.58496250072116,3,1,5.32192809488736,1,6.8073549220576,13.0063260785249,12.595257481449,2,2.58496250072116,1,9.51175265376738,2,3.58496250072116,6.55458885167764,1,1,3.32192809488736,2,1,10.4387918525783,7.4093909361377,2.58496250072116,3,9.5077946401987,1,4.58496250072116,1,1,9.76818432477693,10.0140204703149,14.8918786142437,11.103287808412,3.32192809488736,10.7879025593914,11.4304525516655,9.78135971352466,4.16992500144231,2,8.16992500144231,11.3264294871223,5.08746284125034,4.4594316186373,5.08746284125034,6.97727992349992,1,10.0140204703149,3.32192809488736,5.16992500144231,1,12.3923174227788,1,10.4655664048094,7.4093909361377,2,1,5.75488750216347,2.58496250072116,10.1749256825007,8.04439411935845,1,13.4599438483749,9.85798099512757,8.10852445677817,1,12.2246046815385,4.58496250072116,11.3750394313469,2,5.08746284125034,"1"
"TCGA.39.5039.01A",8.38370429247405,3.8073549220576,5.32192809488736,8.91886323727459,10.753216749179,12.4424251933316,3.8073549220576,17.3082501389545,3.8073549220576,2,2.58496250072116,6.90689059560852,1,10.1137421660492,11.6741922681457,13.1337844091799,2.58496250072116,8.89481776330794,12.0216740428584,6.90689059560852,4.70043971814109,5,8.60733031374961,4.16992500144231,8.49984588708321,3.58496250072116,8.83289001416474,4.32192809488736,10.4838157772643,4.70043971814109,8.72109918870719,3.32192809488736,7.4594316186373,8.83920378809694,6.52356195605701,2,2,7.65821148275179,15.0030786419286,3.58496250072116,3.32192809488736,8.19967234483637,9.31741261376487,3.32192809488736,5.32192809488736,14.602698865018,1,3.32192809488736,2,12.8265484872909,6.24792751344359,5.52356195605701,8.25738784269265,6.64385618977472,1,3.58496250072116,3.32192809488736,1,5.52356195605701,1,6.70043971814109,3.58496250072116,2,15.085057450393,2,3.8073549220576,4,7.02236781302845,2,6.58496250072116,7.14974711950468,1,1,1,1,4.90689059560852,11.8788172846142,8.69348695749932,3,1,2,9.40087943628218,1,1,6.61470984411521,1,1,1,3,1,11.9091430473399,7.6724253419715,7.16992500144231,5.39231742277876,9.5077946401987,1,1,4.8073549220576,1,8.32192809488736,5.95419631038687,7.76818432477693,6.4594316186373,4.70043971814109,11.9285183752579,11.6202198255075,9.68999797141945,8.99435343685886,5.95419631038687,11.3286749273279,11.0914353863236,6.52356195605701,9.66533591718518,5.24792751344359,15.1128467141683,7.65821148275179,8.64385618977472,4,1,1,9.7515440590891,4,7.2667865406949,5.70043971814109,4.70043971814109,1,1,7.4093909361377,8.91288933622996,8.96000193206808,1,3,3.32192809488736,6.04439411935845,2.58496250072116,15.5015262257372,8,5.75488750216347,1,7.4093909361377,"1"
"TCGA.43.8118.01A",9.04439411935845,6.32192809488736,5.90689059560852,11.0265234425198,11.0927571409199,12.2520740427962,6.95419631038687,15.9305987523617,6.95419631038687,4.70043971814109,4.16992500144231,11.2070143201775,1,10.7632123668144,12.8205778826558,13.3151495622563,3,7.75488750216347,12.8818787076004,7.90689059560852,3.8073549220576,8.59991284218713,4.4594316186373,8.28540221886225,7.84549005094437,6.52356195605701,8.94251450533924,8.8703647195834,11.237209960755,5.52356195605701,6.16992500144231,2.58496250072116,8.4594316186373,9.55458885167764,14.2947643220659,1,1,1,12.2395985292491,4.8073549220576,3.32192809488736,6.04439411935845,10.5449644327892,4.70043971814109,6,14.4426843678658,3,4.70043971814109,1,5.39231742277876,6.75488750216347,2,7.39231742277876,5.32192809488736,1,2.58496250072116,3.8073549220576,1,7.75488750216347,3,8.3037807481771,4,3,14.6016547368418,2.58496250072116,6.52356195605701,1,5,5,1,1,3,1,2.58496250072116,2,9.08746284125034,7.4594316186373,9.43879185257826,4.32192809488736,3,3,11.1111356702347,5.16992500144231,2,8.93073733756289,1,1,4.8073549220576,4.90689059560852,1,12.7351328841399,9.97154355395077,2,1,9.64745842645492,5.08746284125034,4.16992500144231,2,3.32192809488736,8.8073549220576,9.07681559705083,12.1208858427878,4.4594316186373,4.90689059560852,13.8380220583045,11.6786001390995,10.4573808790725,9.01680828768655,1,10.6653359171852,11.5468944598876,8.57742882803575,7.4093909361377,7.20945336562895,12.115693952197,7.59991284218713,10.0874628412503,4.32192809488736,2.58496250072116,1,11.8680508537452,1,6.4594316186373,5.08746284125034,1,3,8.62935662007961,7.71424551766612,10.2737955992143,8.72109918870719,1,9.75488750216347,7.95419631038687,6.93073733756289,5.52356195605701,14.4465664090661,5.85798099512757,9.87344411251538,1,2,"1"
"TCGA.18.3406.01A",5.16992500144231,3,1,12.333714426094,7.97727992349992,9.94544383637791,6.04439411935845,11.8336807486547,9.41362792902417,4.8073549220576,5,8.88874324889826,1,8.27612440527424,11.4262647547021,10.9248125036058,1,8.14974711950468,12.0188956211216,8.09803208296053,6.70043971814109,4.32192809488736,6.55458885167764,4.32192809488736,6.24792751344359,5.16992500144231,8.63662462054365,7.91886323727459,10.5830827675029,4,7.58496250072116,5.70043971814109,3.8073549220576,6.39231742277876,14.6028148326271,1,5.64385618977472,1,13.4239037658366,9.3037807481771,3.32192809488736,7.62935662007961,9.22881869049588,3,5,13.8769005910403,2,1,1,4.90689059560852,7.90689059560852,1,8.62205181945638,6.28540221886225,1,2,5.70043971814109,1,7.53915881110803,1,5.75488750216347,5.24792751344359,2,9.23840473932508,4,1,2,6.35755200461808,2,1,5.64385618977472,5.24792751344359,1,2,4,4.16992500144231,11.6706562491184,11.1922928144708,2,2.58496250072116,2.58496250072116,8.15987133677839,1,3.8073549220576,7.79441586635011,2,1,2.58496250072116,4.90689059560852,1,12.0457596613827,7.4262647547021,1,2.58496250072116,8.72109918870719,2,4.8073549220576,1,2.58496250072116,7.88264304936184,7.74146698640115,13.5660540381711,4,4.58496250072116,11.12153351734,10.2969162068793,8.4262647547021,7.4594316186373,3,9.69348695749933,10.7142455176661,2.58496250072116,6.8073549220576,4.16992500144231,12.2963426846929,5.52356195605701,9.25266543245025,2.58496250072116,1,1,10.6899979714194,3,5.95419631038687,2,1,1,1,6.61470984411521,8.8008998999203,8.49185309632967,1,5.58496250072116,3.32192809488736,7.14974711950468,3,12.6197614632984,4.32192809488736,4.4594316186373,1,5.16992500144231,"1"
